#VRML V2.0 utf8
DEF TXFM_1 Transform {
  center 0 0 0
  rotation 0 0 1 0
  scale 0.00254 0.00254 0.00254
  scaleOrientation 0 0 1 0
  translation 0 0 0
 children [
DEF TXFM_2 Transform {
  center 0 0 0
  rotation 0 0 1 0
  scale 1 1 1
  scaleOrientation 0 0 1 0
  translation 0 0 0
 children [
DEF SHAPE_1 Shape {
 appearance DEF APP_1 Appearance {
  material Material {
   ambientIntensity 1
   diffuseColor 0 0 0
   emissiveColor 0 0 0
   shininess 0.0099999998
   specularColor 0.1 0.1 0.1
   transparency 0
} }
 geometry DEF FACE_1 IndexedFaceSet {
  coord DEF COORD_1 Coordinate { point [
  21.606712 -45.493023 0.31003937,21.625984 -45.500038 0.31003937,
  21.641696 -45.513221 0.31003937,21.65195 -45.530983 0.31003937,
  21.655512 -45.551181 0.31003937,21.65195 -45.571379 0.31003937,
  21.641696 -45.589141 0.31003937,21.625984 -45.602324 0.31003937,
  21.606712 -45.609339 0.31003937,21.586202 -45.609339 0.31003937,
  21.566929 -45.602324 0.31003937,21.551218 -45.589141 0.31003937,
  21.540963 -45.571379 0.31003937,21.537402 -45.551181 0.31003937,
  21.540963 -45.530983 0.31003937,21.551218 -45.513221 0.31003937,
  21.566929 -45.500038 0.31003937,21.586202 -45.493023 0.31003937,
  21.537402 -34.92126 0.31003937,21.540963 -34.901062 0.31003937,
  21.551218 -34.8833 0.31003937,21.566929 -34.870117 0.31003937,
  21.586202 -34.863102 0.31003937,21.606712 -34.863102 0.31003937,
  21.625984 -34.870117 0.31003937,21.641696 -34.8833 0.31003937,
  21.65195 -34.901062 0.31003937,21.655512 -34.92126 0.31003937,
  21.65195 -34.941458 0.31003937,21.641696 -34.95922 0.31003937,
  21.625984 -34.972403 0.31003937,21.606712 -34.979418 0.31003937,
  21.586202 -34.979418 0.31003937,21.566929 -34.972403 0.31003937,
  21.551218 -34.95922 0.31003937,21.540963 -34.941458 0.31003937,
  20.655512 -34.92126 0.31003937,20.65195 -34.941458 0.31003937,
  20.641696 -34.95922 0.31003937,20.625984 -34.972403 0.31003937,
  20.606712 -34.979418 0.31003937,20.586202 -34.979418 0.31003937,
  20.566929 -34.972403 0.31003937,20.551218 -34.95922 0.31003937,
  20.540963 -34.941458 0.31003937,20.537402 -34.92126 0.31003937,
  20.540963 -34.901062 0.31003937,20.551218 -34.8833 0.31003937,
  20.566929 -34.870117 0.31003937,20.586202 -34.863102 0.31003937,
  20.606712 -34.863102 0.31003937,20.625984 -34.870117 0.31003937,
  20.641696 -34.8833 0.31003937,20.65195 -34.901062 0.31003937,
  21.474409 -43.976378 0.31003937,21.477971 -43.95618 0.31003937,
  21.488226 -43.938418 0.31003937,21.503937 -43.925235 0.31003937,
  21.52321 -43.91822 0.31003937,21.543719 -43.91822 0.31003937,
  21.562992 -43.925235 0.31003937,21.578703 -43.938418 0.31003937,
  21.588958 -43.95618 0.31003937,21.59252 -43.976378 0.31003937,
  21.588958 -43.996576 0.31003937,21.578703 -44.014338 0.31003937,
  21.562992 -44.027521 0.31003937,21.543719 -44.034536 0.31003937,
  21.52321 -44.034536 0.31003937,21.503937 -44.027521 0.31003937,
  21.488226 -44.014338 0.31003937,21.477971 -43.996576 0.31003937,
  24.537402 -45.551181 0.31003937,24.540963 -45.530983 0.31003937,
  24.551218 -45.513221 0.31003937,24.566929 -45.500038 0.31003937,
  24.586202 -45.493023 0.31003937,24.606712 -45.493023 0.31003937,
  24.625984 -45.500038 0.31003937,24.641696 -45.513221 0.31003937,
  24.65195 -45.530983 0.31003937,24.655512 -45.551181 0.31003937,
  24.65195 -45.571379 0.31003937,24.641696 -45.589141 0.31003937,
  24.625984 -45.602324 0.31003937,24.606712 -45.609339 0.31003937,
  24.586202 -45.609339 0.31003937,24.566929 -45.602324 0.31003937,
  24.551218 -45.589141 0.31003937,24.540963 -45.571379 0.31003937,
  29.190945 -40.314961 0.31003937,29.194506 -40.294763 0.31003937,
  29.204761 -40.277001 0.31003937,29.220472 -40.263817 0.31003937,
  29.239745 -40.256803 0.31003937,29.260255 -40.256803 0.31003937,
  29.279528 -40.263817 0.31003937,29.295239 -40.277001 0.31003937,
  29.305494 -40.294763 0.31003937,29.309055 -40.314961 0.31003937,
  29.305494 -40.335159 0.31003937,29.295239 -40.352921 0.31003937,
  29.279528 -40.366104 0.31003937,29.260255 -40.373119 0.31003937,
  29.239745 -40.373119 0.31003937,29.220472 -40.366104 0.31003937,
  29.204761 -40.352921 0.31003937,29.194506 -40.335159 0.31003937,
  22.557087 -40.255906 0.31003937,22.560648 -40.235707 0.31003937,
  22.570903 -40.217946 0.31003937,22.586614 -40.204762 0.31003937,
  22.605887 -40.197748 0.31003937,22.626397 -40.197748 0.31003937,
  22.645669 -40.204762 0.31003937,22.661381 -40.217946 0.31003937,
  22.671635 -40.235707 0.31003937,22.675197 -40.255906 0.31003937,
  22.671635 -40.276104 0.31003937,22.661381 -40.293865 0.31003937,
  22.645669 -40.307049 0.31003937,22.626397 -40.314063 0.31003937,
  22.605887 -40.314063 0.31003937,22.586614 -40.307049 0.31003937,
  22.570903 -40.293865 0.31003937,22.560648 -40.276104 0.31003937,
  23.655512 -34.92126 0.31003937,23.65195 -34.941458 0.31003937,
  23.641696 -34.95922 0.31003937,23.625984 -34.972403 0.31003937,
  23.606712 -34.979418 0.31003937,23.586202 -34.979418 0.31003937,
  23.566929 -34.972403 0.31003937,23.551218 -34.95922 0.31003937,
  23.540963 -34.941458 0.31003937,23.537402 -34.92126 0.31003937,
  23.540963 -34.901062 0.31003937,23.551218 -34.8833 0.31003937,
  23.566929 -34.870117 0.31003937,23.586202 -34.863102 0.31003937,
  23.606712 -34.863102 0.31003937,23.625984 -34.870117 0.31003937,
  23.641696 -34.8833 0.31003937,23.65195 -34.901062 0.31003937,
  23.531084 -36.318 0.31003937,23.511811 -36.310986 0.31003937,
  23.4961 -36.297802 0.31003937,23.485845 -36.280041 0.31003937,
  23.482283 -36.259843 0.31003937,23.485845 -36.239644 0.31003937,
  23.4961 -36.221883 0.31003937,23.511811 -36.208699 0.31003937,
  23.531084 -36.201685 0.31003937,23.551593 -36.201685 0.31003937,
  23.570866 -36.208699 0.31003937,23.586577 -36.221883 0.31003937,
  23.596832 -36.239644 0.31003937,23.600394 -36.259843 0.31003937,
  23.596832 -36.280041 0.31003937,23.586577 -36.297802 0.31003937,
  23.570866 -36.310986 0.31003937,23.551593 -36.318 0.31003937,
  23.537402 -45.551181 0.31003937,23.540963 -45.530983 0.31003937,
  23.551218 -45.513221 0.31003937,23.566929 -45.500038 0.31003937,
  23.586202 -45.493023 0.31003937,23.606712 -45.493023 0.31003937,
  23.625984 -45.500038 0.31003937,23.641696 -45.513221 0.31003937,
  23.65195 -45.530983 0.31003937,23.655512 -45.551181 0.31003937,
  23.65195 -45.571379 0.31003937,23.641696 -45.589141 0.31003937,
  23.625984 -45.602324 0.31003937,23.606712 -45.609339 0.31003937,
  23.586202 -45.609339 0.31003937,23.566929 -45.602324 0.31003937,
  23.551218 -45.589141 0.31003937,23.540963 -45.571379 0.31003937,
  28.260255 -45.493023 0.31003937,28.279528 -45.500038 0.31003937,
  28.295239 -45.513221 0.31003937,28.305494 -45.530983 0.31003937,
  28.309055 -45.551181 0.31003937,28.305494 -45.571379 0.31003937,
  28.295239 -45.589141 0.31003937,28.279528 -45.602324 0.31003937,
  28.260255 -45.609339 0.31003937,28.239745 -45.609339 0.31003937,
  28.220472 -45.602324 0.31003937,28.204761 -45.589141 0.31003937,
  28.194506 -45.571379 0.31003937,28.190945 -45.551181 0.31003937,
  28.194506 -45.530983 0.31003937,28.204761 -45.513221 0.31003937,
  28.220472 -45.500038 0.31003937,28.239745 -45.493023 0.31003937,
  28.190945 -34.92126 0.31003937,28.194506 -34.901062 0.31003937,
  28.204761 -34.8833 0.31003937,28.220472 -34.870117 0.31003937,
  28.239745 -34.863102 0.31003937,28.260255 -34.863102 0.31003937,
  28.279528 -34.870117 0.31003937,28.295239 -34.8833 0.31003937,
  28.305494 -34.901062 0.31003937,28.309055 -34.92126 0.31003937,
  28.305494 -34.941458 0.31003937,28.295239 -34.95922 0.31003937,
  28.279528 -34.972403 0.31003937,28.260255 -34.979418 0.31003937,
  28.239745 -34.979418 0.31003937,28.220472 -34.972403 0.31003937,
  28.204761 -34.95922 0.31003937,28.194506 -34.941458 0.31003937,
  27.309055 -34.92126 0.31003937,27.305494 -34.941458 0.31003937,
  27.295239 -34.95922 0.31003937,27.279528 -34.972403 0.31003937,
  27.260255 -34.979418 0.31003937,27.239745 -34.979418 0.31003937,
  27.220472 -34.972403 0.31003937,27.204761 -34.95922 0.31003937,
  27.194506 -34.941458 0.31003937,27.190945 -34.92126 0.31003937,
  27.194506 -34.901062 0.31003937,27.204761 -34.8833 0.31003937,
  27.220472 -34.870117 0.31003937,27.239745 -34.863102 0.31003937,
  27.260255 -34.863102 0.31003937,27.279528 -34.870117 0.31003937,
  27.295239 -34.8833 0.31003937,27.305494 -34.901062 0.31003937,
  28.127953 -44.015748 0.31003937,28.131514 -43.99555 0.31003937,
  28.141769 -43.977788 0.31003937,28.15748 -43.964605 0.31003937,
  28.176753 -43.95759 0.31003937,28.197263 -43.95759 0.31003937,
  28.216535 -43.964605 0.31003937,28.232247 -43.977788 0.31003937,
  28.242502 -43.99555 0.31003937,28.246063 -44.015748 0.31003937,
  28.242502 -44.035946 0.31003937,28.232247 -44.053708 0.31003937,
  28.216535 -44.066891 0.31003937,28.197263 -44.073906 0.31003937,
  28.176753 -44.073906 0.31003937,28.15748 -44.066891 0.31003937,
  28.141769 -44.053708 0.31003937,28.131514 -44.035946 0.31003937,
  31.375984 -46.299213 0.31003937,31.442335 -46.298424 0.31003937,
  31.574222 -46.283771 0.31003937,31.703636 -46.254428 0.31003937,
  31.828945 -46.210764 0.31003937,31.948571 -46.15333 0.31003937,
  32.061006 -46.082851 0.31003937,32.164833 -46.000213 0.31003937,
  32.258743 -45.906459 0.31003937,32.341554 -45.80277 0.31003937,
  32.41222 -45.690454 0.31003937,32.469853 -45.570923 0.31003937,
  32.513726 -45.445687 0.31003937,32.543285 -45.316322 0.31003937,
  32.558158 -45.184459 0.31003937,32.559055 -45.11811 0.31003937,
  32.559055 -35.354331 0.31003937,32.558126 -35.288054 0.31003937,
  32.543285 -35.156333 0.31003937,32.513789 -35.027102 0.31003937,
  32.470009 -34.901986 0.31003937,32.412496 -34.782559 0.31003937,
  32.341972 -34.670322 0.31003937,32.259326 -34.566687 0.31003937,
  32.165596 -34.472957 0.31003937,32.061961 -34.390311 0.31003937,
  31.949724 -34.319788 0.31003937,31.830297 -34.262275 0.31003937,
  31.705181 -34.218495 0.31003937,31.575951 -34.188999 0.31003937,
  31.44423 -34.174157 0.31003937,31.377953 -34.173228 0.31003937,
  26.612205 -34.173228 0.31003937,26.57236 -34.218217 0.31003937,
  26.482789 -34.298341 0.31003937,26.383426 -34.365941 0.31003937,
  26.276009 -34.419832 0.31003937,26.162418 -34.459074 0.31003937,
  26.044641 -34.482978 0.31003937,25.924739 -34.491127 0.31003937,
  25.804811 -34.483377 0.31003937,25.686956 -34.459865 0.31003937,
  25.573235 -34.421002 0.31003937,25.465639 -34.367467 0.31003937,
  25.366052 -34.300199 0.31003937,25.276215 -34.220373 0.31003937,
  25.23622 -34.175517 0.31003937,20.472441 -34.173228 0.31003937,
  20.406164 -34.174157 0.31003937,20.274443 -34.188999 0.31003937,
  20.145212 -34.218495 0.31003937,20.020096 -34.262275 0.31003937,
  19.900669 -34.319788 0.31003937,19.788432 -34.390311 0.31003937,
  19.684797 -34.472957 0.31003937,19.591067 -34.566687 0.31003937,
  19.508421 -34.670322 0.31003937,19.437898 -34.782559 0.31003937,
  19.380385 -34.901986 0.31003937,19.336605 -35.027102 0.31003937,
  19.307109 -35.156333 0.31003937,19.292268 -35.288054 0.31003937,
  19.291339 -35.354331 0.31003937,19.291339 -45.11811 0.31003937,
  19.292268 -45.184387 0.31003937,19.307109 -45.316108 0.31003937,
  19.336605 -45.445339 0.31003937,19.380385 -45.570455 0.31003937,
  19.437898 -45.689882 0.31003937,19.508421 -45.802119 0.31003937,
  19.591067 -45.905754 0.31003937,19.684797 -45.999484 0.31003937,
  19.788432 -46.08213 0.31003937,19.900669 -46.152653 0.31003937,
  20.020096 -46.210166 0.31003937,20.145212 -46.253946 0.31003937,
  20.274443 -46.283442 0.31003937,20.406164 -46.298283 0.31003937,
  20.472441 -46.299213 0.31003937,25.23622 -46.299213 0.31003937,
  25.276065 -46.254223 0.31003937,25.365636 -46.1741 0.31003937,
  25.465 -46.1065 0.31003937,25.572417 -46.052608 0.31003937,
  25.686007 -46.013367 0.31003937,25.803784 -45.989463 0.31003937,
  25.923686 -45.981314 0.31003937,26.043614 -45.989064 0.31003937,
  26.161469 -46.012576 0.31003937,26.27519 -46.051439 0.31003937,
  26.382786 -46.104974 0.31003937,26.482374 -46.172242 0.31003937,
  26.572211 -46.252067 0.31003937,26.612205 -46.296924 0.31003937,
  30.309055 -34.92126 0.31003937,30.305494 -34.941458 0.31003937,
  30.295239 -34.95922 0.31003937,30.279528 -34.972403 0.31003937,
  30.260255 -34.979418 0.31003937,30.239745 -34.979418 0.31003937,
  30.220472 -34.972403 0.31003937,30.204761 -34.95922 0.31003937,
  30.194506 -34.941458 0.31003937,30.190945 -34.92126 0.31003937,
  30.194506 -34.901062 0.31003937,30.204761 -34.8833 0.31003937,
  30.220472 -34.870117 0.31003937,30.239745 -34.863102 0.31003937,
  30.260255 -34.863102 0.31003937,30.279528 -34.870117 0.31003937,
  30.295239 -34.8833 0.31003937,30.305494 -34.901062 0.31003937,
  30.184627 -36.396741 0.31003937,30.165354 -36.389726 0.31003937,
  30.149643 -36.376543 0.31003937,30.139388 -36.358781 0.31003937,
  30.135827 -36.338583 0.31003937,30.139388 -36.318385 0.31003937,
  30.149643 -36.300623 0.31003937,30.165354 -36.287439 0.31003937,
  30.184627 -36.280425 0.31003937,30.205137 -36.280425 0.31003937,
  30.224409 -36.287439 0.31003937,30.240121 -36.300623 0.31003937,
  30.250376 -36.318385 0.31003937,30.253937 -36.338583 0.31003937,
  30.250376 -36.358781 0.31003937,30.240121 -36.376543 0.31003937,
  30.224409 -36.389726 0.31003937,30.205137 -36.396741 0.31003937,
  30.190945 -45.551181 0.31003937,30.194506 -45.530983 0.31003937,
  30.204761 -45.513221 0.31003937,30.220472 -45.500038 0.31003937,
  30.239745 -45.493023 0.31003937,30.260255 -45.493023 0.31003937,
  30.279528 -45.500038 0.31003937,30.295239 -45.513221 0.31003937,
  30.305494 -45.530983 0.31003937,30.309055 -45.551181 0.31003937,
  30.305494 -45.571379 0.31003937,30.295239 -45.589141 0.31003937,
  30.279528 -45.602324 0.31003937,30.260255 -45.609339 0.31003937,
  30.239745 -45.609339 0.31003937,30.220472 -45.602324 0.31003937,
  30.204761 -45.589141 0.31003937,30.194506 -45.571379 0.31003937,
  31.190945 -45.551181 0.31003937,31.194506 -45.530983 0.31003937,
  31.204761 -45.513221 0.31003937,31.220472 -45.500038 0.31003937,
  31.239745 -45.493023 0.31003937,31.260255 -45.493023 0.31003937,
  31.279528 -45.500038 0.31003937,31.295239 -45.513221 0.31003937,
  31.305494 -45.530983 0.31003937,31.309055 -45.551181 0.31003937,
  31.305494 -45.571379 0.31003937,31.295239 -45.589141 0.31003937,
  31.279528 -45.602324 0.31003937,31.260255 -45.609339 0.31003937,
  31.239745 -45.609339 0.31003937,31.220472 -45.602324 0.31003937,
  31.204761 -45.589141 0.31003937,31.194506 -45.571379 0.31003937,
  21.606712 -45.493023 -0.31003937,21.625984 -45.500038 -0.31003937,
  21.641696 -45.513221 -0.31003937,21.65195 -45.530983 -0.31003937,
  21.655512 -45.551181 -0.31003937,21.65195 -45.571379 -0.31003937,
  21.641696 -45.589141 -0.31003937,21.625984 -45.602324 -0.31003937,
  21.606712 -45.609339 -0.31003937,21.586202 -45.609339 -0.31003937,
  21.566929 -45.602324 -0.31003937,21.551218 -45.589141 -0.31003937,
  21.540963 -45.571379 -0.31003937,21.537402 -45.551181 -0.31003937,
  21.540963 -45.530983 -0.31003937,21.551218 -45.513221 -0.31003937,
  21.566929 -45.500038 -0.31003937,21.586202 -45.493023 -0.31003937,
  21.537402 -34.92126 -0.31003937,21.540963 -34.901062 -0.31003937,
  21.551218 -34.8833 -0.31003937,21.566929 -34.870117 -0.31003937,
  21.586202 -34.863102 -0.31003937,21.606712 -34.863102 -0.31003937,
  21.625984 -34.870117 -0.31003937,21.641696 -34.8833 -0.31003937,
  21.65195 -34.901062 -0.31003937,21.655512 -34.92126 -0.31003937,
  21.65195 -34.941458 -0.31003937,21.641696 -34.95922 -0.31003937,
  21.625984 -34.972403 -0.31003937,21.606712 -34.979418 -0.31003937,
  21.586202 -34.979418 -0.31003937,21.566929 -34.972403 -0.31003937,
  21.551218 -34.95922 -0.31003937,21.540963 -34.941458 -0.31003937,
  20.655512 -34.92126 -0.31003937,20.65195 -34.941458 -0.31003937,
  20.641696 -34.95922 -0.31003937,20.625984 -34.972403 -0.31003937,
  20.606712 -34.979418 -0.31003937,20.586202 -34.979418 -0.31003937,
  20.566929 -34.972403 -0.31003937,20.551218 -34.95922 -0.31003937,
  20.540963 -34.941458 -0.31003937,20.537402 -34.92126 -0.31003937,
  20.540963 -34.901062 -0.31003937,20.551218 -34.8833 -0.31003937,
  20.566929 -34.870117 -0.31003937,20.586202 -34.863102 -0.31003937,
  20.606712 -34.863102 -0.31003937,20.625984 -34.870117 -0.31003937,
  20.641696 -34.8833 -0.31003937,20.65195 -34.901062 -0.31003937,
  21.474409 -43.976378 -0.31003937,21.477971 -43.95618 -0.31003937,
  21.488226 -43.938418 -0.31003937,21.503937 -43.925235 -0.31003937,
  21.52321 -43.91822 -0.31003937,21.543719 -43.91822 -0.31003937,
  21.562992 -43.925235 -0.31003937,21.578703 -43.938418 -0.31003937,
  21.588958 -43.95618 -0.31003937,21.59252 -43.976378 -0.31003937,
  21.588958 -43.996576 -0.31003937,21.578703 -44.014338 -0.31003937,
  21.562992 -44.027521 -0.31003937,21.543719 -44.034536 -0.31003937,
  21.52321 -44.034536 -0.31003937,21.503937 -44.027521 -0.31003937,
  21.488226 -44.014338 -0.31003937,21.477971 -43.996576 -0.31003937,
  24.537402 -45.551181 -0.31003937,24.540963 -45.530983 -0.31003937,
  24.551218 -45.513221 -0.31003937,24.566929 -45.500038 -0.31003937,
  24.586202 -45.493023 -0.31003937,24.606712 -45.493023 -0.31003937,
  24.625984 -45.500038 -0.31003937,24.641696 -45.513221 -0.31003937,
  24.65195 -45.530983 -0.31003937,24.655512 -45.551181 -0.31003937,
  24.65195 -45.571379 -0.31003937,24.641696 -45.589141 -0.31003937,
  24.625984 -45.602324 -0.31003937,24.606712 -45.609339 -0.31003937,
  24.586202 -45.609339 -0.31003937,24.566929 -45.602324 -0.31003937,
  24.551218 -45.589141 -0.31003937,24.540963 -45.571379 -0.31003937,
  29.190945 -40.314961 -0.31003937,29.194506 -40.294763 -0.31003937,
  29.204761 -40.277001 -0.31003937,29.220472 -40.263817 -0.31003937,
  29.239745 -40.256803 -0.31003937,29.260255 -40.256803 -0.31003937,
  29.279528 -40.263817 -0.31003937,29.295239 -40.277001 -0.31003937,
  29.305494 -40.294763 -0.31003937,29.309055 -40.314961 -0.31003937,
  29.305494 -40.335159 -0.31003937,29.295239 -40.352921 -0.31003937,
  29.279528 -40.366104 -0.31003937,29.260255 -40.373119 -0.31003937,
  29.239745 -40.373119 -0.31003937,29.220472 -40.366104 -0.31003937,
  29.204761 -40.352921 -0.31003937,29.194506 -40.335159 -0.31003937,
  22.557087 -40.255906 -0.31003937,22.560648 -40.235707 -0.31003937,
  22.570903 -40.217946 -0.31003937,22.586614 -40.204762 -0.31003937,
  22.605887 -40.197748 -0.31003937,22.626397 -40.197748 -0.31003937,
  22.645669 -40.204762 -0.31003937,22.661381 -40.217946 -0.31003937,
  22.671635 -40.235707 -0.31003937,22.675197 -40.255906 -0.31003937,
  22.671635 -40.276104 -0.31003937,22.661381 -40.293865 -0.31003937,
  22.645669 -40.307049 -0.31003937,22.626397 -40.314063 -0.31003937,
  22.605887 -40.314063 -0.31003937,22.586614 -40.307049 -0.31003937,
  22.570903 -40.293865 -0.31003937,22.560648 -40.276104 -0.31003937,
  23.655512 -34.92126 -0.31003937,23.65195 -34.941458 -0.31003937,
  23.641696 -34.95922 -0.31003937,23.625984 -34.972403 -0.31003937,
  23.606712 -34.979418 -0.31003937,23.586202 -34.979418 -0.31003937,
  23.566929 -34.972403 -0.31003937,23.551218 -34.95922 -0.31003937,
  23.540963 -34.941458 -0.31003937,23.537402 -34.92126 -0.31003937,
  23.540963 -34.901062 -0.31003937,23.551218 -34.8833 -0.31003937,
  23.566929 -34.870117 -0.31003937,23.586202 -34.863102 -0.31003937,
  23.606712 -34.863102 -0.31003937,23.625984 -34.870117 -0.31003937,
  23.641696 -34.8833 -0.31003937,23.65195 -34.901062 -0.31003937,
  23.531084 -36.318 -0.31003937,23.511811 -36.310986 -0.31003937,
  23.4961 -36.297802 -0.31003937,23.485845 -36.280041 -0.31003937,
  23.482283 -36.259843 -0.31003937,23.485845 -36.239644 -0.31003937,
  23.4961 -36.221883 -0.31003937,23.511811 -36.208699 -0.31003937,
  23.531084 -36.201685 -0.31003937,23.551593 -36.201685 -0.31003937,
  23.570866 -36.208699 -0.31003937,23.586577 -36.221883 -0.31003937,
  23.596832 -36.239644 -0.31003937,23.600394 -36.259843 -0.31003937,
  23.596832 -36.280041 -0.31003937,23.586577 -36.297802 -0.31003937,
  23.570866 -36.310986 -0.31003937,23.551593 -36.318 -0.31003937,
  23.537402 -45.551181 -0.31003937,23.540963 -45.530983 -0.31003937,
  23.551218 -45.513221 -0.31003937,23.566929 -45.500038 -0.31003937,
  23.586202 -45.493023 -0.31003937,23.606712 -45.493023 -0.31003937,
  23.625984 -45.500038 -0.31003937,23.641696 -45.513221 -0.31003937,
  23.65195 -45.530983 -0.31003937,23.655512 -45.551181 -0.31003937,
  23.65195 -45.571379 -0.31003937,23.641696 -45.589141 -0.31003937,
  23.625984 -45.602324 -0.31003937,23.606712 -45.609339 -0.31003937,
  23.586202 -45.609339 -0.31003937,23.566929 -45.602324 -0.31003937,
  23.551218 -45.589141 -0.31003937,23.540963 -45.571379 -0.31003937,
  28.260255 -45.493023 -0.31003937,28.279528 -45.500038 -0.31003937,
  28.295239 -45.513221 -0.31003937,28.305494 -45.530983 -0.31003937,
  28.309055 -45.551181 -0.31003937,28.305494 -45.571379 -0.31003937,
  28.295239 -45.589141 -0.31003937,28.279528 -45.602324 -0.31003937,
  28.260255 -45.609339 -0.31003937,28.239745 -45.609339 -0.31003937,
  28.220472 -45.602324 -0.31003937,28.204761 -45.589141 -0.31003937,
  28.194506 -45.571379 -0.31003937,28.190945 -45.551181 -0.31003937,
  28.194506 -45.530983 -0.31003937,28.204761 -45.513221 -0.31003937,
  28.220472 -45.500038 -0.31003937,28.239745 -45.493023 -0.31003937,
  28.190945 -34.92126 -0.31003937,28.194506 -34.901062 -0.31003937,
  28.204761 -34.8833 -0.31003937,28.220472 -34.870117 -0.31003937,
  28.239745 -34.863102 -0.31003937,28.260255 -34.863102 -0.31003937,
  28.279528 -34.870117 -0.31003937,28.295239 -34.8833 -0.31003937,
  28.305494 -34.901062 -0.31003937,28.309055 -34.92126 -0.31003937,
  28.305494 -34.941458 -0.31003937,28.295239 -34.95922 -0.31003937,
  28.279528 -34.972403 -0.31003937,28.260255 -34.979418 -0.31003937,
  28.239745 -34.979418 -0.31003937,28.220472 -34.972403 -0.31003937,
  28.204761 -34.95922 -0.31003937,28.194506 -34.941458 -0.31003937,
  27.309055 -34.92126 -0.31003937,27.305494 -34.941458 -0.31003937,
  27.295239 -34.95922 -0.31003937,27.279528 -34.972403 -0.31003937,
  27.260255 -34.979418 -0.31003937,27.239745 -34.979418 -0.31003937,
  27.220472 -34.972403 -0.31003937,27.204761 -34.95922 -0.31003937,
  27.194506 -34.941458 -0.31003937,27.190945 -34.92126 -0.31003937,
  27.194506 -34.901062 -0.31003937,27.204761 -34.8833 -0.31003937,
  27.220472 -34.870117 -0.31003937,27.239745 -34.863102 -0.31003937,
  27.260255 -34.863102 -0.31003937,27.279528 -34.870117 -0.31003937,
  27.295239 -34.8833 -0.31003937,27.305494 -34.901062 -0.31003937,
  28.127953 -44.015748 -0.31003937,28.131514 -43.99555 -0.31003937,
  28.141769 -43.977788 -0.31003937,28.15748 -43.964605 -0.31003937,
  28.176753 -43.95759 -0.31003937,28.197263 -43.95759 -0.31003937,
  28.216535 -43.964605 -0.31003937,28.232247 -43.977788 -0.31003937,
  28.242502 -43.99555 -0.31003937,28.246063 -44.015748 -0.31003937,
  28.242502 -44.035946 -0.31003937,28.232247 -44.053708 -0.31003937,
  28.216535 -44.066891 -0.31003937,28.197263 -44.073906 -0.31003937,
  28.176753 -44.073906 -0.31003937,28.15748 -44.066891 -0.31003937,
  28.141769 -44.053708 -0.31003937,28.131514 -44.035946 -0.31003937,
  31.375984 -46.299213 -0.31003937,31.442335 -46.298424 -0.31003937,
  31.574222 -46.283771 -0.31003937,31.703636 -46.254428 -0.31003937,
  31.828945 -46.210764 -0.31003937,31.948571 -46.15333 -0.31003937,
  32.061006 -46.082851 -0.31003937,32.164833 -46.000213 -0.31003937,
  32.258743 -45.906459 -0.31003937,32.341554 -45.80277 -0.31003937,
  32.41222 -45.690454 -0.31003937,32.469853 -45.570923 -0.31003937,
  32.513726 -45.445687 -0.31003937,32.543285 -45.316322 -0.31003937,
  32.558158 -45.184459 -0.31003937,32.559055 -45.11811 -0.31003937,
  32.559055 -35.354331 -0.31003937,32.558126 -35.288054 -0.31003937,
  32.543285 -35.156333 -0.31003937,32.513789 -35.027102 -0.31003937,
  32.470009 -34.901986 -0.31003937,32.412496 -34.782559 -0.31003937,
  32.341972 -34.670322 -0.31003937,32.259326 -34.566687 -0.31003937,
  32.165596 -34.472957 -0.31003937,32.061961 -34.390311 -0.31003937,
  31.949724 -34.319788 -0.31003937,31.830297 -34.262275 -0.31003937,
  31.705181 -34.218495 -0.31003937,31.575951 -34.188999 -0.31003937,
  31.44423 -34.174157 -0.31003937,31.377953 -34.173228 -0.31003937,
  26.612205 -34.173228 -0.31003937,26.57236 -34.218217 -0.31003937,
  26.482789 -34.298341 -0.31003937,26.383426 -34.365941 -0.31003937,
  26.276009 -34.419832 -0.31003937,26.162418 -34.459074 -0.31003937,
  26.044641 -34.482978 -0.31003937,25.924739 -34.491127 -0.31003937,
  25.804811 -34.483377 -0.31003937,25.686956 -34.459865 -0.31003937,
  25.573235 -34.421002 -0.31003937,25.465639 -34.367467 -0.31003937,
  25.366052 -34.300199 -0.31003937,25.276215 -34.220373 -0.31003937,
  25.23622 -34.175517 -0.31003937,20.472441 -34.173228 -0.31003937,
  20.406164 -34.174157 -0.31003937,20.274443 -34.188999 -0.31003937,
  20.145212 -34.218495 -0.31003937,20.020096 -34.262275 -0.31003937,
  19.900669 -34.319788 -0.31003937,19.788432 -34.390311 -0.31003937,
  19.684797 -34.472957 -0.31003937,19.591067 -34.566687 -0.31003937,
  19.508421 -34.670322 -0.31003937,19.437898 -34.782559 -0.31003937,
  19.380385 -34.901986 -0.31003937,19.336605 -35.027102 -0.31003937,
  19.307109 -35.156333 -0.31003937,19.292268 -35.288054 -0.31003937,
  19.291339 -35.354331 -0.31003937,19.291339 -45.11811 -0.31003937,
  19.292268 -45.184387 -0.31003937,19.307109 -45.316108 -0.31003937,
  19.336605 -45.445339 -0.31003937,19.380385 -45.570455 -0.31003937,
  19.437898 -45.689882 -0.31003937,19.508421 -45.802119 -0.31003937,
  19.591067 -45.905754 -0.31003937,19.684797 -45.999484 -0.31003937,
  19.788432 -46.08213 -0.31003937,19.900669 -46.152653 -0.31003937,
  20.020096 -46.210166 -0.31003937,20.145212 -46.253946 -0.31003937,
  20.274443 -46.283442 -0.31003937,20.406164 -46.298283 -0.31003937,
  20.472441 -46.299213 -0.31003937,25.23622 -46.299213 -0.31003937,
  25.276065 -46.254223 -0.31003937,25.365636 -46.1741 -0.31003937,
  25.465 -46.1065 -0.31003937,25.572417 -46.052608 -0.31003937,
  25.686007 -46.013367 -0.31003937,25.803784 -45.989463 -0.31003937,
  25.923686 -45.981314 -0.31003937,26.043614 -45.989064 -0.31003937,
  26.161469 -46.012576 -0.31003937,26.27519 -46.051439 -0.31003937,
  26.382786 -46.104974 -0.31003937,26.482374 -46.172242 -0.31003937,
  26.572211 -46.252067 -0.31003937,26.612205 -46.296924 -0.31003937,
  30.309055 -34.92126 -0.31003937,30.305494 -34.941458 -0.31003937,
  30.295239 -34.95922 -0.31003937,30.279528 -34.972403 -0.31003937,
  30.260255 -34.979418 -0.31003937,30.239745 -34.979418 -0.31003937,
  30.220472 -34.972403 -0.31003937,30.204761 -34.95922 -0.31003937,
  30.194506 -34.941458 -0.31003937,30.190945 -34.92126 -0.31003937,
  30.194506 -34.901062 -0.31003937,30.204761 -34.8833 -0.31003937,
  30.220472 -34.870117 -0.31003937,30.239745 -34.863102 -0.31003937,
  30.260255 -34.863102 -0.31003937,30.279528 -34.870117 -0.31003937,
  30.295239 -34.8833 -0.31003937,30.305494 -34.901062 -0.31003937,
  30.184627 -36.396741 -0.31003937,30.165354 -36.389726 -0.31003937,
  30.149643 -36.376543 -0.31003937,30.139388 -36.358781 -0.31003937,
  30.135827 -36.338583 -0.31003937,30.139388 -36.318385 -0.31003937,
  30.149643 -36.300623 -0.31003937,30.165354 -36.287439 -0.31003937,
  30.184627 -36.280425 -0.31003937,30.205137 -36.280425 -0.31003937,
  30.224409 -36.287439 -0.31003937,30.240121 -36.300623 -0.31003937,
  30.250376 -36.318385 -0.31003937,30.253937 -36.338583 -0.31003937,
  30.250376 -36.358781 -0.31003937,30.240121 -36.376543 -0.31003937,
  30.224409 -36.389726 -0.31003937,30.205137 -36.396741 -0.31003937,
  30.190945 -45.551181 -0.31003937,30.194506 -45.530983 -0.31003937,
  30.204761 -45.513221 -0.31003937,30.220472 -45.500038 -0.31003937,
  30.239745 -45.493023 -0.31003937,30.260255 -45.493023 -0.31003937,
  30.279528 -45.500038 -0.31003937,30.295239 -45.513221 -0.31003937,
  30.305494 -45.530983 -0.31003937,30.309055 -45.551181 -0.31003937,
  30.305494 -45.571379 -0.31003937,30.295239 -45.589141 -0.31003937,
  30.279528 -45.602324 -0.31003937,30.260255 -45.609339 -0.31003937,
  30.239745 -45.609339 -0.31003937,30.220472 -45.602324 -0.31003937,
  30.204761 -45.589141 -0.31003937,30.194506 -45.571379 -0.31003937,
  31.190945 -45.551181 -0.31003937,31.194506 -45.530983 -0.31003937,
  31.204761 -45.513221 -0.31003937,31.220472 -45.500038 -0.31003937,
  31.239745 -45.493023 -0.31003937,31.260255 -45.493023 -0.31003937,
  31.279528 -45.500038 -0.31003937,31.295239 -45.513221 -0.31003937,
  31.305494 -45.530983 -0.31003937,31.309055 -45.551181 -0.31003937,
  31.305494 -45.571379 -0.31003937,31.295239 -45.589141 -0.31003937,
  31.279528 -45.602324 -0.31003937,31.260255 -45.609339 -0.31003937,
  31.239745 -45.609339 -0.31003937,31.220472 -45.602324 -0.31003937,
  31.204761 -45.589141 -0.31003937,31.194506 -45.571379 -0.31003937] }
 coordIndex [
  63,0,31,-1,31,0,1,-1,31,1,30,-1,30,1,2,-1,30,2,29,-1,29,2,3,-1,29,3,28,-1,28,3,4,-1,
  28,4,27,-1,27,4,108,-1,27,108,109,-1,63,31,62,-1,62,31,32,-1,62,32,61,-1,61,32,33,-1,61,33,60,-1,
  60,33,34,-1,60,34,59,-1,59,34,35,-1,59,35,18,-1,18,19,36,-1,18,36,54,-1,18,54,55,-1,18,55,56,-1,
  18,56,57,-1,18,57,58,-1,18,58,59,-1,13,14,67,-1,67,14,15,-1,67,15,66,-1,66,15,16,-1,66,16,65,-1,
  65,16,17,-1,65,17,64,-1,64,17,0,-1,64,0,63,-1,13,67,68,-1,13,68,69,-1,13,69,70,-1,13,70,71,-1,
  13,71,54,-1,13,54,36,-1,13,36,37,-1,13,37,38,-1,13,38,39,-1,13,39,40,-1,13,40,41,-1,13,41,42,-1,
  13,42,43,-1,13,43,44,-1,13,44,45,-1,13,45,330,-1,13,330,12,-1,157,167,130,-1,130,167,168,-1,130,168,129,-1,
  129,168,169,-1,129,169,128,-1,128,169,170,-1,128,170,127,-1,127,170,171,-1,127,171,126,-1,126,171,72,-1,126,72,298,-1,
  298,72,73,-1,298,73,74,-1,133,153,132,-1,132,153,154,-1,132,154,131,-1,131,154,155,-1,131,155,130,-1,130,155,156,-1,
  130,156,157,-1,151,152,135,-1,135,152,153,-1,135,153,134,-1,134,153,133,-1,224,225,193,-1,193,225,284,-1,193,284,345,-1,
  345,284,285,-1,345,285,344,-1,344,285,286,-1,344,286,343,-1,343,286,287,-1,343,287,342,-1,342,287,288,-1,342,288,341,-1,
  341,288,289,-1,341,289,340,-1,340,289,290,-1,340,290,339,-1,339,290,291,-1,339,291,338,-1,338,291,292,-1,338,292,337,-1,
  337,292,293,-1,337,293,336,-1,336,293,294,-1,336,294,335,-1,335,294,295,-1,335,295,334,-1,334,295,296,-1,334,296,333,-1,
  333,296,297,-1,333,297,332,-1,332,297,298,-1,332,298,331,-1,331,298,81,-1,331,81,82,-1,331,82,83,-1,331,83,84,-1,
  331,84,85,-1,331,85,86,-1,331,86,87,-1,331,87,88,-1,331,88,171,-1,331,171,172,-1,331,172,173,-1,331,173,174,-1,
  331,174,175,-1,331,175,176,-1,331,176,177,-1,331,177,4,-1,331,4,5,-1,331,5,6,-1,331,6,7,-1,331,7,8,-1,
  331,8,9,-1,331,9,330,-1,171,88,89,-1,171,89,72,-1,162,163,161,-1,162,161,144,-1,162,144,145,-1,162,145,146,-1,
  162,146,147,-1,162,147,148,-1,162,148,117,-1,162,117,118,-1,162,118,119,-1,162,119,120,-1,162,120,121,-1,162,121,122,-1,
  162,122,179,-1,179,122,123,-1,179,123,124,-1,179,124,125,-1,179,125,4,-1,179,4,178,-1,330,9,10,-1,330,10,11,-1,
  330,11,12,-1,45,299,330,-1,330,299,300,-1,330,300,329,-1,329,300,301,-1,329,301,328,-1,328,301,302,-1,328,302,327,-1,
  327,302,303,-1,327,303,326,-1,326,303,304,-1,326,304,325,-1,325,304,305,-1,325,305,324,-1,324,305,306,-1,324,306,323,-1,
  323,306,307,-1,323,307,322,-1,322,307,308,-1,322,308,321,-1,321,308,309,-1,321,309,320,-1,320,309,310,-1,320,310,319,-1,
  319,310,311,-1,319,311,318,-1,318,311,312,-1,318,312,317,-1,317,312,313,-1,317,313,316,-1,316,313,314,-1,316,314,315,-1,
  163,164,161,-1,161,164,165,-1,161,165,160,-1,160,165,166,-1,160,166,159,-1,159,166,167,-1,159,167,158,-1,158,167,157,-1,
  243,180,211,-1,211,180,181,-1,211,181,210,-1,210,181,182,-1,210,182,209,-1,209,182,183,-1,209,183,208,-1,208,183,184,-1,
  208,184,207,-1,207,184,90,-1,207,90,91,-1,243,211,242,-1,242,211,212,-1,242,212,241,-1,241,212,213,-1,241,213,240,-1,
  240,213,214,-1,240,214,239,-1,239,214,215,-1,239,215,198,-1,198,199,216,-1,198,216,234,-1,198,234,235,-1,198,235,236,-1,
  198,236,237,-1,198,237,238,-1,198,238,239,-1,193,194,247,-1,247,194,195,-1,247,195,246,-1,246,195,196,-1,246,196,245,-1,
  245,196,197,-1,245,197,244,-1,244,197,180,-1,244,180,243,-1,193,247,248,-1,193,248,249,-1,193,249,250,-1,193,250,251,-1,
  193,251,234,-1,193,234,216,-1,193,216,217,-1,193,217,218,-1,193,218,219,-1,193,219,220,-1,193,220,221,-1,193,221,222,-1,
  193,222,223,-1,193,223,224,-1,377,387,350,-1,350,387,388,-1,350,388,349,-1,349,388,389,-1,349,389,348,-1,348,389,390,-1,
  348,390,347,-1,347,390,391,-1,347,391,346,-1,346,391,400,-1,346,400,283,-1,283,400,401,-1,283,401,402,-1,353,373,352,-1,
  352,373,374,-1,352,374,351,-1,351,374,375,-1,351,375,350,-1,350,375,376,-1,350,376,377,-1,371,372,355,-1,355,372,373,-1,
  355,373,354,-1,354,373,353,-1,266,267,268,-1,266,268,269,-1,266,269,270,-1,266,270,265,-1,409,252,283,-1,283,252,253,-1,
  283,253,282,-1,282,253,254,-1,282,254,281,-1,281,254,255,-1,281,255,280,-1,280,255,256,-1,280,256,279,-1,279,256,257,-1,
  279,257,278,-1,278,257,258,-1,278,258,277,-1,277,258,259,-1,277,259,276,-1,276,259,260,-1,276,260,275,-1,275,260,261,-1,
  275,261,274,-1,274,261,262,-1,274,262,273,-1,273,262,263,-1,273,263,272,-1,272,263,264,-1,272,264,271,-1,271,264,265,-1,
  271,265,270,-1,283,402,403,-1,283,403,404,-1,283,404,405,-1,283,405,406,-1,283,406,407,-1,283,407,408,-1,283,408,409,-1,
  283,284,229,-1,283,229,230,-1,283,230,231,-1,283,231,232,-1,283,232,233,-1,283,233,216,-1,283,216,202,-1,283,202,203,-1,
  283,203,204,-1,283,204,205,-1,283,205,206,-1,283,206,207,-1,283,207,358,-1,283,358,359,-1,283,359,360,-1,283,360,361,-1,
  283,361,362,-1,283,362,363,-1,283,363,346,-1,355,356,94,-1,355,94,95,-1,355,95,96,-1,355,96,97,-1,355,97,98,-1,
  355,98,99,-1,355,99,368,-1,355,368,369,-1,355,369,370,-1,355,370,371,-1,356,357,207,-1,356,207,91,-1,356,91,92,-1,
  356,92,93,-1,356,93,94,-1,216,199,200,-1,216,200,201,-1,216,201,202,-1,284,225,226,-1,284,226,227,-1,284,227,228,-1,
  284,228,229,-1,252,409,410,-1,252,410,411,-1,252,411,412,-1,252,412,413,-1,252,413,414,-1,252,414,415,-1,252,415,416,-1,
  252,416,417,-1,252,417,391,-1,252,391,392,-1,252,392,393,-1,252,393,394,-1,252,394,395,-1,252,395,396,-1,252,396,397,-1,
  252,397,184,-1,252,184,185,-1,252,185,186,-1,252,186,187,-1,252,187,188,-1,252,188,189,-1,252,189,345,-1,382,383,381,-1,
  382,381,364,-1,382,364,365,-1,382,365,366,-1,382,366,367,-1,382,367,368,-1,382,368,99,-1,382,99,100,-1,382,100,101,-1,
  382,101,102,-1,382,102,103,-1,382,103,399,-1,399,103,104,-1,399,104,105,-1,399,105,106,-1,399,106,107,-1,399,107,184,-1,
  399,184,398,-1,345,189,190,-1,345,190,191,-1,345,191,192,-1,345,192,193,-1,298,74,75,-1,298,75,76,-1,298,76,77,-1,
  298,77,78,-1,298,78,79,-1,298,79,80,-1,298,80,81,-1,298,299,49,-1,298,49,50,-1,298,50,51,-1,298,51,52,-1,
  298,52,53,-1,298,53,36,-1,298,36,22,-1,298,22,23,-1,298,23,24,-1,298,24,25,-1,298,25,26,-1,298,26,27,-1,
  298,27,138,-1,298,138,139,-1,298,139,140,-1,298,140,141,-1,298,141,142,-1,298,142,143,-1,298,143,126,-1,135,136,112,-1,
  135,112,113,-1,135,113,114,-1,135,114,115,-1,135,115,116,-1,135,116,117,-1,135,117,148,-1,135,148,149,-1,135,149,150,-1,
  135,150,151,-1,136,137,27,-1,136,27,109,-1,136,109,110,-1,136,110,111,-1,136,111,112,-1,36,19,20,-1,36,20,21,-1,
  36,21,22,-1,299,45,46,-1,299,46,47,-1,299,47,48,-1,299,48,49,-1,383,384,381,-1,381,384,385,-1,381,385,380,-1,
  380,385,386,-1,380,386,379,-1,379,386,387,-1,379,387,378,-1,378,387,377,-1,138,27,137,-1,184,397,398,-1,184,107,90,-1,
  391,417,400,-1,358,207,357,-1,4,177,178,-1,4,125,108,-1,418,481,449,-1,418,449,419,-1,419,449,448,-1,419,448,420,-1,
  420,448,447,-1,420,447,421,-1,421,447,446,-1,421,446,422,-1,422,446,445,-1,422,445,526,-1,526,445,527,-1,449,481,480,-1,
  449,480,450,-1,450,480,479,-1,450,479,451,-1,451,479,478,-1,451,478,452,-1,452,478,477,-1,452,477,453,-1,453,477,436,-1,
  437,436,454,-1,454,436,472,-1,472,436,473,-1,473,436,474,-1,474,436,475,-1,475,436,476,-1,476,436,477,-1,432,431,485,-1,
  432,485,433,-1,433,485,484,-1,433,484,434,-1,434,484,483,-1,434,483,435,-1,435,483,482,-1,435,482,418,-1,418,482,481,-1,
  485,431,486,-1,486,431,487,-1,487,431,488,-1,488,431,489,-1,489,431,472,-1,472,431,454,-1,454,431,455,-1,455,431,456,-1,
  456,431,457,-1,457,431,458,-1,458,431,459,-1,459,431,460,-1,460,431,461,-1,461,431,462,-1,462,431,463,-1,463,431,748,-1,
  748,431,430,-1,585,575,548,-1,585,548,586,-1,586,548,547,-1,586,547,587,-1,587,547,546,-1,587,546,588,-1,588,546,545,-1,
  588,545,589,-1,589,545,544,-1,589,544,490,-1,490,544,716,-1,490,716,491,-1,491,716,492,-1,571,551,550,-1,571,550,572,-1,
  572,550,549,-1,572,549,573,-1,573,549,548,-1,573,548,574,-1,574,548,575,-1,570,569,553,-1,570,553,571,-1,571,553,552,-1,
  571,552,551,-1,643,642,611,-1,643,611,702,-1,702,611,763,-1,702,763,703,-1,703,763,762,-1,703,762,704,-1,704,762,761,-1,
  704,761,705,-1,705,761,760,-1,705,760,706,-1,706,760,759,-1,706,759,707,-1,707,759,758,-1,707,758,708,-1,708,758,757,-1,
  708,757,709,-1,709,757,756,-1,709,756,710,-1,710,756,755,-1,710,755,711,-1,711,755,754,-1,711,754,712,-1,712,754,753,-1,
  712,753,713,-1,713,753,752,-1,713,752,714,-1,714,752,751,-1,714,751,715,-1,715,751,750,-1,715,750,716,-1,716,750,749,-1,
  716,749,499,-1,499,749,500,-1,500,749,501,-1,501,749,502,-1,502,749,503,-1,503,749,504,-1,504,749,505,-1,505,749,506,-1,
  506,749,589,-1,589,749,590,-1,590,749,591,-1,591,749,592,-1,592,749,593,-1,593,749,594,-1,594,749,595,-1,595,749,422,-1,
  422,749,423,-1,423,749,424,-1,424,749,425,-1,425,749,426,-1,426,749,427,-1,427,749,748,-1,506,589,507,-1,507,589,490,-1,
  581,580,579,-1,579,580,562,-1,562,580,563,-1,563,580,564,-1,564,580,565,-1,565,580,566,-1,566,580,535,-1,535,580,536,-1,
  536,580,537,-1,537,580,538,-1,538,580,539,-1,539,580,540,-1,540,580,597,-1,540,597,541,-1,541,597,542,-1,542,597,543,-1,
  543,597,422,-1,422,597,596,-1,427,748,428,-1,428,748,429,-1,429,748,430,-1,717,463,748,-1,717,748,718,-1,718,748,747,-1,
  718,747,719,-1,719,747,746,-1,719,746,720,-1,720,746,745,-1,720,745,721,-1,721,745,744,-1,721,744,722,-1,722,744,743,-1,
  722,743,723,-1,723,743,742,-1,723,742,724,-1,724,742,741,-1,724,741,725,-1,725,741,740,-1,725,740,726,-1,726,740,739,-1,
  726,739,727,-1,727,739,738,-1,727,738,728,-1,728,738,737,-1,728,737,729,-1,729,737,736,-1,729,736,730,-1,730,736,735,-1,
  730,735,731,-1,731,735,734,-1,731,734,732,-1,732,734,733,-1,582,581,579,-1,582,579,583,-1,583,579,578,-1,583,578,584,-1,
  584,578,577,-1,584,577,585,-1,585,577,576,-1,585,576,575,-1,598,661,629,-1,598,629,599,-1,599,629,628,-1,599,628,600,-1,
  600,628,627,-1,600,627,601,-1,601,627,626,-1,601,626,602,-1,602,626,625,-1,602,625,508,-1,508,625,509,-1,629,661,660,-1,
  629,660,630,-1,630,660,659,-1,630,659,631,-1,631,659,658,-1,631,658,632,-1,632,658,657,-1,632,657,633,-1,633,657,616,-1,
  617,616,634,-1,634,616,652,-1,652,616,653,-1,653,616,654,-1,654,616,655,-1,655,616,656,-1,656,616,657,-1,612,611,665,-1,
  612,665,613,-1,613,665,664,-1,613,664,614,-1,614,664,663,-1,614,663,615,-1,615,663,662,-1,615,662,598,-1,598,662,661,-1,
  665,611,666,-1,666,611,667,-1,667,611,668,-1,668,611,669,-1,669,611,652,-1,652,611,634,-1,634,611,635,-1,635,611,636,-1,
  636,611,637,-1,637,611,638,-1,638,611,639,-1,639,611,640,-1,640,611,641,-1,641,611,642,-1,805,795,768,-1,805,768,806,-1,
  806,768,767,-1,806,767,807,-1,807,767,766,-1,807,766,808,-1,808,766,765,-1,808,765,809,-1,809,765,764,-1,809,764,818,-1,
  818,764,701,-1,818,701,819,-1,819,701,820,-1,791,771,770,-1,791,770,792,-1,792,770,769,-1,792,769,793,-1,793,769,768,-1,
  793,768,794,-1,794,768,795,-1,790,789,773,-1,790,773,791,-1,791,773,772,-1,791,772,771,-1,685,684,686,-1,686,684,687,-1,
  687,684,688,-1,688,684,683,-1,670,827,701,-1,670,701,671,-1,671,701,700,-1,671,700,672,-1,672,700,699,-1,672,699,673,-1,
  673,699,698,-1,673,698,674,-1,674,698,697,-1,674,697,675,-1,675,697,696,-1,675,696,676,-1,676,696,695,-1,676,695,677,-1,
  677,695,694,-1,677,694,678,-1,678,694,693,-1,678,693,679,-1,679,693,692,-1,679,692,680,-1,680,692,691,-1,680,691,681,-1,
  681,691,690,-1,681,690,682,-1,682,690,689,-1,682,689,683,-1,683,689,688,-1,820,701,821,-1,821,701,822,-1,822,701,823,-1,
  823,701,824,-1,824,701,825,-1,825,701,826,-1,826,701,827,-1,702,701,647,-1,647,701,648,-1,648,701,649,-1,649,701,650,-1,
  650,701,651,-1,651,701,634,-1,634,701,620,-1,620,701,621,-1,621,701,622,-1,622,701,623,-1,623,701,624,-1,624,701,625,-1,
  625,701,776,-1,776,701,777,-1,777,701,778,-1,778,701,779,-1,779,701,780,-1,780,701,781,-1,781,701,764,-1,774,773,512,-1,
  512,773,513,-1,513,773,514,-1,514,773,515,-1,515,773,516,-1,516,773,517,-1,517,773,786,-1,786,773,787,-1,787,773,788,-1,
  788,773,789,-1,775,774,625,-1,625,774,509,-1,509,774,510,-1,510,774,511,-1,511,774,512,-1,617,634,618,-1,618,634,619,-1,
  619,634,620,-1,643,702,644,-1,644,702,645,-1,645,702,646,-1,646,702,647,-1,827,670,828,-1,828,670,829,-1,829,670,830,-1,
  830,670,831,-1,831,670,832,-1,832,670,833,-1,833,670,834,-1,834,670,835,-1,835,670,809,-1,809,670,810,-1,810,670,811,-1,
  811,670,812,-1,812,670,813,-1,813,670,814,-1,814,670,815,-1,815,670,602,-1,602,670,603,-1,603,670,604,-1,604,670,605,-1,
  605,670,606,-1,606,670,607,-1,607,670,763,-1,801,800,799,-1,799,800,782,-1,782,800,783,-1,783,800,784,-1,784,800,785,-1,
  785,800,786,-1,786,800,517,-1,517,800,518,-1,518,800,519,-1,519,800,520,-1,520,800,521,-1,521,800,817,-1,521,817,522,-1,
  522,817,523,-1,523,817,524,-1,524,817,525,-1,525,817,602,-1,602,817,816,-1,607,763,608,-1,608,763,609,-1,609,763,610,-1,
  610,763,611,-1,492,716,493,-1,493,716,494,-1,494,716,495,-1,495,716,496,-1,496,716,497,-1,497,716,498,-1,498,716,499,-1,
  717,716,467,-1,467,716,468,-1,468,716,469,-1,469,716,470,-1,470,716,471,-1,471,716,454,-1,454,716,440,-1,440,716,441,-1,
  441,716,442,-1,442,716,443,-1,443,716,444,-1,444,716,445,-1,445,716,556,-1,556,716,557,-1,557,716,558,-1,558,716,559,-1,
  559,716,560,-1,560,716,561,-1,561,716,544,-1,554,553,530,-1,530,553,531,-1,531,553,532,-1,532,553,533,-1,533,553,534,-1,
  534,553,535,-1,535,553,566,-1,566,553,567,-1,567,553,568,-1,568,553,569,-1,555,554,445,-1,445,554,527,-1,527,554,528,-1,
  528,554,529,-1,529,554,530,-1,437,454,438,-1,438,454,439,-1,439,454,440,-1,463,717,464,-1,464,717,465,-1,465,717,466,-1,
  466,717,467,-1,802,801,799,-1,802,799,803,-1,803,799,798,-1,803,798,804,-1,804,798,797,-1,804,797,805,-1,805,797,796,-1,
  805,796,795,-1,445,556,555,-1,815,602,816,-1,525,602,508,-1,835,809,818,-1,625,776,775,-1,595,422,596,-1,543,422,526,-1]
  normalPerVertex TRUE
  normal DEF NORM_1 Normal { vector [
  0 0 1,0 0 1,
  0 0 1,0 0 1,
  0 0 1,0 0 1,
  0 0 1,0 0 1,
  0 0 1,0 0 1,
  0 0 1,0 0 1,
  0 0 1,0 0 1,
  0 0 1,0 0 1,
  0 0 1,0 0 1,
  0 0 1,0 0 1,
  0 0 1,0 0 1,
  0 0 1,0 0 1,
  0 0 1,0 0 1,
  0 0 1,0 0 1,
  0 0 1,0 0 1,
  0 0 1,0 0 1,
  0 0 1,0 0 1,
  0 0 1,0 0 1,
  0 0 1,0 0 1,
  0 0 1,0 0 1,
  0 0 1,0 0 1,
  0 0 1,0 0 1,
  0 0 1,0 0 1,
  0 0 1,0 0 1,
  0 0 1,0 0 1,
  0 0 1,0 0 1,
  0 0 1,0 0 1,
  0 0 1,0 0 1,
  0 0 1,0 0 1,
  0 0 1,0 0 1,
  0 0 1,0 0 1,
  0 0 1,0 0 1,
  0 0 1,0 0 1,
  0 0 1,0 0 1,
  0 0 1,0 0 1,
  0 0 1,0 0 1,
  0 0 1,0 0 1,
  0 0 1,0 0 1,
  0 0 1,0 0 1,
  0 0 1,0 0 1,
  0 0 1,0 0 1,
  0 0 1,0 0 1,
  0 0 1,0 0 1,
  0 0 1,0 0 1,
  0 0 1,0 0 1,
  0 0 1,0 0 1,
  0 0 1,0 0 1,
  0 0 1,0 0 1,
  0 0 1,0 0 1,
  0 0 1,0 0 1,
  0 0 1,0 0 1,
  0 0 1,0 0 1,
  0 0 1,0 0 1,
  0 0 1,0 0 1,
  0 0 1,0 0 1,
  0 0 1,0 0 1,
  0 0 1,0 0 1,
  0 0 1,0 0 1,
  0 0 1,0 0 1,
  0 0 1,0 0 1,
  0 0 1,0 0 1,
  0 0 1,0 0 1,
  0 0 1,0 0 1,
  0 0 1,0 0 1,
  0 0 1,0 0 1,
  0 0 1,0 0 1,
  0 0 1,0 0 1,
  0 0 1,0 0 1,
  0 0 1,0 0 1,
  0 0 1,0 0 1,
  0 0 1,0 0 1,
  0 0 1,0 0 1,
  0 0 1,0 0 1,
  0 0 1,0 0 1,
  0 0 1,0 0 1,
  0 0 1,0 0 1,
  0 0 1,0 0 1,
  0 0 1,0 0 1,
  0 0 1,0 0 1,
  0 0 1,0 0 1,
  0 0 1,0 0 1,
  0 0 1,0 0 1,
  0 0 1,0 0 1,
  0 0 1,0 0 1,
  0 0 1,0 0 1,
  0 0 1,0 0 1,
  0 0 1,0 0 1,
  0 0 1,0 0 1,
  0 0 1,0 0 1,
  0 0 1,0 0 1,
  0 0 1,0 0 1,
  0 0 1,0 0 1,
  0 0 1,0 0 1,
  0 0 1,0 0 1,
  0 0 1,0 0 1,
  0 0 1,0 0 1,
  0 0 1,0 0 1,
  0 0 1,0 0 1,
  0 0 1,0 0 1,
  0 0 1,0 0 1,
  0 0 1,0 0 1,
  0 0 1,0 0 1,
  0 0 1,0 0 1,
  0 0 1,0 0 1,
  0 0 1,0 0 1,
  0 0 1,0 0 1,
  0 0 1,0 0 1,
  0 0 1,0 0 1,
  0 0 1,0 0 1,
  0 0 1,0 0 1,
  0 0 1,0 0 1,
  0 0 1,0 0 1,
  0 0 1,0 0 1,
  0 0 1,0 0 1,
  0 0 1,0 0 1,
  0 0 1,0 0 1,
  0 0 1,0 0 1,
  0 0 1,0 0 1,
  0 0 1,0 0 1,
  0 0 1,0 0 1,
  0 0 1,0 0 1,
  0 0 1,0 0 1,
  0 0 1,0 0 1,
  0 0 1,0 0 1,
  0 0 1,0 0 1,
  0 0 1,0 0 1,
  0 0 1,0 0 1,
  0 0 1,0 0 1,
  0 0 1,0 0 1,
  0 0 1,0 0 1,
  0 0 1,0 0 1,
  0 0 1,0 0 1,
  0 0 1,0 0 1,
  0 0 1,0 0 1,
  0 0 1,0 0 1,
  0 0 1,0 0 1,
  0 0 1,0 0 1,
  0 0 1,0 0 1,
  0 0 1,0 0 1,
  0 0 1,0 0 1,
  0 0 1,0 0 1,
  0 0 1,0 0 1,
  0 0 1,0 0 1,
  0 0 1,0 0 1,
  0 0 1,0 0 1,
  0 0 1,0 0 1,
  0 0 1,0 0 1,
  0 0 1,0 0 1,
  0 0 1,0 0 1,
  0 0 1,0 0 1,
  0 0 1,0 0 1,
  0 0 1,0 0 1,
  0 0 1,0 0 1,
  0 0 1,0 0 1,
  0 0 1,0 0 1,
  0 0 1,0 0 1,
  0 0 1,0 0 1,
  0 0 1,0 0 1,
  0 0 1,0 0 1,
  0 0 1,0 0 1,
  0 0 1,0 0 1,
  0 0 1,0 0 1,
  0 0 1,0 0 1,
  0 0 1,0 0 1,
  0 0 1,0 0 1,
  0 0 1,0 0 1,
  0 0 1,0 0 1,
  0 0 1,0 0 1,
  0 0 1,0 0 1,
  0 0 1,0 0 1,
  0 0 1,0 0 1,
  0 0 1,0 0 1,
  0 0 1,0 0 1,
  0 0 1,0 0 1,
  0 0 1,0 0 1,
  0 0 1,0 0 1,
  0 0 1,0 0 1,
  0 0 1,0 0 1,
  0 0 1,0 0 1,
  0 0 1,0 0 1,
  0 0 1,0 0 1,
  0 0 1,0 0 1,
  0 0 1,0 0 1,
  0 0 1,0 0 1,
  0 0 1,0 0 1,
  0 0 1,0 0 1,
  0 0 1,0 0 1,
  0 0 1,0 0 1,
  0 0 1,0 0 1,
  0 0 1,0 0 1,
  0 0 1,0 0 1,
  0 0 1,0 0 1,
  0 0 1,0 0 1,
  0 0 1,0 0 1,
  0 0 1,0 0 1,
  0 0 1,0 0 1,
  0 0 1,0 0 1,
  0 0 1,0 0 1,
  0 0 1,0 0 1,
  0 0 1,0 0 1,
  0 0 1,0 0 1,
  0 0 1,0 0 1,
  0 0 1,0 0 1,
  0 0 1,0 0 1,
  0 0 1,0 0 1,
  0 0 1,0 0 1,
  0 0 1,0 0 1,
  0 0 1,0 0 1,
  0 0 1,0 0 1,
  0 0 -1,0 0 -1,
  0 0 -1,0 0 -1,
  0 0 -1,0 0 -1,
  0 0 -1,0 0 -1,
  0 0 -1,0 0 -1,
  0 0 -1,0 0 -1,
  0 0 -1,0 0 -1,
  0 0 -1,0 0 -1,
  0 0 -1,0 0 -1,
  0 0 -1,0 0 -1,
  0 0 -1,0 0 -1,
  0 0 -1,0 0 -1,
  0 0 -1,0 0 -1,
  0 0 -1,0 0 -1,
  0 0 -1,0 0 -1,
  0 0 -1,0 0 -1,
  0 0 -1,0 0 -1,
  0 0 -1,0 0 -1,
  0 0 -1,0 0 -1,
  0 0 -1,0 0 -1,
  0 0 -1,0 0 -1,
  0 0 -1,0 0 -1,
  0 0 -1,0 0 -1,
  0 0 -1,0 0 -1,
  0 0 -1,0 0 -1,
  0 0 -1,0 0 -1,
  0 0 -1,0 0 -1,
  0 0 -1,0 0 -1,
  0 0 -1,0 0 -1,
  0 0 -1,0 0 -1,
  0 0 -1,0 0 -1,
  0 0 -1,0 0 -1,
  0 0 -1,0 0 -1,
  0 0 -1,0 0 -1,
  0 0 -1,0 0 -1,
  0 0 -1,0 0 -1,
  0 0 -1,0 0 -1,
  0 0 -1,0 0 -1,
  0 0 -1,0 0 -1,
  0 0 -1,0 0 -1,
  0 0 -1,0 0 -1,
  0 0 -1,0 0 -1,
  0 0 -1,0 0 -1,
  0 0 -1,0 0 -1,
  0 0 -1,0 0 -1,
  0 0 -1,0 0 -1,
  0 0 -1,0 0 -1,
  0 0 -1,0 0 -1,
  0 0 -1,0 0 -1,
  0 0 -1,0 0 -1,
  0 0 -1,0 0 -1,
  0 0 -1,0 0 -1,
  0 0 -1,0 0 -1,
  0 0 -1,0 0 -1,
  0 0 -1,0 0 -1,
  0 0 -1,0 0 -1,
  0 0 -1,0 0 -1,
  0 0 -1,0 0 -1,
  0 0 -1,0 0 -1,
  0 0 -1,0 0 -1,
  0 0 -1,0 0 -1,
  0 0 -1,0 0 -1,
  0 0 -1,0 0 -1,
  0 0 -1,0 0 -1,
  0 0 -1,0 0 -1,
  0 0 -1,0 0 -1,
  0 0 -1,0 0 -1,
  0 0 -1,0 0 -1,
  0 0 -1,0 0 -1,
  0 0 -1,0 0 -1,
  0 0 -1,0 0 -1,
  0 0 -1,0 0 -1,
  0 0 -1,0 0 -1,
  0 0 -1,0 0 -1,
  0 0 -1,0 0 -1,
  0 0 -1,0 0 -1,
  0 0 -1,0 0 -1,
  0 0 -1,0 0 -1,
  0 0 -1,0 0 -1,
  0 0 -1,0 0 -1,
  0 0 -1,0 0 -1,
  0 0 -1,0 0 -1,
  0 0 -1,0 0 -1,
  0 0 -1,0 0 -1,
  0 0 -1,0 0 -1,
  0 0 -1,0 0 -1,
  0 0 -1,0 0 -1,
  0 0 -1,0 0 -1,
  0 0 -1,0 0 -1,
  0 0 -1,0 0 -1,
  0 0 -1,0 0 -1,
  0 0 -1,0 0 -1,
  0 0 -1,0 0 -1,
  0 0 -1,0 0 -1,
  0 0 -1,0 0 -1,
  0 0 -1,0 0 -1,
  0 0 -1,0 0 -1,
  0 0 -1,0 0 -1,
  0 0 -1,0 0 -1,
  0 0 -1,0 0 -1,
  0 0 -1,0 0 -1,
  0 0 -1,0 0 -1,
  0 0 -1,0 0 -1,
  0 0 -1,0 0 -1,
  0 0 -1,0 0 -1,
  0 0 -1,0 0 -1,
  0 0 -1,0 0 -1,
  0 0 -1,0 0 -1,
  0 0 -1,0 0 -1,
  0 0 -1,0 0 -1,
  0 0 -1,0 0 -1,
  0 0 -1,0 0 -1,
  0 0 -1,0 0 -1,
  0 0 -1,0 0 -1,
  0 0 -1,0 0 -1,
  0 0 -1,0 0 -1,
  0 0 -1,0 0 -1,
  0 0 -1,0 0 -1,
  0 0 -1,0 0 -1,
  0 0 -1,0 0 -1,
  0 0 -1,0 0 -1,
  0 0 -1,0 0 -1,
  0 0 -1,0 0 -1,
  0 0 -1,0 0 -1,
  0 0 -1,0 0 -1,
  0 0 -1,0 0 -1,
  0 0 -1,0 0 -1,
  0 0 -1,0 0 -1,
  0 0 -1,0 0 -1,
  0 0 -1,0 0 -1,
  0 0 -1,0 0 -1,
  0 0 -1,0 0 -1,
  0 0 -1,0 0 -1,
  0 0 -1,0 0 -1,
  0 0 -1,0 0 -1,
  0 0 -1,0 0 -1,
  0 0 -1,0 0 -1,
  0 0 -1,0 0 -1,
  0 0 -1,0 0 -1,
  0 0 -1,0 0 -1,
  0 0 -1,0 0 -1,
  0 0 -1,0 0 -1,
  0 0 -1,0 0 -1,
  0 0 -1,0 0 -1,
  0 0 -1,0 0 -1,
  0 0 -1,0 0 -1,
  0 0 -1,0 0 -1,
  0 0 -1,0 0 -1,
  0 0 -1,0 0 -1,
  0 0 -1,0 0 -1,
  0 0 -1,0 0 -1,
  0 0 -1,0 0 -1,
  0 0 -1,0 0 -1,
  0 0 -1,0 0 -1,
  0 0 -1,0 0 -1,
  0 0 -1,0 0 -1,
  0 0 -1,0 0 -1,
  0 0 -1,0 0 -1,
  0 0 -1,0 0 -1,
  0 0 -1,0 0 -1,
  0 0 -1,0 0 -1,
  0 0 -1,0 0 -1,
  0 0 -1,0 0 -1,
  0 0 -1,0 0 -1,
  0 0 -1,0 0 -1,
  0 0 -1,0 0 -1,
  0 0 -1,0 0 -1,
  0 0 -1,0 0 -1,
  0 0 -1,0 0 -1,
  0 0 -1,0 0 -1,
  0 0 -1,0 0 -1,
  0 0 -1,0 0 -1,
  0 0 -1,0 0 -1,
  0 0 -1,0 0 -1,
  0 0 -1,0 0 -1,
  0 0 -1,0 0 -1,
  0 0 -1,0 0 -1,
  0 0 -1,0 0 -1,
  0 0 -1,0 0 -1,
  0 0 -1,0 0 -1,
  0 0 -1,0 0 -1,
  0 0 -1,0 0 -1,
  0 0 -1,0 0 -1,
  0 0 -1,0 0 -1,
  0 0 -1,0 0 -1,
  0 0 -1,0 0 -1,
  0 0 -1,0 0 -1,
  0 0 -1,0 0 -1,
  0 0 -1,0 0 -1,
  0 0 -1,0 0 -1,
  0 0 -1,0 0 -1,
  0 0 -1,0 0 -1,
  0 0 -1,0 0 -1,
  0 0 -1,0 0 -1,
  0 0 -1,0 0 -1,
  0 0 -1,0 0 -1,
  0 0 -1,0 0 -1,
  0 0 -1,0 0 -1,
  0 0 -1,0 0 -1,
  0 0 -1,0 0 -1,
  0 0 -1,0 0 -1,
  0 0 -1,0 0 -1,
  0 0 -1,0 0 -1,
  0 0 -1,0 0 -1,
  0 0 -1,0 0 -1,
  0 0 -1,0 0 -1,
  0 0 -1,0 0 -1,
  0 0 -1,0 0 -1,
  0 0 -1,0 0 -1] }
}
}
DEF SHAPE_2 Shape {
 appearance USE APP_1
 geometry DEF FACE_2 IndexedFaceSet {
  coord DEF COORD_2 Coordinate { point [
  21.625984 -45.500038 0.31003937,21.606712 -45.493023 0.31003937,
  21.625984 -45.500038 -0.31003937,21.625984 -45.500038 -0.31003937,
  21.606712 -45.493023 0.31003937,21.606712 -45.493023 -0.31003937,
  21.641696 -45.513221 0.31003937,21.625984 -45.500038 0.31003937,
  21.641696 -45.513221 -0.31003937,21.641696 -45.513221 -0.31003937,
  21.625984 -45.500038 0.31003937,21.625984 -45.500038 -0.31003937,
  21.65195 -45.530983 0.31003937,21.641696 -45.513221 0.31003937,
  21.65195 -45.530983 -0.31003937,21.65195 -45.530983 -0.31003937,
  21.641696 -45.513221 0.31003937,21.641696 -45.513221 -0.31003937,
  21.655512 -45.551181 0.31003937,21.65195 -45.530983 0.31003937,
  21.655512 -45.551181 -0.31003937,21.655512 -45.551181 -0.31003937,
  21.65195 -45.530983 0.31003937,21.65195 -45.530983 -0.31003937,
  21.65195 -45.571379 0.31003937,21.655512 -45.551181 0.31003937,
  21.65195 -45.571379 -0.31003937,21.65195 -45.571379 -0.31003937,
  21.655512 -45.551181 0.31003937,21.655512 -45.551181 -0.31003937,
  21.641696 -45.589141 0.31003937,21.65195 -45.571379 0.31003937,
  21.641696 -45.589141 -0.31003937,21.641696 -45.589141 -0.31003937,
  21.65195 -45.571379 0.31003937,21.65195 -45.571379 -0.31003937,
  21.625984 -45.602324 0.31003937,21.641696 -45.589141 0.31003937,
  21.625984 -45.602324 -0.31003937,21.625984 -45.602324 -0.31003937,
  21.641696 -45.589141 0.31003937,21.641696 -45.589141 -0.31003937,
  21.606712 -45.609339 0.31003937,21.625984 -45.602324 0.31003937,
  21.606712 -45.609339 -0.31003937,21.606712 -45.609339 -0.31003937,
  21.625984 -45.602324 0.31003937,21.625984 -45.602324 -0.31003937,
  21.586202 -45.609339 0.31003937,21.606712 -45.609339 0.31003937,
  21.586202 -45.609339 -0.31003937,21.586202 -45.609339 -0.31003937,
  21.606712 -45.609339 0.31003937,21.606712 -45.609339 -0.31003937,
  21.566929 -45.602324 0.31003937,21.586202 -45.609339 0.31003937,
  21.566929 -45.602324 -0.31003937,21.566929 -45.602324 -0.31003937,
  21.586202 -45.609339 0.31003937,21.586202 -45.609339 -0.31003937,
  21.551218 -45.589141 0.31003937,21.566929 -45.602324 0.31003937,
  21.551218 -45.589141 -0.31003937,21.551218 -45.589141 -0.31003937,
  21.566929 -45.602324 0.31003937,21.566929 -45.602324 -0.31003937,
  21.540963 -45.571379 0.31003937,21.551218 -45.589141 0.31003937,
  21.540963 -45.571379 -0.31003937,21.540963 -45.571379 -0.31003937,
  21.551218 -45.589141 0.31003937,21.551218 -45.589141 -0.31003937,
  21.537402 -45.551181 0.31003937,21.540963 -45.571379 0.31003937,
  21.537402 -45.551181 -0.31003937,21.537402 -45.551181 -0.31003937,
  21.540963 -45.571379 0.31003937,21.540963 -45.571379 -0.31003937,
  21.540963 -45.530983 0.31003937,21.537402 -45.551181 0.31003937,
  21.540963 -45.530983 -0.31003937,21.540963 -45.530983 -0.31003937,
  21.537402 -45.551181 0.31003937,21.537402 -45.551181 -0.31003937,
  21.551218 -45.513221 0.31003937,21.540963 -45.530983 0.31003937,
  21.551218 -45.513221 -0.31003937,21.551218 -45.513221 -0.31003937,
  21.540963 -45.530983 0.31003937,21.540963 -45.530983 -0.31003937,
  21.566929 -45.500038 0.31003937,21.551218 -45.513221 0.31003937,
  21.566929 -45.500038 -0.31003937,21.566929 -45.500038 -0.31003937,
  21.551218 -45.513221 0.31003937,21.551218 -45.513221 -0.31003937,
  21.586202 -45.493023 0.31003937,21.566929 -45.500038 0.31003937,
  21.586202 -45.493023 -0.31003937,21.586202 -45.493023 -0.31003937,
  21.566929 -45.500038 0.31003937,21.566929 -45.500038 -0.31003937,
  21.606712 -45.493023 0.31003937,21.586202 -45.493023 0.31003937,
  21.606712 -45.493023 -0.31003937,21.606712 -45.493023 -0.31003937,
  21.586202 -45.493023 0.31003937,21.586202 -45.493023 -0.31003937,
  21.540963 -34.901062 0.31003937,21.537402 -34.92126 0.31003937,
  21.540963 -34.901062 -0.31003937,21.540963 -34.901062 -0.31003937,
  21.537402 -34.92126 0.31003937,21.537402 -34.92126 -0.31003937,
  21.551218 -34.8833 0.31003937,21.540963 -34.901062 0.31003937,
  21.551218 -34.8833 -0.31003937,21.551218 -34.8833 -0.31003937,
  21.540963 -34.901062 0.31003937,21.540963 -34.901062 -0.31003937,
  21.566929 -34.870117 0.31003937,21.551218 -34.8833 0.31003937,
  21.566929 -34.870117 -0.31003937,21.566929 -34.870117 -0.31003937,
  21.551218 -34.8833 0.31003937,21.551218 -34.8833 -0.31003937,
  21.586202 -34.863102 0.31003937,21.566929 -34.870117 0.31003937,
  21.586202 -34.863102 -0.31003937,21.586202 -34.863102 -0.31003937,
  21.566929 -34.870117 0.31003937,21.566929 -34.870117 -0.31003937,
  21.606712 -34.863102 0.31003937,21.586202 -34.863102 0.31003937,
  21.606712 -34.863102 -0.31003937,21.606712 -34.863102 -0.31003937,
  21.586202 -34.863102 0.31003937,21.586202 -34.863102 -0.31003937,
  21.625984 -34.870117 0.31003937,21.606712 -34.863102 0.31003937,
  21.625984 -34.870117 -0.31003937,21.625984 -34.870117 -0.31003937,
  21.606712 -34.863102 0.31003937,21.606712 -34.863102 -0.31003937,
  21.641696 -34.8833 0.31003937,21.625984 -34.870117 0.31003937,
  21.641696 -34.8833 -0.31003937,21.641696 -34.8833 -0.31003937,
  21.625984 -34.870117 0.31003937,21.625984 -34.870117 -0.31003937,
  21.65195 -34.901062 0.31003937,21.641696 -34.8833 0.31003937,
  21.65195 -34.901062 -0.31003937,21.65195 -34.901062 -0.31003937,
  21.641696 -34.8833 0.31003937,21.641696 -34.8833 -0.31003937,
  21.655512 -34.92126 0.31003937,21.65195 -34.901062 0.31003937,
  21.655512 -34.92126 -0.31003937,21.655512 -34.92126 -0.31003937,
  21.65195 -34.901062 0.31003937,21.65195 -34.901062 -0.31003937,
  21.65195 -34.941458 0.31003937,21.655512 -34.92126 0.31003937,
  21.65195 -34.941458 -0.31003937,21.65195 -34.941458 -0.31003937,
  21.655512 -34.92126 0.31003937,21.655512 -34.92126 -0.31003937,
  21.641696 -34.95922 0.31003937,21.65195 -34.941458 0.31003937,
  21.641696 -34.95922 -0.31003937,21.641696 -34.95922 -0.31003937,
  21.65195 -34.941458 0.31003937,21.65195 -34.941458 -0.31003937,
  21.625984 -34.972403 0.31003937,21.641696 -34.95922 0.31003937,
  21.625984 -34.972403 -0.31003937,21.625984 -34.972403 -0.31003937,
  21.641696 -34.95922 0.31003937,21.641696 -34.95922 -0.31003937,
  21.606712 -34.979418 0.31003937,21.625984 -34.972403 0.31003937,
  21.606712 -34.979418 -0.31003937,21.606712 -34.979418 -0.31003937,
  21.625984 -34.972403 0.31003937,21.625984 -34.972403 -0.31003937,
  21.586202 -34.979418 0.31003937,21.606712 -34.979418 0.31003937,
  21.586202 -34.979418 -0.31003937,21.586202 -34.979418 -0.31003937,
  21.606712 -34.979418 0.31003937,21.606712 -34.979418 -0.31003937,
  21.566929 -34.972403 0.31003937,21.586202 -34.979418 0.31003937,
  21.566929 -34.972403 -0.31003937,21.566929 -34.972403 -0.31003937,
  21.586202 -34.979418 0.31003937,21.586202 -34.979418 -0.31003937,
  21.551218 -34.95922 0.31003937,21.566929 -34.972403 0.31003937,
  21.551218 -34.95922 -0.31003937,21.551218 -34.95922 -0.31003937,
  21.566929 -34.972403 0.31003937,21.566929 -34.972403 -0.31003937,
  21.540963 -34.941458 0.31003937,21.551218 -34.95922 0.31003937,
  21.540963 -34.941458 -0.31003937,21.540963 -34.941458 -0.31003937,
  21.551218 -34.95922 0.31003937,21.551218 -34.95922 -0.31003937,
  21.537402 -34.92126 0.31003937,21.540963 -34.941458 0.31003937,
  21.537402 -34.92126 -0.31003937,21.537402 -34.92126 -0.31003937,
  21.540963 -34.941458 0.31003937,21.540963 -34.941458 -0.31003937,
  20.65195 -34.941458 0.31003937,20.655512 -34.92126 0.31003937,
  20.65195 -34.941458 -0.31003937,20.65195 -34.941458 -0.31003937,
  20.655512 -34.92126 0.31003937,20.655512 -34.92126 -0.31003937,
  20.641696 -34.95922 0.31003937,20.65195 -34.941458 0.31003937,
  20.641696 -34.95922 -0.31003937,20.641696 -34.95922 -0.31003937,
  20.65195 -34.941458 0.31003937,20.65195 -34.941458 -0.31003937,
  20.625984 -34.972403 0.31003937,20.641696 -34.95922 0.31003937,
  20.625984 -34.972403 -0.31003937,20.625984 -34.972403 -0.31003937,
  20.641696 -34.95922 0.31003937,20.641696 -34.95922 -0.31003937,
  20.606712 -34.979418 0.31003937,20.625984 -34.972403 0.31003937,
  20.606712 -34.979418 -0.31003937,20.606712 -34.979418 -0.31003937,
  20.625984 -34.972403 0.31003937,20.625984 -34.972403 -0.31003937,
  20.586202 -34.979418 0.31003937,20.606712 -34.979418 0.31003937,
  20.586202 -34.979418 -0.31003937,20.586202 -34.979418 -0.31003937,
  20.606712 -34.979418 0.31003937,20.606712 -34.979418 -0.31003937,
  20.566929 -34.972403 0.31003937,20.586202 -34.979418 0.31003937,
  20.566929 -34.972403 -0.31003937,20.566929 -34.972403 -0.31003937,
  20.586202 -34.979418 0.31003937,20.586202 -34.979418 -0.31003937,
  20.551218 -34.95922 0.31003937,20.566929 -34.972403 0.31003937,
  20.551218 -34.95922 -0.31003937,20.551218 -34.95922 -0.31003937,
  20.566929 -34.972403 0.31003937,20.566929 -34.972403 -0.31003937,
  20.540963 -34.941458 0.31003937,20.551218 -34.95922 0.31003937,
  20.540963 -34.941458 -0.31003937,20.540963 -34.941458 -0.31003937,
  20.551218 -34.95922 0.31003937,20.551218 -34.95922 -0.31003937,
  20.537402 -34.92126 0.31003937,20.540963 -34.941458 0.31003937,
  20.537402 -34.92126 -0.31003937,20.537402 -34.92126 -0.31003937,
  20.540963 -34.941458 0.31003937,20.540963 -34.941458 -0.31003937,
  20.540963 -34.901062 0.31003937,20.537402 -34.92126 0.31003937,
  20.540963 -34.901062 -0.31003937,20.540963 -34.901062 -0.31003937,
  20.537402 -34.92126 0.31003937,20.537402 -34.92126 -0.31003937,
  20.551218 -34.8833 0.31003937,20.540963 -34.901062 0.31003937,
  20.551218 -34.8833 -0.31003937,20.551218 -34.8833 -0.31003937,
  20.540963 -34.901062 0.31003937,20.540963 -34.901062 -0.31003937,
  20.566929 -34.870117 0.31003937,20.551218 -34.8833 0.31003937,
  20.566929 -34.870117 -0.31003937,20.566929 -34.870117 -0.31003937,
  20.551218 -34.8833 0.31003937,20.551218 -34.8833 -0.31003937,
  20.586202 -34.863102 0.31003937,20.566929 -34.870117 0.31003937,
  20.586202 -34.863102 -0.31003937,20.586202 -34.863102 -0.31003937,
  20.566929 -34.870117 0.31003937,20.566929 -34.870117 -0.31003937,
  20.606712 -34.863102 0.31003937,20.586202 -34.863102 0.31003937,
  20.606712 -34.863102 -0.31003937,20.606712 -34.863102 -0.31003937,
  20.586202 -34.863102 0.31003937,20.586202 -34.863102 -0.31003937,
  20.625984 -34.870117 0.31003937,20.606712 -34.863102 0.31003937,
  20.625984 -34.870117 -0.31003937,20.625984 -34.870117 -0.31003937,
  20.606712 -34.863102 0.31003937,20.606712 -34.863102 -0.31003937,
  20.641696 -34.8833 0.31003937,20.625984 -34.870117 0.31003937,
  20.641696 -34.8833 -0.31003937,20.641696 -34.8833 -0.31003937,
  20.625984 -34.870117 0.31003937,20.625984 -34.870117 -0.31003937,
  20.65195 -34.901062 0.31003937,20.641696 -34.8833 0.31003937,
  20.65195 -34.901062 -0.31003937,20.65195 -34.901062 -0.31003937,
  20.641696 -34.8833 0.31003937,20.641696 -34.8833 -0.31003937,
  20.655512 -34.92126 0.31003937,20.65195 -34.901062 0.31003937,
  20.655512 -34.92126 -0.31003937,20.655512 -34.92126 -0.31003937,
  20.65195 -34.901062 0.31003937,20.65195 -34.901062 -0.31003937,
  21.477971 -43.95618 0.31003937,21.474409 -43.976378 0.31003937,
  21.477971 -43.95618 -0.31003937,21.477971 -43.95618 -0.31003937,
  21.474409 -43.976378 0.31003937,21.474409 -43.976378 -0.31003937,
  21.488226 -43.938418 0.31003937,21.477971 -43.95618 0.31003937,
  21.488226 -43.938418 -0.31003937,21.488226 -43.938418 -0.31003937,
  21.477971 -43.95618 0.31003937,21.477971 -43.95618 -0.31003937,
  21.503937 -43.925235 0.31003937,21.488226 -43.938418 0.31003937,
  21.503937 -43.925235 -0.31003937,21.503937 -43.925235 -0.31003937,
  21.488226 -43.938418 0.31003937,21.488226 -43.938418 -0.31003937,
  21.52321 -43.91822 0.31003937,21.503937 -43.925235 0.31003937,
  21.52321 -43.91822 -0.31003937,21.52321 -43.91822 -0.31003937,
  21.503937 -43.925235 0.31003937,21.503937 -43.925235 -0.31003937,
  21.543719 -43.91822 0.31003937,21.52321 -43.91822 0.31003937,
  21.543719 -43.91822 -0.31003937,21.543719 -43.91822 -0.31003937,
  21.52321 -43.91822 0.31003937,21.52321 -43.91822 -0.31003937,
  21.562992 -43.925235 0.31003937,21.543719 -43.91822 0.31003937,
  21.562992 -43.925235 -0.31003937,21.562992 -43.925235 -0.31003937,
  21.543719 -43.91822 0.31003937,21.543719 -43.91822 -0.31003937,
  21.578703 -43.938418 0.31003937,21.562992 -43.925235 0.31003937,
  21.578703 -43.938418 -0.31003937,21.578703 -43.938418 -0.31003937,
  21.562992 -43.925235 0.31003937,21.562992 -43.925235 -0.31003937,
  21.588958 -43.95618 0.31003937,21.578703 -43.938418 0.31003937,
  21.588958 -43.95618 -0.31003937,21.588958 -43.95618 -0.31003937,
  21.578703 -43.938418 0.31003937,21.578703 -43.938418 -0.31003937,
  21.59252 -43.976378 0.31003937,21.588958 -43.95618 0.31003937,
  21.59252 -43.976378 -0.31003937,21.59252 -43.976378 -0.31003937,
  21.588958 -43.95618 0.31003937,21.588958 -43.95618 -0.31003937,
  21.588958 -43.996576 0.31003937,21.59252 -43.976378 0.31003937,
  21.588958 -43.996576 -0.31003937,21.588958 -43.996576 -0.31003937,
  21.59252 -43.976378 0.31003937,21.59252 -43.976378 -0.31003937,
  21.578703 -44.014338 0.31003937,21.588958 -43.996576 0.31003937,
  21.578703 -44.014338 -0.31003937,21.578703 -44.014338 -0.31003937,
  21.588958 -43.996576 0.31003937,21.588958 -43.996576 -0.31003937,
  21.562992 -44.027521 0.31003937,21.578703 -44.014338 0.31003937,
  21.562992 -44.027521 -0.31003937,21.562992 -44.027521 -0.31003937,
  21.578703 -44.014338 0.31003937,21.578703 -44.014338 -0.31003937,
  21.543719 -44.034536 0.31003937,21.562992 -44.027521 0.31003937,
  21.543719 -44.034536 -0.31003937,21.543719 -44.034536 -0.31003937,
  21.562992 -44.027521 0.31003937,21.562992 -44.027521 -0.31003937,
  21.52321 -44.034536 0.31003937,21.543719 -44.034536 0.31003937,
  21.52321 -44.034536 -0.31003937,21.52321 -44.034536 -0.31003937,
  21.543719 -44.034536 0.31003937,21.543719 -44.034536 -0.31003937,
  21.503937 -44.027521 0.31003937,21.52321 -44.034536 0.31003937,
  21.503937 -44.027521 -0.31003937,21.503937 -44.027521 -0.31003937,
  21.52321 -44.034536 0.31003937,21.52321 -44.034536 -0.31003937,
  21.488226 -44.014338 0.31003937,21.503937 -44.027521 0.31003937,
  21.488226 -44.014338 -0.31003937,21.488226 -44.014338 -0.31003937,
  21.503937 -44.027521 0.31003937,21.503937 -44.027521 -0.31003937,
  21.477971 -43.996576 0.31003937,21.488226 -44.014338 0.31003937,
  21.477971 -43.996576 -0.31003937,21.477971 -43.996576 -0.31003937,
  21.488226 -44.014338 0.31003937,21.488226 -44.014338 -0.31003937,
  21.474409 -43.976378 0.31003937,21.477971 -43.996576 0.31003937,
  21.474409 -43.976378 -0.31003937,21.474409 -43.976378 -0.31003937,
  21.477971 -43.996576 0.31003937,21.477971 -43.996576 -0.31003937,
  24.540963 -45.530983 0.31003937,24.537402 -45.551181 0.31003937,
  24.540963 -45.530983 -0.31003937,24.540963 -45.530983 -0.31003937,
  24.537402 -45.551181 0.31003937,24.537402 -45.551181 -0.31003937,
  24.551218 -45.513221 0.31003937,24.540963 -45.530983 0.31003937,
  24.551218 -45.513221 -0.31003937,24.551218 -45.513221 -0.31003937,
  24.540963 -45.530983 0.31003937,24.540963 -45.530983 -0.31003937,
  24.566929 -45.500038 0.31003937,24.551218 -45.513221 0.31003937,
  24.566929 -45.500038 -0.31003937,24.566929 -45.500038 -0.31003937,
  24.551218 -45.513221 0.31003937,24.551218 -45.513221 -0.31003937,
  24.586202 -45.493023 0.31003937,24.566929 -45.500038 0.31003937,
  24.586202 -45.493023 -0.31003937,24.586202 -45.493023 -0.31003937,
  24.566929 -45.500038 0.31003937,24.566929 -45.500038 -0.31003937,
  24.606712 -45.493023 0.31003937,24.586202 -45.493023 0.31003937,
  24.606712 -45.493023 -0.31003937,24.606712 -45.493023 -0.31003937,
  24.586202 -45.493023 0.31003937,24.586202 -45.493023 -0.31003937,
  24.625984 -45.500038 0.31003937,24.606712 -45.493023 0.31003937,
  24.625984 -45.500038 -0.31003937,24.625984 -45.500038 -0.31003937,
  24.606712 -45.493023 0.31003937,24.606712 -45.493023 -0.31003937,
  24.641696 -45.513221 0.31003937,24.625984 -45.500038 0.31003937,
  24.641696 -45.513221 -0.31003937,24.641696 -45.513221 -0.31003937,
  24.625984 -45.500038 0.31003937,24.625984 -45.500038 -0.31003937,
  24.65195 -45.530983 0.31003937,24.641696 -45.513221 0.31003937,
  24.65195 -45.530983 -0.31003937,24.65195 -45.530983 -0.31003937,
  24.641696 -45.513221 0.31003937,24.641696 -45.513221 -0.31003937,
  24.655512 -45.551181 0.31003937,24.65195 -45.530983 0.31003937,
  24.655512 -45.551181 -0.31003937,24.655512 -45.551181 -0.31003937,
  24.65195 -45.530983 0.31003937,24.65195 -45.530983 -0.31003937,
  24.65195 -45.571379 0.31003937,24.655512 -45.551181 0.31003937,
  24.65195 -45.571379 -0.31003937,24.65195 -45.571379 -0.31003937,
  24.655512 -45.551181 0.31003937,24.655512 -45.551181 -0.31003937,
  24.641696 -45.589141 0.31003937,24.65195 -45.571379 0.31003937,
  24.641696 -45.589141 -0.31003937,24.641696 -45.589141 -0.31003937,
  24.65195 -45.571379 0.31003937,24.65195 -45.571379 -0.31003937,
  24.625984 -45.602324 0.31003937,24.641696 -45.589141 0.31003937,
  24.625984 -45.602324 -0.31003937,24.625984 -45.602324 -0.31003937,
  24.641696 -45.589141 0.31003937,24.641696 -45.589141 -0.31003937,
  24.606712 -45.609339 0.31003937,24.625984 -45.602324 0.31003937,
  24.606712 -45.609339 -0.31003937,24.606712 -45.609339 -0.31003937,
  24.625984 -45.602324 0.31003937,24.625984 -45.602324 -0.31003937,
  24.586202 -45.609339 0.31003937,24.606712 -45.609339 0.31003937,
  24.586202 -45.609339 -0.31003937,24.586202 -45.609339 -0.31003937,
  24.606712 -45.609339 0.31003937,24.606712 -45.609339 -0.31003937,
  24.566929 -45.602324 0.31003937,24.586202 -45.609339 0.31003937,
  24.566929 -45.602324 -0.31003937,24.566929 -45.602324 -0.31003937,
  24.586202 -45.609339 0.31003937,24.586202 -45.609339 -0.31003937,
  24.551218 -45.589141 0.31003937,24.566929 -45.602324 0.31003937,
  24.551218 -45.589141 -0.31003937,24.551218 -45.589141 -0.31003937,
  24.566929 -45.602324 0.31003937,24.566929 -45.602324 -0.31003937,
  24.540963 -45.571379 0.31003937,24.551218 -45.589141 0.31003937,
  24.540963 -45.571379 -0.31003937,24.540963 -45.571379 -0.31003937,
  24.551218 -45.589141 0.31003937,24.551218 -45.589141 -0.31003937,
  24.537402 -45.551181 0.31003937,24.540963 -45.571379 0.31003937,
  24.537402 -45.551181 -0.31003937,24.537402 -45.551181 -0.31003937,
  24.540963 -45.571379 0.31003937,24.540963 -45.571379 -0.31003937,
  29.194506 -40.294763 0.31003937,29.190945 -40.314961 0.31003937,
  29.194506 -40.294763 -0.31003937,29.194506 -40.294763 -0.31003937,
  29.190945 -40.314961 0.31003937,29.190945 -40.314961 -0.31003937,
  29.204761 -40.277001 0.31003937,29.194506 -40.294763 0.31003937,
  29.204761 -40.277001 -0.31003937,29.204761 -40.277001 -0.31003937,
  29.194506 -40.294763 0.31003937,29.194506 -40.294763 -0.31003937,
  29.220472 -40.263817 0.31003937,29.204761 -40.277001 0.31003937,
  29.220472 -40.263817 -0.31003937,29.220472 -40.263817 -0.31003937,
  29.204761 -40.277001 0.31003937,29.204761 -40.277001 -0.31003937,
  29.239745 -40.256803 0.31003937,29.220472 -40.263817 0.31003937,
  29.239745 -40.256803 -0.31003937,29.239745 -40.256803 -0.31003937,
  29.220472 -40.263817 0.31003937,29.220472 -40.263817 -0.31003937,
  29.260255 -40.256803 0.31003937,29.239745 -40.256803 0.31003937,
  29.260255 -40.256803 -0.31003937,29.260255 -40.256803 -0.31003937,
  29.239745 -40.256803 0.31003937,29.239745 -40.256803 -0.31003937,
  29.279528 -40.263817 0.31003937,29.260255 -40.256803 0.31003937,
  29.279528 -40.263817 -0.31003937,29.279528 -40.263817 -0.31003937,
  29.260255 -40.256803 0.31003937,29.260255 -40.256803 -0.31003937,
  29.295239 -40.277001 0.31003937,29.279528 -40.263817 0.31003937,
  29.295239 -40.277001 -0.31003937,29.295239 -40.277001 -0.31003937,
  29.279528 -40.263817 0.31003937,29.279528 -40.263817 -0.31003937,
  29.305494 -40.294763 0.31003937,29.295239 -40.277001 0.31003937,
  29.305494 -40.294763 -0.31003937,29.305494 -40.294763 -0.31003937,
  29.295239 -40.277001 0.31003937,29.295239 -40.277001 -0.31003937,
  29.309055 -40.314961 0.31003937,29.305494 -40.294763 0.31003937,
  29.309055 -40.314961 -0.31003937,29.309055 -40.314961 -0.31003937,
  29.305494 -40.294763 0.31003937,29.305494 -40.294763 -0.31003937,
  29.305494 -40.335159 0.31003937,29.309055 -40.314961 0.31003937,
  29.305494 -40.335159 -0.31003937,29.305494 -40.335159 -0.31003937,
  29.309055 -40.314961 0.31003937,29.309055 -40.314961 -0.31003937,
  29.295239 -40.352921 0.31003937,29.305494 -40.335159 0.31003937,
  29.295239 -40.352921 -0.31003937,29.295239 -40.352921 -0.31003937,
  29.305494 -40.335159 0.31003937,29.305494 -40.335159 -0.31003937,
  29.279528 -40.366104 0.31003937,29.295239 -40.352921 0.31003937,
  29.279528 -40.366104 -0.31003937,29.279528 -40.366104 -0.31003937,
  29.295239 -40.352921 0.31003937,29.295239 -40.352921 -0.31003937,
  29.260255 -40.373119 0.31003937,29.279528 -40.366104 0.31003937,
  29.260255 -40.373119 -0.31003937,29.260255 -40.373119 -0.31003937,
  29.279528 -40.366104 0.31003937,29.279528 -40.366104 -0.31003937,
  29.239745 -40.373119 0.31003937,29.260255 -40.373119 0.31003937,
  29.239745 -40.373119 -0.31003937,29.239745 -40.373119 -0.31003937,
  29.260255 -40.373119 0.31003937,29.260255 -40.373119 -0.31003937,
  29.220472 -40.366104 0.31003937,29.239745 -40.373119 0.31003937,
  29.220472 -40.366104 -0.31003937,29.220472 -40.366104 -0.31003937,
  29.239745 -40.373119 0.31003937,29.239745 -40.373119 -0.31003937,
  29.204761 -40.352921 0.31003937,29.220472 -40.366104 0.31003937,
  29.204761 -40.352921 -0.31003937,29.204761 -40.352921 -0.31003937,
  29.220472 -40.366104 0.31003937,29.220472 -40.366104 -0.31003937,
  29.194506 -40.335159 0.31003937,29.204761 -40.352921 0.31003937,
  29.194506 -40.335159 -0.31003937,29.194506 -40.335159 -0.31003937,
  29.204761 -40.352921 0.31003937,29.204761 -40.352921 -0.31003937,
  29.190945 -40.314961 0.31003937,29.194506 -40.335159 0.31003937,
  29.190945 -40.314961 -0.31003937,29.190945 -40.314961 -0.31003937,
  29.194506 -40.335159 0.31003937,29.194506 -40.335159 -0.31003937,
  22.560648 -40.235707 0.31003937,22.557087 -40.255906 0.31003937,
  22.560648 -40.235707 -0.31003937,22.560648 -40.235707 -0.31003937,
  22.557087 -40.255906 0.31003937,22.557087 -40.255906 -0.31003937,
  22.570903 -40.217946 0.31003937,22.560648 -40.235707 0.31003937,
  22.570903 -40.217946 -0.31003937,22.570903 -40.217946 -0.31003937,
  22.560648 -40.235707 0.31003937,22.560648 -40.235707 -0.31003937,
  22.586614 -40.204762 0.31003937,22.570903 -40.217946 0.31003937,
  22.586614 -40.204762 -0.31003937,22.586614 -40.204762 -0.31003937,
  22.570903 -40.217946 0.31003937,22.570903 -40.217946 -0.31003937,
  22.605887 -40.197748 0.31003937,22.586614 -40.204762 0.31003937,
  22.605887 -40.197748 -0.31003937,22.605887 -40.197748 -0.31003937,
  22.586614 -40.204762 0.31003937,22.586614 -40.204762 -0.31003937,
  22.626397 -40.197748 0.31003937,22.605887 -40.197748 0.31003937,
  22.626397 -40.197748 -0.31003937,22.626397 -40.197748 -0.31003937,
  22.605887 -40.197748 0.31003937,22.605887 -40.197748 -0.31003937,
  22.645669 -40.204762 0.31003937,22.626397 -40.197748 0.31003937,
  22.645669 -40.204762 -0.31003937,22.645669 -40.204762 -0.31003937,
  22.626397 -40.197748 0.31003937,22.626397 -40.197748 -0.31003937,
  22.661381 -40.217946 0.31003937,22.645669 -40.204762 0.31003937,
  22.661381 -40.217946 -0.31003937,22.661381 -40.217946 -0.31003937,
  22.645669 -40.204762 0.31003937,22.645669 -40.204762 -0.31003937,
  22.671635 -40.235707 0.31003937,22.661381 -40.217946 0.31003937,
  22.671635 -40.235707 -0.31003937,22.671635 -40.235707 -0.31003937,
  22.661381 -40.217946 0.31003937,22.661381 -40.217946 -0.31003937,
  22.675197 -40.255906 0.31003937,22.671635 -40.235707 0.31003937,
  22.675197 -40.255906 -0.31003937,22.675197 -40.255906 -0.31003937,
  22.671635 -40.235707 0.31003937,22.671635 -40.235707 -0.31003937,
  22.671635 -40.276104 0.31003937,22.675197 -40.255906 0.31003937,
  22.671635 -40.276104 -0.31003937,22.671635 -40.276104 -0.31003937,
  22.675197 -40.255906 0.31003937,22.675197 -40.255906 -0.31003937,
  22.661381 -40.293865 0.31003937,22.671635 -40.276104 0.31003937,
  22.661381 -40.293865 -0.31003937,22.661381 -40.293865 -0.31003937,
  22.671635 -40.276104 0.31003937,22.671635 -40.276104 -0.31003937,
  22.645669 -40.307049 0.31003937,22.661381 -40.293865 0.31003937,
  22.645669 -40.307049 -0.31003937,22.645669 -40.307049 -0.31003937,
  22.661381 -40.293865 0.31003937,22.661381 -40.293865 -0.31003937,
  22.626397 -40.314063 0.31003937,22.645669 -40.307049 0.31003937,
  22.626397 -40.314063 -0.31003937,22.626397 -40.314063 -0.31003937,
  22.645669 -40.307049 0.31003937,22.645669 -40.307049 -0.31003937,
  22.605887 -40.314063 0.31003937,22.626397 -40.314063 0.31003937,
  22.605887 -40.314063 -0.31003937,22.605887 -40.314063 -0.31003937,
  22.626397 -40.314063 0.31003937,22.626397 -40.314063 -0.31003937,
  22.586614 -40.307049 0.31003937,22.605887 -40.314063 0.31003937,
  22.586614 -40.307049 -0.31003937,22.586614 -40.307049 -0.31003937,
  22.605887 -40.314063 0.31003937,22.605887 -40.314063 -0.31003937,
  22.570903 -40.293865 0.31003937,22.586614 -40.307049 0.31003937,
  22.570903 -40.293865 -0.31003937,22.570903 -40.293865 -0.31003937,
  22.586614 -40.307049 0.31003937,22.586614 -40.307049 -0.31003937,
  22.560648 -40.276104 0.31003937,22.570903 -40.293865 0.31003937,
  22.560648 -40.276104 -0.31003937,22.560648 -40.276104 -0.31003937,
  22.570903 -40.293865 0.31003937,22.570903 -40.293865 -0.31003937,
  22.557087 -40.255906 0.31003937,22.560648 -40.276104 0.31003937,
  22.557087 -40.255906 -0.31003937,22.557087 -40.255906 -0.31003937,
  22.560648 -40.276104 0.31003937,22.560648 -40.276104 -0.31003937,
  23.65195 -34.941458 0.31003937,23.655512 -34.92126 0.31003937,
  23.65195 -34.941458 -0.31003937,23.65195 -34.941458 -0.31003937,
  23.655512 -34.92126 0.31003937,23.655512 -34.92126 -0.31003937,
  23.641696 -34.95922 0.31003937,23.65195 -34.941458 0.31003937,
  23.641696 -34.95922 -0.31003937,23.641696 -34.95922 -0.31003937,
  23.65195 -34.941458 0.31003937,23.65195 -34.941458 -0.31003937,
  23.625984 -34.972403 0.31003937,23.641696 -34.95922 0.31003937,
  23.625984 -34.972403 -0.31003937,23.625984 -34.972403 -0.31003937,
  23.641696 -34.95922 0.31003937,23.641696 -34.95922 -0.31003937,
  23.606712 -34.979418 0.31003937,23.625984 -34.972403 0.31003937,
  23.606712 -34.979418 -0.31003937,23.606712 -34.979418 -0.31003937,
  23.625984 -34.972403 0.31003937,23.625984 -34.972403 -0.31003937,
  23.586202 -34.979418 0.31003937,23.606712 -34.979418 0.31003937,
  23.586202 -34.979418 -0.31003937,23.586202 -34.979418 -0.31003937,
  23.606712 -34.979418 0.31003937,23.606712 -34.979418 -0.31003937,
  23.566929 -34.972403 0.31003937,23.586202 -34.979418 0.31003937,
  23.566929 -34.972403 -0.31003937,23.566929 -34.972403 -0.31003937,
  23.586202 -34.979418 0.31003937,23.586202 -34.979418 -0.31003937,
  23.551218 -34.95922 0.31003937,23.566929 -34.972403 0.31003937,
  23.551218 -34.95922 -0.31003937,23.551218 -34.95922 -0.31003937,
  23.566929 -34.972403 0.31003937,23.566929 -34.972403 -0.31003937,
  23.540963 -34.941458 0.31003937,23.551218 -34.95922 0.31003937,
  23.540963 -34.941458 -0.31003937,23.540963 -34.941458 -0.31003937,
  23.551218 -34.95922 0.31003937,23.551218 -34.95922 -0.31003937,
  23.537402 -34.92126 0.31003937,23.540963 -34.941458 0.31003937,
  23.537402 -34.92126 -0.31003937,23.537402 -34.92126 -0.31003937,
  23.540963 -34.941458 0.31003937,23.540963 -34.941458 -0.31003937,
  23.540963 -34.901062 0.31003937,23.537402 -34.92126 0.31003937,
  23.540963 -34.901062 -0.31003937,23.540963 -34.901062 -0.31003937,
  23.537402 -34.92126 0.31003937,23.537402 -34.92126 -0.31003937,
  23.551218 -34.8833 0.31003937,23.540963 -34.901062 0.31003937,
  23.551218 -34.8833 -0.31003937,23.551218 -34.8833 -0.31003937,
  23.540963 -34.901062 0.31003937,23.540963 -34.901062 -0.31003937,
  23.566929 -34.870117 0.31003937,23.551218 -34.8833 0.31003937,
  23.566929 -34.870117 -0.31003937,23.566929 -34.870117 -0.31003937,
  23.551218 -34.8833 0.31003937,23.551218 -34.8833 -0.31003937,
  23.586202 -34.863102 0.31003937,23.566929 -34.870117 0.31003937,
  23.586202 -34.863102 -0.31003937,23.586202 -34.863102 -0.31003937,
  23.566929 -34.870117 0.31003937,23.566929 -34.870117 -0.31003937,
  23.606712 -34.863102 0.31003937,23.586202 -34.863102 0.31003937,
  23.606712 -34.863102 -0.31003937,23.606712 -34.863102 -0.31003937,
  23.586202 -34.863102 0.31003937,23.586202 -34.863102 -0.31003937,
  23.625984 -34.870117 0.31003937,23.606712 -34.863102 0.31003937,
  23.625984 -34.870117 -0.31003937,23.625984 -34.870117 -0.31003937,
  23.606712 -34.863102 0.31003937,23.606712 -34.863102 -0.31003937,
  23.641696 -34.8833 0.31003937,23.625984 -34.870117 0.31003937,
  23.641696 -34.8833 -0.31003937,23.641696 -34.8833 -0.31003937,
  23.625984 -34.870117 0.31003937,23.625984 -34.870117 -0.31003937,
  23.65195 -34.901062 0.31003937,23.641696 -34.8833 0.31003937,
  23.65195 -34.901062 -0.31003937,23.65195 -34.901062 -0.31003937,
  23.641696 -34.8833 0.31003937,23.641696 -34.8833 -0.31003937,
  23.655512 -34.92126 0.31003937,23.65195 -34.901062 0.31003937,
  23.655512 -34.92126 -0.31003937,23.655512 -34.92126 -0.31003937,
  23.65195 -34.901062 0.31003937,23.65195 -34.901062 -0.31003937,
  23.511811 -36.310986 0.31003937,23.531084 -36.318 0.31003937,
  23.511811 -36.310986 -0.31003937,23.511811 -36.310986 -0.31003937,
  23.531084 -36.318 0.31003937,23.531084 -36.318 -0.31003937,
  23.4961 -36.297802 0.31003937,23.511811 -36.310986 0.31003937,
  23.4961 -36.297802 -0.31003937,23.4961 -36.297802 -0.31003937,
  23.511811 -36.310986 0.31003937,23.511811 -36.310986 -0.31003937,
  23.485845 -36.280041 0.31003937,23.4961 -36.297802 0.31003937,
  23.485845 -36.280041 -0.31003937,23.485845 -36.280041 -0.31003937,
  23.4961 -36.297802 0.31003937,23.4961 -36.297802 -0.31003937,
  23.482283 -36.259843 0.31003937,23.485845 -36.280041 0.31003937,
  23.482283 -36.259843 -0.31003937,23.482283 -36.259843 -0.31003937,
  23.485845 -36.280041 0.31003937,23.485845 -36.280041 -0.31003937,
  23.485845 -36.239644 0.31003937,23.482283 -36.259843 0.31003937,
  23.485845 -36.239644 -0.31003937,23.485845 -36.239644 -0.31003937,
  23.482283 -36.259843 0.31003937,23.482283 -36.259843 -0.31003937,
  23.4961 -36.221883 0.31003937,23.485845 -36.239644 0.31003937,
  23.4961 -36.221883 -0.31003937,23.4961 -36.221883 -0.31003937,
  23.485845 -36.239644 0.31003937,23.485845 -36.239644 -0.31003937,
  23.511811 -36.208699 0.31003937,23.4961 -36.221883 0.31003937,
  23.511811 -36.208699 -0.31003937,23.511811 -36.208699 -0.31003937,
  23.4961 -36.221883 0.31003937,23.4961 -36.221883 -0.31003937,
  23.531084 -36.201685 0.31003937,23.511811 -36.208699 0.31003937,
  23.531084 -36.201685 -0.31003937,23.531084 -36.201685 -0.31003937,
  23.511811 -36.208699 0.31003937,23.511811 -36.208699 -0.31003937,
  23.551593 -36.201685 0.31003937,23.531084 -36.201685 0.31003937,
  23.551593 -36.201685 -0.31003937,23.551593 -36.201685 -0.31003937,
  23.531084 -36.201685 0.31003937,23.531084 -36.201685 -0.31003937,
  23.570866 -36.208699 0.31003937,23.551593 -36.201685 0.31003937,
  23.570866 -36.208699 -0.31003937,23.570866 -36.208699 -0.31003937,
  23.551593 -36.201685 0.31003937,23.551593 -36.201685 -0.31003937,
  23.586577 -36.221883 0.31003937,23.570866 -36.208699 0.31003937,
  23.586577 -36.221883 -0.31003937,23.586577 -36.221883 -0.31003937,
  23.570866 -36.208699 0.31003937,23.570866 -36.208699 -0.31003937,
  23.596832 -36.239644 0.31003937,23.586577 -36.221883 0.31003937,
  23.596832 -36.239644 -0.31003937,23.596832 -36.239644 -0.31003937,
  23.586577 -36.221883 0.31003937,23.586577 -36.221883 -0.31003937,
  23.600394 -36.259843 0.31003937,23.596832 -36.239644 0.31003937,
  23.600394 -36.259843 -0.31003937,23.600394 -36.259843 -0.31003937,
  23.596832 -36.239644 0.31003937,23.596832 -36.239644 -0.31003937,
  23.596832 -36.280041 0.31003937,23.600394 -36.259843 0.31003937,
  23.596832 -36.280041 -0.31003937,23.596832 -36.280041 -0.31003937,
  23.600394 -36.259843 0.31003937,23.600394 -36.259843 -0.31003937,
  23.586577 -36.297802 0.31003937,23.596832 -36.280041 0.31003937,
  23.586577 -36.297802 -0.31003937,23.586577 -36.297802 -0.31003937,
  23.596832 -36.280041 0.31003937,23.596832 -36.280041 -0.31003937,
  23.570866 -36.310986 0.31003937,23.586577 -36.297802 0.31003937,
  23.570866 -36.310986 -0.31003937,23.570866 -36.310986 -0.31003937,
  23.586577 -36.297802 0.31003937,23.586577 -36.297802 -0.31003937,
  23.551593 -36.318 0.31003937,23.570866 -36.310986 0.31003937,
  23.551593 -36.318 -0.31003937,23.551593 -36.318 -0.31003937,
  23.570866 -36.310986 0.31003937,23.570866 -36.310986 -0.31003937,
  23.531084 -36.318 0.31003937,23.551593 -36.318 0.31003937,
  23.531084 -36.318 -0.31003937,23.531084 -36.318 -0.31003937,
  23.551593 -36.318 0.31003937,23.551593 -36.318 -0.31003937,
  23.540963 -45.530983 0.31003937,23.537402 -45.551181 0.31003937,
  23.540963 -45.530983 -0.31003937,23.540963 -45.530983 -0.31003937,
  23.537402 -45.551181 0.31003937,23.537402 -45.551181 -0.31003937,
  23.551218 -45.513221 0.31003937,23.540963 -45.530983 0.31003937,
  23.551218 -45.513221 -0.31003937,23.551218 -45.513221 -0.31003937,
  23.540963 -45.530983 0.31003937,23.540963 -45.530983 -0.31003937,
  23.566929 -45.500038 0.31003937,23.551218 -45.513221 0.31003937,
  23.566929 -45.500038 -0.31003937,23.566929 -45.500038 -0.31003937,
  23.551218 -45.513221 0.31003937,23.551218 -45.513221 -0.31003937,
  23.586202 -45.493023 0.31003937,23.566929 -45.500038 0.31003937,
  23.586202 -45.493023 -0.31003937,23.586202 -45.493023 -0.31003937,
  23.566929 -45.500038 0.31003937,23.566929 -45.500038 -0.31003937,
  23.606712 -45.493023 0.31003937,23.586202 -45.493023 0.31003937,
  23.606712 -45.493023 -0.31003937,23.606712 -45.493023 -0.31003937,
  23.586202 -45.493023 0.31003937,23.586202 -45.493023 -0.31003937,
  23.625984 -45.500038 0.31003937,23.606712 -45.493023 0.31003937,
  23.625984 -45.500038 -0.31003937,23.625984 -45.500038 -0.31003937,
  23.606712 -45.493023 0.31003937,23.606712 -45.493023 -0.31003937,
  23.641696 -45.513221 0.31003937,23.625984 -45.500038 0.31003937,
  23.641696 -45.513221 -0.31003937,23.641696 -45.513221 -0.31003937,
  23.625984 -45.500038 0.31003937,23.625984 -45.500038 -0.31003937,
  23.65195 -45.530983 0.31003937,23.641696 -45.513221 0.31003937,
  23.65195 -45.530983 -0.31003937,23.65195 -45.530983 -0.31003937,
  23.641696 -45.513221 0.31003937,23.641696 -45.513221 -0.31003937,
  23.655512 -45.551181 0.31003937,23.65195 -45.530983 0.31003937,
  23.655512 -45.551181 -0.31003937,23.655512 -45.551181 -0.31003937,
  23.65195 -45.530983 0.31003937,23.65195 -45.530983 -0.31003937,
  23.65195 -45.571379 0.31003937,23.655512 -45.551181 0.31003937,
  23.65195 -45.571379 -0.31003937,23.65195 -45.571379 -0.31003937,
  23.655512 -45.551181 0.31003937,23.655512 -45.551181 -0.31003937,
  23.641696 -45.589141 0.31003937,23.65195 -45.571379 0.31003937,
  23.641696 -45.589141 -0.31003937,23.641696 -45.589141 -0.31003937,
  23.65195 -45.571379 0.31003937,23.65195 -45.571379 -0.31003937,
  23.625984 -45.602324 0.31003937,23.641696 -45.589141 0.31003937,
  23.625984 -45.602324 -0.31003937,23.625984 -45.602324 -0.31003937,
  23.641696 -45.589141 0.31003937,23.641696 -45.589141 -0.31003937,
  23.606712 -45.609339 0.31003937,23.625984 -45.602324 0.31003937,
  23.606712 -45.609339 -0.31003937,23.606712 -45.609339 -0.31003937,
  23.625984 -45.602324 0.31003937,23.625984 -45.602324 -0.31003937,
  23.586202 -45.609339 0.31003937,23.606712 -45.609339 0.31003937,
  23.586202 -45.609339 -0.31003937,23.586202 -45.609339 -0.31003937,
  23.606712 -45.609339 0.31003937,23.606712 -45.609339 -0.31003937,
  23.566929 -45.602324 0.31003937,23.586202 -45.609339 0.31003937,
  23.566929 -45.602324 -0.31003937,23.566929 -45.602324 -0.31003937,
  23.586202 -45.609339 0.31003937,23.586202 -45.609339 -0.31003937,
  23.551218 -45.589141 0.31003937,23.566929 -45.602324 0.31003937,
  23.551218 -45.589141 -0.31003937,23.551218 -45.589141 -0.31003937,
  23.566929 -45.602324 0.31003937,23.566929 -45.602324 -0.31003937,
  23.540963 -45.571379 0.31003937,23.551218 -45.589141 0.31003937,
  23.540963 -45.571379 -0.31003937,23.540963 -45.571379 -0.31003937,
  23.551218 -45.589141 0.31003937,23.551218 -45.589141 -0.31003937,
  23.537402 -45.551181 0.31003937,23.540963 -45.571379 0.31003937,
  23.537402 -45.551181 -0.31003937,23.537402 -45.551181 -0.31003937,
  23.540963 -45.571379 0.31003937,23.540963 -45.571379 -0.31003937,
  28.279528 -45.500038 0.31003937,28.260255 -45.493023 0.31003937,
  28.279528 -45.500038 -0.31003937,28.279528 -45.500038 -0.31003937,
  28.260255 -45.493023 0.31003937,28.260255 -45.493023 -0.31003937,
  28.295239 -45.513221 0.31003937,28.279528 -45.500038 0.31003937,
  28.295239 -45.513221 -0.31003937,28.295239 -45.513221 -0.31003937,
  28.279528 -45.500038 0.31003937,28.279528 -45.500038 -0.31003937,
  28.305494 -45.530983 0.31003937,28.295239 -45.513221 0.31003937,
  28.305494 -45.530983 -0.31003937,28.305494 -45.530983 -0.31003937,
  28.295239 -45.513221 0.31003937,28.295239 -45.513221 -0.31003937,
  28.309055 -45.551181 0.31003937,28.305494 -45.530983 0.31003937,
  28.309055 -45.551181 -0.31003937,28.309055 -45.551181 -0.31003937,
  28.305494 -45.530983 0.31003937,28.305494 -45.530983 -0.31003937,
  28.305494 -45.571379 0.31003937,28.309055 -45.551181 0.31003937,
  28.305494 -45.571379 -0.31003937,28.305494 -45.571379 -0.31003937,
  28.309055 -45.551181 0.31003937,28.309055 -45.551181 -0.31003937,
  28.295239 -45.589141 0.31003937,28.305494 -45.571379 0.31003937,
  28.295239 -45.589141 -0.31003937,28.295239 -45.589141 -0.31003937,
  28.305494 -45.571379 0.31003937,28.305494 -45.571379 -0.31003937,
  28.279528 -45.602324 0.31003937,28.295239 -45.589141 0.31003937,
  28.279528 -45.602324 -0.31003937,28.279528 -45.602324 -0.31003937,
  28.295239 -45.589141 0.31003937,28.295239 -45.589141 -0.31003937,
  28.260255 -45.609339 0.31003937,28.279528 -45.602324 0.31003937,
  28.260255 -45.609339 -0.31003937,28.260255 -45.609339 -0.31003937,
  28.279528 -45.602324 0.31003937,28.279528 -45.602324 -0.31003937,
  28.239745 -45.609339 0.31003937,28.260255 -45.609339 0.31003937,
  28.239745 -45.609339 -0.31003937,28.239745 -45.609339 -0.31003937,
  28.260255 -45.609339 0.31003937,28.260255 -45.609339 -0.31003937,
  28.220472 -45.602324 0.31003937,28.239745 -45.609339 0.31003937,
  28.220472 -45.602324 -0.31003937,28.220472 -45.602324 -0.31003937,
  28.239745 -45.609339 0.31003937,28.239745 -45.609339 -0.31003937,
  28.204761 -45.589141 0.31003937,28.220472 -45.602324 0.31003937,
  28.204761 -45.589141 -0.31003937,28.204761 -45.589141 -0.31003937,
  28.220472 -45.602324 0.31003937,28.220472 -45.602324 -0.31003937,
  28.194506 -45.571379 0.31003937,28.204761 -45.589141 0.31003937,
  28.194506 -45.571379 -0.31003937,28.194506 -45.571379 -0.31003937,
  28.204761 -45.589141 0.31003937,28.204761 -45.589141 -0.31003937,
  28.190945 -45.551181 0.31003937,28.194506 -45.571379 0.31003937,
  28.190945 -45.551181 -0.31003937,28.190945 -45.551181 -0.31003937,
  28.194506 -45.571379 0.31003937,28.194506 -45.571379 -0.31003937,
  28.194506 -45.530983 0.31003937,28.190945 -45.551181 0.31003937,
  28.194506 -45.530983 -0.31003937,28.194506 -45.530983 -0.31003937,
  28.190945 -45.551181 0.31003937,28.190945 -45.551181 -0.31003937,
  28.204761 -45.513221 0.31003937,28.194506 -45.530983 0.31003937,
  28.204761 -45.513221 -0.31003937,28.204761 -45.513221 -0.31003937,
  28.194506 -45.530983 0.31003937,28.194506 -45.530983 -0.31003937,
  28.220472 -45.500038 0.31003937,28.204761 -45.513221 0.31003937,
  28.220472 -45.500038 -0.31003937,28.220472 -45.500038 -0.31003937,
  28.204761 -45.513221 0.31003937,28.204761 -45.513221 -0.31003937,
  28.239745 -45.493023 0.31003937,28.220472 -45.500038 0.31003937,
  28.239745 -45.493023 -0.31003937,28.239745 -45.493023 -0.31003937,
  28.220472 -45.500038 0.31003937,28.220472 -45.500038 -0.31003937,
  28.260255 -45.493023 0.31003937,28.239745 -45.493023 0.31003937,
  28.260255 -45.493023 -0.31003937,28.260255 -45.493023 -0.31003937,
  28.239745 -45.493023 0.31003937,28.239745 -45.493023 -0.31003937,
  28.194506 -34.901062 0.31003937,28.190945 -34.92126 0.31003937,
  28.194506 -34.901062 -0.31003937,28.194506 -34.901062 -0.31003937,
  28.190945 -34.92126 0.31003937,28.190945 -34.92126 -0.31003937,
  28.204761 -34.8833 0.31003937,28.194506 -34.901062 0.31003937,
  28.204761 -34.8833 -0.31003937,28.204761 -34.8833 -0.31003937,
  28.194506 -34.901062 0.31003937,28.194506 -34.901062 -0.31003937,
  28.220472 -34.870117 0.31003937,28.204761 -34.8833 0.31003937,
  28.220472 -34.870117 -0.31003937,28.220472 -34.870117 -0.31003937,
  28.204761 -34.8833 0.31003937,28.204761 -34.8833 -0.31003937,
  28.239745 -34.863102 0.31003937,28.220472 -34.870117 0.31003937,
  28.239745 -34.863102 -0.31003937,28.239745 -34.863102 -0.31003937,
  28.220472 -34.870117 0.31003937,28.220472 -34.870117 -0.31003937,
  28.260255 -34.863102 0.31003937,28.239745 -34.863102 0.31003937,
  28.260255 -34.863102 -0.31003937,28.260255 -34.863102 -0.31003937,
  28.239745 -34.863102 0.31003937,28.239745 -34.863102 -0.31003937,
  28.279528 -34.870117 0.31003937,28.260255 -34.863102 0.31003937,
  28.279528 -34.870117 -0.31003937,28.279528 -34.870117 -0.31003937,
  28.260255 -34.863102 0.31003937,28.260255 -34.863102 -0.31003937,
  28.295239 -34.8833 0.31003937,28.279528 -34.870117 0.31003937,
  28.295239 -34.8833 -0.31003937,28.295239 -34.8833 -0.31003937,
  28.279528 -34.870117 0.31003937,28.279528 -34.870117 -0.31003937,
  28.305494 -34.901062 0.31003937,28.295239 -34.8833 0.31003937,
  28.305494 -34.901062 -0.31003937,28.305494 -34.901062 -0.31003937,
  28.295239 -34.8833 0.31003937,28.295239 -34.8833 -0.31003937,
  28.309055 -34.92126 0.31003937,28.305494 -34.901062 0.31003937,
  28.309055 -34.92126 -0.31003937,28.309055 -34.92126 -0.31003937,
  28.305494 -34.901062 0.31003937,28.305494 -34.901062 -0.31003937,
  28.305494 -34.941458 0.31003937,28.309055 -34.92126 0.31003937,
  28.305494 -34.941458 -0.31003937,28.305494 -34.941458 -0.31003937,
  28.309055 -34.92126 0.31003937,28.309055 -34.92126 -0.31003937,
  28.295239 -34.95922 0.31003937,28.305494 -34.941458 0.31003937,
  28.295239 -34.95922 -0.31003937,28.295239 -34.95922 -0.31003937,
  28.305494 -34.941458 0.31003937,28.305494 -34.941458 -0.31003937,
  28.279528 -34.972403 0.31003937,28.295239 -34.95922 0.31003937,
  28.279528 -34.972403 -0.31003937,28.279528 -34.972403 -0.31003937,
  28.295239 -34.95922 0.31003937,28.295239 -34.95922 -0.31003937,
  28.260255 -34.979418 0.31003937,28.279528 -34.972403 0.31003937,
  28.260255 -34.979418 -0.31003937,28.260255 -34.979418 -0.31003937,
  28.279528 -34.972403 0.31003937,28.279528 -34.972403 -0.31003937,
  28.239745 -34.979418 0.31003937,28.260255 -34.979418 0.31003937,
  28.239745 -34.979418 -0.31003937,28.239745 -34.979418 -0.31003937,
  28.260255 -34.979418 0.31003937,28.260255 -34.979418 -0.31003937,
  28.220472 -34.972403 0.31003937,28.239745 -34.979418 0.31003937,
  28.220472 -34.972403 -0.31003937,28.220472 -34.972403 -0.31003937,
  28.239745 -34.979418 0.31003937,28.239745 -34.979418 -0.31003937,
  28.204761 -34.95922 0.31003937,28.220472 -34.972403 0.31003937,
  28.204761 -34.95922 -0.31003937,28.204761 -34.95922 -0.31003937,
  28.220472 -34.972403 0.31003937,28.220472 -34.972403 -0.31003937,
  28.194506 -34.941458 0.31003937,28.204761 -34.95922 0.31003937,
  28.194506 -34.941458 -0.31003937,28.194506 -34.941458 -0.31003937,
  28.204761 -34.95922 0.31003937,28.204761 -34.95922 -0.31003937,
  28.190945 -34.92126 0.31003937,28.194506 -34.941458 0.31003937,
  28.190945 -34.92126 -0.31003937,28.190945 -34.92126 -0.31003937,
  28.194506 -34.941458 0.31003937,28.194506 -34.941458 -0.31003937,
  27.305494 -34.941458 0.31003937,27.309055 -34.92126 0.31003937,
  27.305494 -34.941458 -0.31003937,27.305494 -34.941458 -0.31003937,
  27.309055 -34.92126 0.31003937,27.309055 -34.92126 -0.31003937,
  27.295239 -34.95922 0.31003937,27.305494 -34.941458 0.31003937,
  27.295239 -34.95922 -0.31003937,27.295239 -34.95922 -0.31003937,
  27.305494 -34.941458 0.31003937,27.305494 -34.941458 -0.31003937,
  27.279528 -34.972403 0.31003937,27.295239 -34.95922 0.31003937,
  27.279528 -34.972403 -0.31003937,27.279528 -34.972403 -0.31003937,
  27.295239 -34.95922 0.31003937,27.295239 -34.95922 -0.31003937,
  27.260255 -34.979418 0.31003937,27.279528 -34.972403 0.31003937,
  27.260255 -34.979418 -0.31003937,27.260255 -34.979418 -0.31003937,
  27.279528 -34.972403 0.31003937,27.279528 -34.972403 -0.31003937,
  27.239745 -34.979418 0.31003937,27.260255 -34.979418 0.31003937,
  27.239745 -34.979418 -0.31003937,27.239745 -34.979418 -0.31003937,
  27.260255 -34.979418 0.31003937,27.260255 -34.979418 -0.31003937,
  27.220472 -34.972403 0.31003937,27.239745 -34.979418 0.31003937,
  27.220472 -34.972403 -0.31003937,27.220472 -34.972403 -0.31003937,
  27.239745 -34.979418 0.31003937,27.239745 -34.979418 -0.31003937,
  27.204761 -34.95922 0.31003937,27.220472 -34.972403 0.31003937,
  27.204761 -34.95922 -0.31003937,27.204761 -34.95922 -0.31003937,
  27.220472 -34.972403 0.31003937,27.220472 -34.972403 -0.31003937,
  27.194506 -34.941458 0.31003937,27.204761 -34.95922 0.31003937,
  27.194506 -34.941458 -0.31003937,27.194506 -34.941458 -0.31003937,
  27.204761 -34.95922 0.31003937,27.204761 -34.95922 -0.31003937,
  27.190945 -34.92126 0.31003937,27.194506 -34.941458 0.31003937,
  27.190945 -34.92126 -0.31003937,27.190945 -34.92126 -0.31003937,
  27.194506 -34.941458 0.31003937,27.194506 -34.941458 -0.31003937,
  27.194506 -34.901062 0.31003937,27.190945 -34.92126 0.31003937,
  27.194506 -34.901062 -0.31003937,27.194506 -34.901062 -0.31003937,
  27.190945 -34.92126 0.31003937,27.190945 -34.92126 -0.31003937,
  27.204761 -34.8833 0.31003937,27.194506 -34.901062 0.31003937,
  27.204761 -34.8833 -0.31003937,27.204761 -34.8833 -0.31003937,
  27.194506 -34.901062 0.31003937,27.194506 -34.901062 -0.31003937,
  27.220472 -34.870117 0.31003937,27.204761 -34.8833 0.31003937,
  27.220472 -34.870117 -0.31003937,27.220472 -34.870117 -0.31003937,
  27.204761 -34.8833 0.31003937,27.204761 -34.8833 -0.31003937,
  27.239745 -34.863102 0.31003937,27.220472 -34.870117 0.31003937,
  27.239745 -34.863102 -0.31003937,27.239745 -34.863102 -0.31003937,
  27.220472 -34.870117 0.31003937,27.220472 -34.870117 -0.31003937,
  27.260255 -34.863102 0.31003937,27.239745 -34.863102 0.31003937,
  27.260255 -34.863102 -0.31003937,27.260255 -34.863102 -0.31003937,
  27.239745 -34.863102 0.31003937,27.239745 -34.863102 -0.31003937,
  27.279528 -34.870117 0.31003937,27.260255 -34.863102 0.31003937,
  27.279528 -34.870117 -0.31003937,27.279528 -34.870117 -0.31003937,
  27.260255 -34.863102 0.31003937,27.260255 -34.863102 -0.31003937,
  27.295239 -34.8833 0.31003937,27.279528 -34.870117 0.31003937,
  27.295239 -34.8833 -0.31003937,27.295239 -34.8833 -0.31003937,
  27.279528 -34.870117 0.31003937,27.279528 -34.870117 -0.31003937,
  27.305494 -34.901062 0.31003937,27.295239 -34.8833 0.31003937,
  27.305494 -34.901062 -0.31003937,27.305494 -34.901062 -0.31003937,
  27.295239 -34.8833 0.31003937,27.295239 -34.8833 -0.31003937,
  27.309055 -34.92126 0.31003937,27.305494 -34.901062 0.31003937,
  27.309055 -34.92126 -0.31003937,27.309055 -34.92126 -0.31003937,
  27.305494 -34.901062 0.31003937,27.305494 -34.901062 -0.31003937,
  28.131514 -43.99555 0.31003937,28.127953 -44.015748 0.31003937,
  28.131514 -43.99555 -0.31003937,28.131514 -43.99555 -0.31003937,
  28.127953 -44.015748 0.31003937,28.127953 -44.015748 -0.31003937,
  28.141769 -43.977788 0.31003937,28.131514 -43.99555 0.31003937,
  28.141769 -43.977788 -0.31003937,28.141769 -43.977788 -0.31003937,
  28.131514 -43.99555 0.31003937,28.131514 -43.99555 -0.31003937,
  28.15748 -43.964605 0.31003937,28.141769 -43.977788 0.31003937,
  28.15748 -43.964605 -0.31003937,28.15748 -43.964605 -0.31003937,
  28.141769 -43.977788 0.31003937,28.141769 -43.977788 -0.31003937,
  28.176753 -43.95759 0.31003937,28.15748 -43.964605 0.31003937,
  28.176753 -43.95759 -0.31003937,28.176753 -43.95759 -0.31003937,
  28.15748 -43.964605 0.31003937,28.15748 -43.964605 -0.31003937,
  28.197263 -43.95759 0.31003937,28.176753 -43.95759 0.31003937,
  28.197263 -43.95759 -0.31003937,28.197263 -43.95759 -0.31003937,
  28.176753 -43.95759 0.31003937,28.176753 -43.95759 -0.31003937,
  28.216535 -43.964605 0.31003937,28.197263 -43.95759 0.31003937,
  28.216535 -43.964605 -0.31003937,28.216535 -43.964605 -0.31003937,
  28.197263 -43.95759 0.31003937,28.197263 -43.95759 -0.31003937,
  28.232247 -43.977788 0.31003937,28.216535 -43.964605 0.31003937,
  28.232247 -43.977788 -0.31003937,28.232247 -43.977788 -0.31003937,
  28.216535 -43.964605 0.31003937,28.216535 -43.964605 -0.31003937,
  28.242502 -43.99555 0.31003937,28.232247 -43.977788 0.31003937,
  28.242502 -43.99555 -0.31003937,28.242502 -43.99555 -0.31003937,
  28.232247 -43.977788 0.31003937,28.232247 -43.977788 -0.31003937,
  28.246063 -44.015748 0.31003937,28.242502 -43.99555 0.31003937,
  28.246063 -44.015748 -0.31003937,28.246063 -44.015748 -0.31003937,
  28.242502 -43.99555 0.31003937,28.242502 -43.99555 -0.31003937,
  28.242502 -44.035946 0.31003937,28.246063 -44.015748 0.31003937,
  28.242502 -44.035946 -0.31003937,28.242502 -44.035946 -0.31003937,
  28.246063 -44.015748 0.31003937,28.246063 -44.015748 -0.31003937,
  28.232247 -44.053708 0.31003937,28.242502 -44.035946 0.31003937,
  28.232247 -44.053708 -0.31003937,28.232247 -44.053708 -0.31003937,
  28.242502 -44.035946 0.31003937,28.242502 -44.035946 -0.31003937,
  28.216535 -44.066891 0.31003937,28.232247 -44.053708 0.31003937,
  28.216535 -44.066891 -0.31003937,28.216535 -44.066891 -0.31003937,
  28.232247 -44.053708 0.31003937,28.232247 -44.053708 -0.31003937,
  28.197263 -44.073906 0.31003937,28.216535 -44.066891 0.31003937,
  28.197263 -44.073906 -0.31003937,28.197263 -44.073906 -0.31003937,
  28.216535 -44.066891 0.31003937,28.216535 -44.066891 -0.31003937,
  28.176753 -44.073906 0.31003937,28.197263 -44.073906 0.31003937,
  28.176753 -44.073906 -0.31003937,28.176753 -44.073906 -0.31003937,
  28.197263 -44.073906 0.31003937,28.197263 -44.073906 -0.31003937,
  28.15748 -44.066891 0.31003937,28.176753 -44.073906 0.31003937,
  28.15748 -44.066891 -0.31003937,28.15748 -44.066891 -0.31003937,
  28.176753 -44.073906 0.31003937,28.176753 -44.073906 -0.31003937,
  28.141769 -44.053708 0.31003937,28.15748 -44.066891 0.31003937,
  28.141769 -44.053708 -0.31003937,28.141769 -44.053708 -0.31003937,
  28.15748 -44.066891 0.31003937,28.15748 -44.066891 -0.31003937,
  28.131514 -44.035946 0.31003937,28.141769 -44.053708 0.31003937,
  28.131514 -44.035946 -0.31003937,28.131514 -44.035946 -0.31003937,
  28.141769 -44.053708 0.31003937,28.141769 -44.053708 -0.31003937,
  28.127953 -44.015748 0.31003937,28.131514 -44.035946 0.31003937,
  28.127953 -44.015748 -0.31003937,28.127953 -44.015748 -0.31003937,
  28.131514 -44.035946 0.31003937,28.131514 -44.035946 -0.31003937,
  31.442335 -46.298424 0.31003937,31.375984 -46.299213 0.31003937,
  31.442335 -46.298424 -0.31003937,31.442335 -46.298424 -0.31003937,
  31.375984 -46.299213 0.31003937,31.375984 -46.299213 -0.31003937,
  31.574222 -46.283771 0.31003937,31.442335 -46.298424 0.31003937,
  31.574222 -46.283771 -0.31003937,31.574222 -46.283771 -0.31003937,
  31.442335 -46.298424 0.31003937,31.442335 -46.298424 -0.31003937,
  31.703636 -46.254428 0.31003937,31.574222 -46.283771 0.31003937,
  31.703636 -46.254428 -0.31003937,31.703636 -46.254428 -0.31003937,
  31.574222 -46.283771 0.31003937,31.574222 -46.283771 -0.31003937,
  31.828945 -46.210764 0.31003937,31.703636 -46.254428 0.31003937,
  31.828945 -46.210764 -0.31003937,31.828945 -46.210764 -0.31003937,
  31.703636 -46.254428 0.31003937,31.703636 -46.254428 -0.31003937,
  31.948571 -46.15333 0.31003937,31.828945 -46.210764 0.31003937,
  31.948571 -46.15333 -0.31003937,31.948571 -46.15333 -0.31003937,
  31.828945 -46.210764 0.31003937,31.828945 -46.210764 -0.31003937,
  32.061006 -46.082851 0.31003937,31.948571 -46.15333 0.31003937,
  32.061006 -46.082851 -0.31003937,32.061006 -46.082851 -0.31003937,
  31.948571 -46.15333 0.31003937,31.948571 -46.15333 -0.31003937,
  32.164833 -46.000213 0.31003937,32.061006 -46.082851 0.31003937,
  32.164833 -46.000213 -0.31003937,32.164833 -46.000213 -0.31003937,
  32.061006 -46.082851 0.31003937,32.061006 -46.082851 -0.31003937,
  32.258743 -45.906459 0.31003937,32.164833 -46.000213 0.31003937,
  32.258743 -45.906459 -0.31003937,32.258743 -45.906459 -0.31003937,
  32.164833 -46.000213 0.31003937,32.164833 -46.000213 -0.31003937,
  32.341554 -45.80277 0.31003937,32.258743 -45.906459 0.31003937,
  32.341554 -45.80277 -0.31003937,32.341554 -45.80277 -0.31003937,
  32.258743 -45.906459 0.31003937,32.258743 -45.906459 -0.31003937,
  32.41222 -45.690454 0.31003937,32.341554 -45.80277 0.31003937,
  32.41222 -45.690454 -0.31003937,32.41222 -45.690454 -0.31003937,
  32.341554 -45.80277 0.31003937,32.341554 -45.80277 -0.31003937,
  32.469853 -45.570923 0.31003937,32.41222 -45.690454 0.31003937,
  32.469853 -45.570923 -0.31003937,32.469853 -45.570923 -0.31003937,
  32.41222 -45.690454 0.31003937,32.41222 -45.690454 -0.31003937,
  32.513726 -45.445687 0.31003937,32.469853 -45.570923 0.31003937,
  32.513726 -45.445687 -0.31003937,32.513726 -45.445687 -0.31003937,
  32.469853 -45.570923 0.31003937,32.469853 -45.570923 -0.31003937,
  32.543285 -45.316322 0.31003937,32.513726 -45.445687 0.31003937,
  32.543285 -45.316322 -0.31003937,32.543285 -45.316322 -0.31003937,
  32.513726 -45.445687 0.31003937,32.513726 -45.445687 -0.31003937,
  32.558158 -45.184459 0.31003937,32.543285 -45.316322 0.31003937,
  32.558158 -45.184459 -0.31003937,32.558158 -45.184459 -0.31003937,
  32.543285 -45.316322 0.31003937,32.543285 -45.316322 -0.31003937,
  32.559055 -45.11811 0.31003937,32.558158 -45.184459 0.31003937,
  32.559055 -45.11811 -0.31003937,32.559055 -45.11811 -0.31003937,
  32.558158 -45.184459 0.31003937,32.558158 -45.184459 -0.31003937,
  32.559055 -35.354331 0.31003937,32.559055 -45.11811 0.31003937,
  32.559055 -35.354331 -0.31003937,32.559055 -35.354331 -0.31003937,
  32.559055 -45.11811 0.31003937,32.559055 -45.11811 -0.31003937,
  32.558126 -35.288054 0.31003937,32.559055 -35.354331 0.31003937,
  32.558126 -35.288054 -0.31003937,32.558126 -35.288054 -0.31003937,
  32.559055 -35.354331 0.31003937,32.559055 -35.354331 -0.31003937,
  32.543285 -35.156333 0.31003937,32.558126 -35.288054 0.31003937,
  32.543285 -35.156333 -0.31003937,32.543285 -35.156333 -0.31003937,
  32.558126 -35.288054 0.31003937,32.558126 -35.288054 -0.31003937,
  32.513789 -35.027102 0.31003937,32.543285 -35.156333 0.31003937,
  32.513789 -35.027102 -0.31003937,32.513789 -35.027102 -0.31003937,
  32.543285 -35.156333 0.31003937,32.543285 -35.156333 -0.31003937,
  32.470009 -34.901986 0.31003937,32.513789 -35.027102 0.31003937,
  32.470009 -34.901986 -0.31003937,32.470009 -34.901986 -0.31003937,
  32.513789 -35.027102 0.31003937,32.513789 -35.027102 -0.31003937,
  32.412496 -34.782559 0.31003937,32.470009 -34.901986 0.31003937,
  32.412496 -34.782559 -0.31003937,32.412496 -34.782559 -0.31003937,
  32.470009 -34.901986 0.31003937,32.470009 -34.901986 -0.31003937,
  32.341972 -34.670322 0.31003937,32.412496 -34.782559 0.31003937,
  32.341972 -34.670322 -0.31003937,32.341972 -34.670322 -0.31003937,
  32.412496 -34.782559 0.31003937,32.412496 -34.782559 -0.31003937,
  32.259326 -34.566687 0.31003937,32.341972 -34.670322 0.31003937,
  32.259326 -34.566687 -0.31003937,32.259326 -34.566687 -0.31003937,
  32.341972 -34.670322 0.31003937,32.341972 -34.670322 -0.31003937,
  32.165596 -34.472957 0.31003937,32.259326 -34.566687 0.31003937,
  32.165596 -34.472957 -0.31003937,32.165596 -34.472957 -0.31003937,
  32.259326 -34.566687 0.31003937,32.259326 -34.566687 -0.31003937,
  32.061961 -34.390311 0.31003937,32.165596 -34.472957 0.31003937,
  32.061961 -34.390311 -0.31003937,32.061961 -34.390311 -0.31003937,
  32.165596 -34.472957 0.31003937,32.165596 -34.472957 -0.31003937,
  31.949724 -34.319788 0.31003937,32.061961 -34.390311 0.31003937,
  31.949724 -34.319788 -0.31003937,31.949724 -34.319788 -0.31003937,
  32.061961 -34.390311 0.31003937,32.061961 -34.390311 -0.31003937,
  31.830297 -34.262275 0.31003937,31.949724 -34.319788 0.31003937,
  31.830297 -34.262275 -0.31003937,31.830297 -34.262275 -0.31003937,
  31.949724 -34.319788 0.31003937,31.949724 -34.319788 -0.31003937,
  31.705181 -34.218495 0.31003937,31.830297 -34.262275 0.31003937,
  31.705181 -34.218495 -0.31003937,31.705181 -34.218495 -0.31003937,
  31.830297 -34.262275 0.31003937,31.830297 -34.262275 -0.31003937,
  31.575951 -34.188999 0.31003937,31.705181 -34.218495 0.31003937,
  31.575951 -34.188999 -0.31003937,31.575951 -34.188999 -0.31003937,
  31.705181 -34.218495 0.31003937,31.705181 -34.218495 -0.31003937,
  31.44423 -34.174157 0.31003937,31.575951 -34.188999 0.31003937,
  31.44423 -34.174157 -0.31003937,31.44423 -34.174157 -0.31003937,
  31.575951 -34.188999 0.31003937,31.575951 -34.188999 -0.31003937,
  31.377953 -34.173228 0.31003937,31.44423 -34.174157 0.31003937,
  31.377953 -34.173228 -0.31003937,31.377953 -34.173228 -0.31003937,
  31.44423 -34.174157 0.31003937,31.44423 -34.174157 -0.31003937,
  26.612205 -34.173228 0.31003937,31.377953 -34.173228 0.31003937,
  26.612205 -34.173228 -0.31003937,26.612205 -34.173228 -0.31003937,
  31.377953 -34.173228 0.31003937,31.377953 -34.173228 -0.31003937,
  26.57236 -34.218217 0.31003937,26.612205 -34.173228 0.31003937,
  26.57236 -34.218217 -0.31003937,26.57236 -34.218217 -0.31003937,
  26.612205 -34.173228 0.31003937,26.612205 -34.173228 -0.31003937,
  26.482789 -34.298341 0.31003937,26.57236 -34.218217 0.31003937,
  26.482789 -34.298341 -0.31003937,26.482789 -34.298341 -0.31003937,
  26.57236 -34.218217 0.31003937,26.57236 -34.218217 -0.31003937,
  26.383426 -34.365941 0.31003937,26.482789 -34.298341 0.31003937,
  26.383426 -34.365941 -0.31003937,26.383426 -34.365941 -0.31003937,
  26.482789 -34.298341 0.31003937,26.482789 -34.298341 -0.31003937,
  26.276009 -34.419832 0.31003937,26.383426 -34.365941 0.31003937,
  26.276009 -34.419832 -0.31003937,26.276009 -34.419832 -0.31003937,
  26.383426 -34.365941 0.31003937,26.383426 -34.365941 -0.31003937,
  26.162418 -34.459074 0.31003937,26.276009 -34.419832 0.31003937,
  26.162418 -34.459074 -0.31003937,26.162418 -34.459074 -0.31003937,
  26.276009 -34.419832 0.31003937,26.276009 -34.419832 -0.31003937,
  26.044641 -34.482978 0.31003937,26.162418 -34.459074 0.31003937,
  26.044641 -34.482978 -0.31003937,26.044641 -34.482978 -0.31003937,
  26.162418 -34.459074 0.31003937,26.162418 -34.459074 -0.31003937,
  25.924739 -34.491127 0.31003937,26.044641 -34.482978 0.31003937,
  25.924739 -34.491127 -0.31003937,25.924739 -34.491127 -0.31003937,
  26.044641 -34.482978 0.31003937,26.044641 -34.482978 -0.31003937,
  25.804811 -34.483377 0.31003937,25.924739 -34.491127 0.31003937,
  25.804811 -34.483377 -0.31003937,25.804811 -34.483377 -0.31003937,
  25.924739 -34.491127 0.31003937,25.924739 -34.491127 -0.31003937,
  25.686956 -34.459865 0.31003937,25.804811 -34.483377 0.31003937,
  25.686956 -34.459865 -0.31003937,25.686956 -34.459865 -0.31003937,
  25.804811 -34.483377 0.31003937,25.804811 -34.483377 -0.31003937,
  25.573235 -34.421002 0.31003937,25.686956 -34.459865 0.31003937,
  25.573235 -34.421002 -0.31003937,25.573235 -34.421002 -0.31003937,
  25.686956 -34.459865 0.31003937,25.686956 -34.459865 -0.31003937,
  25.465639 -34.367467 0.31003937,25.573235 -34.421002 0.31003937,
  25.465639 -34.367467 -0.31003937,25.465639 -34.367467 -0.31003937,
  25.573235 -34.421002 0.31003937,25.573235 -34.421002 -0.31003937,
  25.366052 -34.300199 0.31003937,25.465639 -34.367467 0.31003937,
  25.366052 -34.300199 -0.31003937,25.366052 -34.300199 -0.31003937,
  25.465639 -34.367467 0.31003937,25.465639 -34.367467 -0.31003937,
  25.276215 -34.220373 0.31003937,25.366052 -34.300199 0.31003937,
  25.276215 -34.220373 -0.31003937,25.276215 -34.220373 -0.31003937,
  25.366052 -34.300199 0.31003937,25.366052 -34.300199 -0.31003937,
  25.23622 -34.175517 0.31003937,25.276215 -34.220373 0.31003937,
  25.23622 -34.175517 -0.31003937,25.23622 -34.175517 -0.31003937,
  25.276215 -34.220373 0.31003937,25.276215 -34.220373 -0.31003937,
  20.472441 -34.173228 0.31003937,25.23622 -34.175517 0.31003937,
  20.472441 -34.173228 -0.31003937,20.472441 -34.173228 -0.31003937,
  25.23622 -34.175517 0.31003937,25.23622 -34.175517 -0.31003937,
  20.406164 -34.174157 0.31003937,20.472441 -34.173228 0.31003937,
  20.406164 -34.174157 -0.31003937,20.406164 -34.174157 -0.31003937,
  20.472441 -34.173228 0.31003937,20.472441 -34.173228 -0.31003937,
  20.274443 -34.188999 0.31003937,20.406164 -34.174157 0.31003937,
  20.274443 -34.188999 -0.31003937,20.274443 -34.188999 -0.31003937,
  20.406164 -34.174157 0.31003937,20.406164 -34.174157 -0.31003937,
  20.145212 -34.218495 0.31003937,20.274443 -34.188999 0.31003937,
  20.145212 -34.218495 -0.31003937,20.145212 -34.218495 -0.31003937,
  20.274443 -34.188999 0.31003937,20.274443 -34.188999 -0.31003937,
  20.020096 -34.262275 0.31003937,20.145212 -34.218495 0.31003937,
  20.020096 -34.262275 -0.31003937,20.020096 -34.262275 -0.31003937,
  20.145212 -34.218495 0.31003937,20.145212 -34.218495 -0.31003937,
  19.900669 -34.319788 0.31003937,20.020096 -34.262275 0.31003937,
  19.900669 -34.319788 -0.31003937,19.900669 -34.319788 -0.31003937,
  20.020096 -34.262275 0.31003937,20.020096 -34.262275 -0.31003937,
  19.788432 -34.390311 0.31003937,19.900669 -34.319788 0.31003937,
  19.788432 -34.390311 -0.31003937,19.788432 -34.390311 -0.31003937,
  19.900669 -34.319788 0.31003937,19.900669 -34.319788 -0.31003937,
  19.684797 -34.472957 0.31003937,19.788432 -34.390311 0.31003937,
  19.684797 -34.472957 -0.31003937,19.684797 -34.472957 -0.31003937,
  19.788432 -34.390311 0.31003937,19.788432 -34.390311 -0.31003937,
  19.591067 -34.566687 0.31003937,19.684797 -34.472957 0.31003937,
  19.591067 -34.566687 -0.31003937,19.591067 -34.566687 -0.31003937,
  19.684797 -34.472957 0.31003937,19.684797 -34.472957 -0.31003937,
  19.508421 -34.670322 0.31003937,19.591067 -34.566687 0.31003937,
  19.508421 -34.670322 -0.31003937,19.508421 -34.670322 -0.31003937,
  19.591067 -34.566687 0.31003937,19.591067 -34.566687 -0.31003937,
  19.437898 -34.782559 0.31003937,19.508421 -34.670322 0.31003937,
  19.437898 -34.782559 -0.31003937,19.437898 -34.782559 -0.31003937,
  19.508421 -34.670322 0.31003937,19.508421 -34.670322 -0.31003937,
  19.380385 -34.901986 0.31003937,19.437898 -34.782559 0.31003937,
  19.380385 -34.901986 -0.31003937,19.380385 -34.901986 -0.31003937,
  19.437898 -34.782559 0.31003937,19.437898 -34.782559 -0.31003937,
  19.336605 -35.027102 0.31003937,19.380385 -34.901986 0.31003937,
  19.336605 -35.027102 -0.31003937,19.336605 -35.027102 -0.31003937,
  19.380385 -34.901986 0.31003937,19.380385 -34.901986 -0.31003937,
  19.307109 -35.156333 0.31003937,19.336605 -35.027102 0.31003937,
  19.307109 -35.156333 -0.31003937,19.307109 -35.156333 -0.31003937,
  19.336605 -35.027102 0.31003937,19.336605 -35.027102 -0.31003937,
  19.292268 -35.288054 0.31003937,19.307109 -35.156333 0.31003937,
  19.292268 -35.288054 -0.31003937,19.292268 -35.288054 -0.31003937,
  19.307109 -35.156333 0.31003937,19.307109 -35.156333 -0.31003937,
  19.291339 -35.354331 0.31003937,19.292268 -35.288054 0.31003937,
  19.291339 -35.354331 -0.31003937,19.291339 -35.354331 -0.31003937,
  19.292268 -35.288054 0.31003937,19.292268 -35.288054 -0.31003937,
  19.291339 -45.11811 0.31003937,19.291339 -35.354331 0.31003937,
  19.291339 -45.11811 -0.31003937,19.291339 -45.11811 -0.31003937,
  19.291339 -35.354331 0.31003937,19.291339 -35.354331 -0.31003937,
  19.292268 -45.184387 0.31003937,19.291339 -45.11811 0.31003937,
  19.292268 -45.184387 -0.31003937,19.292268 -45.184387 -0.31003937,
  19.291339 -45.11811 0.31003937,19.291339 -45.11811 -0.31003937,
  19.307109 -45.316108 0.31003937,19.292268 -45.184387 0.31003937,
  19.307109 -45.316108 -0.31003937,19.307109 -45.316108 -0.31003937,
  19.292268 -45.184387 0.31003937,19.292268 -45.184387 -0.31003937,
  19.336605 -45.445339 0.31003937,19.307109 -45.316108 0.31003937,
  19.336605 -45.445339 -0.31003937,19.336605 -45.445339 -0.31003937,
  19.307109 -45.316108 0.31003937,19.307109 -45.316108 -0.31003937,
  19.380385 -45.570455 0.31003937,19.336605 -45.445339 0.31003937,
  19.380385 -45.570455 -0.31003937,19.380385 -45.570455 -0.31003937,
  19.336605 -45.445339 0.31003937,19.336605 -45.445339 -0.31003937,
  19.437898 -45.689882 0.31003937,19.380385 -45.570455 0.31003937,
  19.437898 -45.689882 -0.31003937,19.437898 -45.689882 -0.31003937,
  19.380385 -45.570455 0.31003937,19.380385 -45.570455 -0.31003937,
  19.508421 -45.802119 0.31003937,19.437898 -45.689882 0.31003937,
  19.508421 -45.802119 -0.31003937,19.508421 -45.802119 -0.31003937,
  19.437898 -45.689882 0.31003937,19.437898 -45.689882 -0.31003937,
  19.591067 -45.905754 0.31003937,19.508421 -45.802119 0.31003937,
  19.591067 -45.905754 -0.31003937,19.591067 -45.905754 -0.31003937,
  19.508421 -45.802119 0.31003937,19.508421 -45.802119 -0.31003937,
  19.684797 -45.999484 0.31003937,19.591067 -45.905754 0.31003937,
  19.684797 -45.999484 -0.31003937,19.684797 -45.999484 -0.31003937,
  19.591067 -45.905754 0.31003937,19.591067 -45.905754 -0.31003937,
  19.788432 -46.08213 0.31003937,19.684797 -45.999484 0.31003937,
  19.788432 -46.08213 -0.31003937,19.788432 -46.08213 -0.31003937,
  19.684797 -45.999484 0.31003937,19.684797 -45.999484 -0.31003937,
  19.900669 -46.152653 0.31003937,19.788432 -46.08213 0.31003937,
  19.900669 -46.152653 -0.31003937,19.900669 -46.152653 -0.31003937,
  19.788432 -46.08213 0.31003937,19.788432 -46.08213 -0.31003937,
  20.020096 -46.210166 0.31003937,19.900669 -46.152653 0.31003937,
  20.020096 -46.210166 -0.31003937,20.020096 -46.210166 -0.31003937,
  19.900669 -46.152653 0.31003937,19.900669 -46.152653 -0.31003937,
  20.145212 -46.253946 0.31003937,20.020096 -46.210166 0.31003937,
  20.145212 -46.253946 -0.31003937,20.145212 -46.253946 -0.31003937,
  20.020096 -46.210166 0.31003937,20.020096 -46.210166 -0.31003937,
  20.274443 -46.283442 0.31003937,20.145212 -46.253946 0.31003937,
  20.274443 -46.283442 -0.31003937,20.274443 -46.283442 -0.31003937,
  20.145212 -46.253946 0.31003937,20.145212 -46.253946 -0.31003937,
  20.406164 -46.298283 0.31003937,20.274443 -46.283442 0.31003937,
  20.406164 -46.298283 -0.31003937,20.406164 -46.298283 -0.31003937,
  20.274443 -46.283442 0.31003937,20.274443 -46.283442 -0.31003937,
  20.472441 -46.299213 0.31003937,20.406164 -46.298283 0.31003937,
  20.472441 -46.299213 -0.31003937,20.472441 -46.299213 -0.31003937,
  20.406164 -46.298283 0.31003937,20.406164 -46.298283 -0.31003937,
  25.23622 -46.299213 0.31003937,20.472441 -46.299213 0.31003937,
  25.23622 -46.299213 -0.31003937,25.23622 -46.299213 -0.31003937,
  20.472441 -46.299213 0.31003937,20.472441 -46.299213 -0.31003937,
  25.276065 -46.254223 0.31003937,25.23622 -46.299213 0.31003937,
  25.276065 -46.254223 -0.31003937,25.276065 -46.254223 -0.31003937,
  25.23622 -46.299213 0.31003937,25.23622 -46.299213 -0.31003937,
  25.365636 -46.1741 0.31003937,25.276065 -46.254223 0.31003937,
  25.365636 -46.1741 -0.31003937,25.365636 -46.1741 -0.31003937,
  25.276065 -46.254223 0.31003937,25.276065 -46.254223 -0.31003937,
  25.465 -46.1065 0.31003937,25.365636 -46.1741 0.31003937,
  25.465 -46.1065 -0.31003937,25.465 -46.1065 -0.31003937,
  25.365636 -46.1741 0.31003937,25.365636 -46.1741 -0.31003937,
  25.572417 -46.052608 0.31003937,25.465 -46.1065 0.31003937,
  25.572417 -46.052608 -0.31003937,25.572417 -46.052608 -0.31003937,
  25.465 -46.1065 0.31003937,25.465 -46.1065 -0.31003937,
  25.686007 -46.013367 0.31003937,25.572417 -46.052608 0.31003937,
  25.686007 -46.013367 -0.31003937,25.686007 -46.013367 -0.31003937,
  25.572417 -46.052608 0.31003937,25.572417 -46.052608 -0.31003937,
  25.803784 -45.989463 0.31003937,25.686007 -46.013367 0.31003937,
  25.803784 -45.989463 -0.31003937,25.803784 -45.989463 -0.31003937,
  25.686007 -46.013367 0.31003937,25.686007 -46.013367 -0.31003937,
  25.923686 -45.981314 0.31003937,25.803784 -45.989463 0.31003937,
  25.923686 -45.981314 -0.31003937,25.923686 -45.981314 -0.31003937,
  25.803784 -45.989463 0.31003937,25.803784 -45.989463 -0.31003937,
  26.043614 -45.989064 0.31003937,25.923686 -45.981314 0.31003937,
  26.043614 -45.989064 -0.31003937,26.043614 -45.989064 -0.31003937,
  25.923686 -45.981314 0.31003937,25.923686 -45.981314 -0.31003937,
  26.161469 -46.012576 0.31003937,26.043614 -45.989064 0.31003937,
  26.161469 -46.012576 -0.31003937,26.161469 -46.012576 -0.31003937,
  26.043614 -45.989064 0.31003937,26.043614 -45.989064 -0.31003937,
  26.27519 -46.051439 0.31003937,26.161469 -46.012576 0.31003937,
  26.27519 -46.051439 -0.31003937,26.27519 -46.051439 -0.31003937,
  26.161469 -46.012576 0.31003937,26.161469 -46.012576 -0.31003937,
  26.382786 -46.104974 0.31003937,26.27519 -46.051439 0.31003937,
  26.382786 -46.104974 -0.31003937,26.382786 -46.104974 -0.31003937,
  26.27519 -46.051439 0.31003937,26.27519 -46.051439 -0.31003937,
  26.482374 -46.172242 0.31003937,26.382786 -46.104974 0.31003937,
  26.482374 -46.172242 -0.31003937,26.482374 -46.172242 -0.31003937,
  26.382786 -46.104974 0.31003937,26.382786 -46.104974 -0.31003937,
  26.572211 -46.252067 0.31003937,26.482374 -46.172242 0.31003937,
  26.572211 -46.252067 -0.31003937,26.572211 -46.252067 -0.31003937,
  26.482374 -46.172242 0.31003937,26.482374 -46.172242 -0.31003937,
  26.612205 -46.296924 0.31003937,26.572211 -46.252067 0.31003937,
  26.612205 -46.296924 -0.31003937,26.612205 -46.296924 -0.31003937,
  26.572211 -46.252067 0.31003937,26.572211 -46.252067 -0.31003937,
  31.375984 -46.299213 0.31003937,26.612205 -46.296924 0.31003937,
  31.375984 -46.299213 -0.31003937,31.375984 -46.299213 -0.31003937,
  26.612205 -46.296924 0.31003937,26.612205 -46.296924 -0.31003937,
  30.305494 -34.941458 0.31003937,30.309055 -34.92126 0.31003937,
  30.305494 -34.941458 -0.31003937,30.305494 -34.941458 -0.31003937,
  30.309055 -34.92126 0.31003937,30.309055 -34.92126 -0.31003937,
  30.295239 -34.95922 0.31003937,30.305494 -34.941458 0.31003937,
  30.295239 -34.95922 -0.31003937,30.295239 -34.95922 -0.31003937,
  30.305494 -34.941458 0.31003937,30.305494 -34.941458 -0.31003937,
  30.279528 -34.972403 0.31003937,30.295239 -34.95922 0.31003937,
  30.279528 -34.972403 -0.31003937,30.279528 -34.972403 -0.31003937,
  30.295239 -34.95922 0.31003937,30.295239 -34.95922 -0.31003937,
  30.260255 -34.979418 0.31003937,30.279528 -34.972403 0.31003937,
  30.260255 -34.979418 -0.31003937,30.260255 -34.979418 -0.31003937,
  30.279528 -34.972403 0.31003937,30.279528 -34.972403 -0.31003937,
  30.239745 -34.979418 0.31003937,30.260255 -34.979418 0.31003937,
  30.239745 -34.979418 -0.31003937,30.239745 -34.979418 -0.31003937,
  30.260255 -34.979418 0.31003937,30.260255 -34.979418 -0.31003937,
  30.220472 -34.972403 0.31003937,30.239745 -34.979418 0.31003937,
  30.220472 -34.972403 -0.31003937,30.220472 -34.972403 -0.31003937,
  30.239745 -34.979418 0.31003937,30.239745 -34.979418 -0.31003937,
  30.204761 -34.95922 0.31003937,30.220472 -34.972403 0.31003937,
  30.204761 -34.95922 -0.31003937,30.204761 -34.95922 -0.31003937,
  30.220472 -34.972403 0.31003937,30.220472 -34.972403 -0.31003937,
  30.194506 -34.941458 0.31003937,30.204761 -34.95922 0.31003937,
  30.194506 -34.941458 -0.31003937,30.194506 -34.941458 -0.31003937,
  30.204761 -34.95922 0.31003937,30.204761 -34.95922 -0.31003937,
  30.190945 -34.92126 0.31003937,30.194506 -34.941458 0.31003937,
  30.190945 -34.92126 -0.31003937,30.190945 -34.92126 -0.31003937,
  30.194506 -34.941458 0.31003937,30.194506 -34.941458 -0.31003937,
  30.194506 -34.901062 0.31003937,30.190945 -34.92126 0.31003937,
  30.194506 -34.901062 -0.31003937,30.194506 -34.901062 -0.31003937,
  30.190945 -34.92126 0.31003937,30.190945 -34.92126 -0.31003937,
  30.204761 -34.8833 0.31003937,30.194506 -34.901062 0.31003937,
  30.204761 -34.8833 -0.31003937,30.204761 -34.8833 -0.31003937,
  30.194506 -34.901062 0.31003937,30.194506 -34.901062 -0.31003937,
  30.220472 -34.870117 0.31003937,30.204761 -34.8833 0.31003937,
  30.220472 -34.870117 -0.31003937,30.220472 -34.870117 -0.31003937,
  30.204761 -34.8833 0.31003937,30.204761 -34.8833 -0.31003937,
  30.239745 -34.863102 0.31003937,30.220472 -34.870117 0.31003937,
  30.239745 -34.863102 -0.31003937,30.239745 -34.863102 -0.31003937,
  30.220472 -34.870117 0.31003937,30.220472 -34.870117 -0.31003937,
  30.260255 -34.863102 0.31003937,30.239745 -34.863102 0.31003937,
  30.260255 -34.863102 -0.31003937,30.260255 -34.863102 -0.31003937,
  30.239745 -34.863102 0.31003937,30.239745 -34.863102 -0.31003937,
  30.279528 -34.870117 0.31003937,30.260255 -34.863102 0.31003937,
  30.279528 -34.870117 -0.31003937,30.279528 -34.870117 -0.31003937,
  30.260255 -34.863102 0.31003937,30.260255 -34.863102 -0.31003937,
  30.295239 -34.8833 0.31003937,30.279528 -34.870117 0.31003937,
  30.295239 -34.8833 -0.31003937,30.295239 -34.8833 -0.31003937,
  30.279528 -34.870117 0.31003937,30.279528 -34.870117 -0.31003937,
  30.305494 -34.901062 0.31003937,30.295239 -34.8833 0.31003937,
  30.305494 -34.901062 -0.31003937,30.305494 -34.901062 -0.31003937,
  30.295239 -34.8833 0.31003937,30.295239 -34.8833 -0.31003937,
  30.309055 -34.92126 0.31003937,30.305494 -34.901062 0.31003937,
  30.309055 -34.92126 -0.31003937,30.309055 -34.92126 -0.31003937,
  30.305494 -34.901062 0.31003937,30.305494 -34.901062 -0.31003937,
  30.165354 -36.389726 0.31003937,30.184627 -36.396741 0.31003937,
  30.165354 -36.389726 -0.31003937,30.165354 -36.389726 -0.31003937,
  30.184627 -36.396741 0.31003937,30.184627 -36.396741 -0.31003937,
  30.149643 -36.376543 0.31003937,30.165354 -36.389726 0.31003937,
  30.149643 -36.376543 -0.31003937,30.149643 -36.376543 -0.31003937,
  30.165354 -36.389726 0.31003937,30.165354 -36.389726 -0.31003937,
  30.139388 -36.358781 0.31003937,30.149643 -36.376543 0.31003937,
  30.139388 -36.358781 -0.31003937,30.139388 -36.358781 -0.31003937,
  30.149643 -36.376543 0.31003937,30.149643 -36.376543 -0.31003937,
  30.135827 -36.338583 0.31003937,30.139388 -36.358781 0.31003937,
  30.135827 -36.338583 -0.31003937,30.135827 -36.338583 -0.31003937,
  30.139388 -36.358781 0.31003937,30.139388 -36.358781 -0.31003937,
  30.139388 -36.318385 0.31003937,30.135827 -36.338583 0.31003937,
  30.139388 -36.318385 -0.31003937,30.139388 -36.318385 -0.31003937,
  30.135827 -36.338583 0.31003937,30.135827 -36.338583 -0.31003937,
  30.149643 -36.300623 0.31003937,30.139388 -36.318385 0.31003937,
  30.149643 -36.300623 -0.31003937,30.149643 -36.300623 -0.31003937,
  30.139388 -36.318385 0.31003937,30.139388 -36.318385 -0.31003937,
  30.165354 -36.287439 0.31003937,30.149643 -36.300623 0.31003937,
  30.165354 -36.287439 -0.31003937,30.165354 -36.287439 -0.31003937,
  30.149643 -36.300623 0.31003937,30.149643 -36.300623 -0.31003937,
  30.184627 -36.280425 0.31003937,30.165354 -36.287439 0.31003937,
  30.184627 -36.280425 -0.31003937,30.184627 -36.280425 -0.31003937,
  30.165354 -36.287439 0.31003937,30.165354 -36.287439 -0.31003937,
  30.205137 -36.280425 0.31003937,30.184627 -36.280425 0.31003937,
  30.205137 -36.280425 -0.31003937,30.205137 -36.280425 -0.31003937,
  30.184627 -36.280425 0.31003937,30.184627 -36.280425 -0.31003937,
  30.224409 -36.287439 0.31003937,30.205137 -36.280425 0.31003937,
  30.224409 -36.287439 -0.31003937,30.224409 -36.287439 -0.31003937,
  30.205137 -36.280425 0.31003937,30.205137 -36.280425 -0.31003937,
  30.240121 -36.300623 0.31003937,30.224409 -36.287439 0.31003937,
  30.240121 -36.300623 -0.31003937,30.240121 -36.300623 -0.31003937,
  30.224409 -36.287439 0.31003937,30.224409 -36.287439 -0.31003937,
  30.250376 -36.318385 0.31003937,30.240121 -36.300623 0.31003937,
  30.250376 -36.318385 -0.31003937,30.250376 -36.318385 -0.31003937,
  30.240121 -36.300623 0.31003937,30.240121 -36.300623 -0.31003937,
  30.253937 -36.338583 0.31003937,30.250376 -36.318385 0.31003937,
  30.253937 -36.338583 -0.31003937,30.253937 -36.338583 -0.31003937,
  30.250376 -36.318385 0.31003937,30.250376 -36.318385 -0.31003937,
  30.250376 -36.358781 0.31003937,30.253937 -36.338583 0.31003937,
  30.250376 -36.358781 -0.31003937,30.250376 -36.358781 -0.31003937,
  30.253937 -36.338583 0.31003937,30.253937 -36.338583 -0.31003937,
  30.240121 -36.376543 0.31003937,30.250376 -36.358781 0.31003937,
  30.240121 -36.376543 -0.31003937,30.240121 -36.376543 -0.31003937,
  30.250376 -36.358781 0.31003937,30.250376 -36.358781 -0.31003937,
  30.224409 -36.389726 0.31003937,30.240121 -36.376543 0.31003937,
  30.224409 -36.389726 -0.31003937,30.224409 -36.389726 -0.31003937,
  30.240121 -36.376543 0.31003937,30.240121 -36.376543 -0.31003937,
  30.205137 -36.396741 0.31003937,30.224409 -36.389726 0.31003937,
  30.205137 -36.396741 -0.31003937,30.205137 -36.396741 -0.31003937,
  30.224409 -36.389726 0.31003937,30.224409 -36.389726 -0.31003937,
  30.184627 -36.396741 0.31003937,30.205137 -36.396741 0.31003937,
  30.184627 -36.396741 -0.31003937,30.184627 -36.396741 -0.31003937,
  30.205137 -36.396741 0.31003937,30.205137 -36.396741 -0.31003937,
  30.194506 -45.530983 0.31003937,30.190945 -45.551181 0.31003937,
  30.194506 -45.530983 -0.31003937,30.194506 -45.530983 -0.31003937,
  30.190945 -45.551181 0.31003937,30.190945 -45.551181 -0.31003937,
  30.204761 -45.513221 0.31003937,30.194506 -45.530983 0.31003937,
  30.204761 -45.513221 -0.31003937,30.204761 -45.513221 -0.31003937,
  30.194506 -45.530983 0.31003937,30.194506 -45.530983 -0.31003937,
  30.220472 -45.500038 0.31003937,30.204761 -45.513221 0.31003937,
  30.220472 -45.500038 -0.31003937,30.220472 -45.500038 -0.31003937,
  30.204761 -45.513221 0.31003937,30.204761 -45.513221 -0.31003937,
  30.239745 -45.493023 0.31003937,30.220472 -45.500038 0.31003937,
  30.239745 -45.493023 -0.31003937,30.239745 -45.493023 -0.31003937,
  30.220472 -45.500038 0.31003937,30.220472 -45.500038 -0.31003937,
  30.260255 -45.493023 0.31003937,30.239745 -45.493023 0.31003937,
  30.260255 -45.493023 -0.31003937,30.260255 -45.493023 -0.31003937,
  30.239745 -45.493023 0.31003937,30.239745 -45.493023 -0.31003937,
  30.279528 -45.500038 0.31003937,30.260255 -45.493023 0.31003937,
  30.279528 -45.500038 -0.31003937,30.279528 -45.500038 -0.31003937,
  30.260255 -45.493023 0.31003937,30.260255 -45.493023 -0.31003937,
  30.295239 -45.513221 0.31003937,30.279528 -45.500038 0.31003937,
  30.295239 -45.513221 -0.31003937,30.295239 -45.513221 -0.31003937,
  30.279528 -45.500038 0.31003937,30.279528 -45.500038 -0.31003937,
  30.305494 -45.530983 0.31003937,30.295239 -45.513221 0.31003937,
  30.305494 -45.530983 -0.31003937,30.305494 -45.530983 -0.31003937,
  30.295239 -45.513221 0.31003937,30.295239 -45.513221 -0.31003937,
  30.309055 -45.551181 0.31003937,30.305494 -45.530983 0.31003937,
  30.309055 -45.551181 -0.31003937,30.309055 -45.551181 -0.31003937,
  30.305494 -45.530983 0.31003937,30.305494 -45.530983 -0.31003937,
  30.305494 -45.571379 0.31003937,30.309055 -45.551181 0.31003937,
  30.305494 -45.571379 -0.31003937,30.305494 -45.571379 -0.31003937,
  30.309055 -45.551181 0.31003937,30.309055 -45.551181 -0.31003937,
  30.295239 -45.589141 0.31003937,30.305494 -45.571379 0.31003937,
  30.295239 -45.589141 -0.31003937,30.295239 -45.589141 -0.31003937,
  30.305494 -45.571379 0.31003937,30.305494 -45.571379 -0.31003937,
  30.279528 -45.602324 0.31003937,30.295239 -45.589141 0.31003937,
  30.279528 -45.602324 -0.31003937,30.279528 -45.602324 -0.31003937,
  30.295239 -45.589141 0.31003937,30.295239 -45.589141 -0.31003937,
  30.260255 -45.609339 0.31003937,30.279528 -45.602324 0.31003937,
  30.260255 -45.609339 -0.31003937,30.260255 -45.609339 -0.31003937,
  30.279528 -45.602324 0.31003937,30.279528 -45.602324 -0.31003937,
  30.239745 -45.609339 0.31003937,30.260255 -45.609339 0.31003937,
  30.239745 -45.609339 -0.31003937,30.239745 -45.609339 -0.31003937,
  30.260255 -45.609339 0.31003937,30.260255 -45.609339 -0.31003937,
  30.220472 -45.602324 0.31003937,30.239745 -45.609339 0.31003937,
  30.220472 -45.602324 -0.31003937,30.220472 -45.602324 -0.31003937,
  30.239745 -45.609339 0.31003937,30.239745 -45.609339 -0.31003937,
  30.204761 -45.589141 0.31003937,30.220472 -45.602324 0.31003937,
  30.204761 -45.589141 -0.31003937,30.204761 -45.589141 -0.31003937,
  30.220472 -45.602324 0.31003937,30.220472 -45.602324 -0.31003937,
  30.194506 -45.571379 0.31003937,30.204761 -45.589141 0.31003937,
  30.194506 -45.571379 -0.31003937,30.194506 -45.571379 -0.31003937,
  30.204761 -45.589141 0.31003937,30.204761 -45.589141 -0.31003937,
  30.190945 -45.551181 0.31003937,30.194506 -45.571379 0.31003937,
  30.190945 -45.551181 -0.31003937,30.190945 -45.551181 -0.31003937,
  30.194506 -45.571379 0.31003937,30.194506 -45.571379 -0.31003937,
  31.194506 -45.530983 0.31003937,31.190945 -45.551181 0.31003937,
  31.194506 -45.530983 -0.31003937,31.194506 -45.530983 -0.31003937,
  31.190945 -45.551181 0.31003937,31.190945 -45.551181 -0.31003937,
  31.204761 -45.513221 0.31003937,31.194506 -45.530983 0.31003937,
  31.204761 -45.513221 -0.31003937,31.204761 -45.513221 -0.31003937,
  31.194506 -45.530983 0.31003937,31.194506 -45.530983 -0.31003937,
  31.220472 -45.500038 0.31003937,31.204761 -45.513221 0.31003937,
  31.220472 -45.500038 -0.31003937,31.220472 -45.500038 -0.31003937,
  31.204761 -45.513221 0.31003937,31.204761 -45.513221 -0.31003937,
  31.239745 -45.493023 0.31003937,31.220472 -45.500038 0.31003937,
  31.239745 -45.493023 -0.31003937,31.239745 -45.493023 -0.31003937,
  31.220472 -45.500038 0.31003937,31.220472 -45.500038 -0.31003937,
  31.260255 -45.493023 0.31003937,31.239745 -45.493023 0.31003937,
  31.260255 -45.493023 -0.31003937,31.260255 -45.493023 -0.31003937,
  31.239745 -45.493023 0.31003937,31.239745 -45.493023 -0.31003937,
  31.279528 -45.500038 0.31003937,31.260255 -45.493023 0.31003937,
  31.279528 -45.500038 -0.31003937,31.279528 -45.500038 -0.31003937,
  31.260255 -45.493023 0.31003937,31.260255 -45.493023 -0.31003937,
  31.295239 -45.513221 0.31003937,31.279528 -45.500038 0.31003937,
  31.295239 -45.513221 -0.31003937,31.295239 -45.513221 -0.31003937,
  31.279528 -45.500038 0.31003937,31.279528 -45.500038 -0.31003937,
  31.305494 -45.530983 0.31003937,31.295239 -45.513221 0.31003937,
  31.305494 -45.530983 -0.31003937,31.305494 -45.530983 -0.31003937,
  31.295239 -45.513221 0.31003937,31.295239 -45.513221 -0.31003937,
  31.309055 -45.551181 0.31003937,31.305494 -45.530983 0.31003937,
  31.309055 -45.551181 -0.31003937,31.309055 -45.551181 -0.31003937,
  31.305494 -45.530983 0.31003937,31.305494 -45.530983 -0.31003937,
  31.305494 -45.571379 0.31003937,31.309055 -45.551181 0.31003937,
  31.305494 -45.571379 -0.31003937,31.305494 -45.571379 -0.31003937,
  31.309055 -45.551181 0.31003937,31.309055 -45.551181 -0.31003937,
  31.295239 -45.589141 0.31003937,31.305494 -45.571379 0.31003937,
  31.295239 -45.589141 -0.31003937,31.295239 -45.589141 -0.31003937,
  31.305494 -45.571379 0.31003937,31.305494 -45.571379 -0.31003937,
  31.279528 -45.602324 0.31003937,31.295239 -45.589141 0.31003937,
  31.279528 -45.602324 -0.31003937,31.279528 -45.602324 -0.31003937,
  31.295239 -45.589141 0.31003937,31.295239 -45.589141 -0.31003937,
  31.260255 -45.609339 0.31003937,31.279528 -45.602324 0.31003937,
  31.260255 -45.609339 -0.31003937,31.260255 -45.609339 -0.31003937,
  31.279528 -45.602324 0.31003937,31.279528 -45.602324 -0.31003937,
  31.239745 -45.609339 0.31003937,31.260255 -45.609339 0.31003937,
  31.239745 -45.609339 -0.31003937,31.239745 -45.609339 -0.31003937,
  31.260255 -45.609339 0.31003937,31.260255 -45.609339 -0.31003937,
  31.220472 -45.602324 0.31003937,31.239745 -45.609339 0.31003937,
  31.220472 -45.602324 -0.31003937,31.220472 -45.602324 -0.31003937,
  31.239745 -45.609339 0.31003937,31.239745 -45.609339 -0.31003937,
  31.204761 -45.589141 0.31003937,31.220472 -45.602324 0.31003937,
  31.204761 -45.589141 -0.31003937,31.204761 -45.589141 -0.31003937,
  31.220472 -45.602324 0.31003937,31.220472 -45.602324 -0.31003937,
  31.194506 -45.571379 0.31003937,31.204761 -45.589141 0.31003937,
  31.194506 -45.571379 -0.31003937,31.194506 -45.571379 -0.31003937,
  31.204761 -45.589141 0.31003937,31.204761 -45.589141 -0.31003937,
  31.190945 -45.551181 0.31003937,31.194506 -45.571379 0.31003937,
  31.190945 -45.551181 -0.31003937,31.190945 -45.551181 -0.31003937,
  31.194506 -45.571379 0.31003937,31.194506 -45.571379 -0.31003937] }
 coordIndex [
  0,1,2,-1,3,4,5,-1,6,7,8,-1,9,10,11,-1,12,13,14,-1,15,16,17,-1,18,19,20,-1,21,22,23,-1,
  24,25,26,-1,27,28,29,-1,30,31,32,-1,33,34,35,-1,36,37,38,-1,39,40,41,-1,42,43,44,-1,45,46,47,-1,
  48,49,50,-1,51,52,53,-1,54,55,56,-1,57,58,59,-1,60,61,62,-1,63,64,65,-1,66,67,68,-1,69,70,71,-1,
  72,73,74,-1,75,76,77,-1,78,79,80,-1,81,82,83,-1,84,85,86,-1,87,88,89,-1,90,91,92,-1,93,94,95,-1,
  96,97,98,-1,99,100,101,-1,102,103,104,-1,105,106,107,-1,108,109,110,-1,111,112,113,-1,114,115,116,-1,117,118,119,-1,
  120,121,122,-1,123,124,125,-1,126,127,128,-1,129,130,131,-1,132,133,134,-1,135,136,137,-1,138,139,140,-1,141,142,143,-1,
  144,145,146,-1,147,148,149,-1,150,151,152,-1,153,154,155,-1,156,157,158,-1,159,160,161,-1,162,163,164,-1,165,166,167,-1,
  168,169,170,-1,171,172,173,-1,174,175,176,-1,177,178,179,-1,180,181,182,-1,183,184,185,-1,186,187,188,-1,189,190,191,-1,
  192,193,194,-1,195,196,197,-1,198,199,200,-1,201,202,203,-1,204,205,206,-1,207,208,209,-1,210,211,212,-1,213,214,215,-1,
  216,217,218,-1,219,220,221,-1,222,223,224,-1,225,226,227,-1,228,229,230,-1,231,232,233,-1,234,235,236,-1,237,238,239,-1,
  240,241,242,-1,243,244,245,-1,246,247,248,-1,249,250,251,-1,252,253,254,-1,255,256,257,-1,258,259,260,-1,261,262,263,-1,
  264,265,266,-1,267,268,269,-1,270,271,272,-1,273,274,275,-1,276,277,278,-1,279,280,281,-1,282,283,284,-1,285,286,287,-1,
  288,289,290,-1,291,292,293,-1,294,295,296,-1,297,298,299,-1,300,301,302,-1,303,304,305,-1,306,307,308,-1,309,310,311,-1,
  312,313,314,-1,315,316,317,-1,318,319,320,-1,321,322,323,-1,324,325,326,-1,327,328,329,-1,330,331,332,-1,333,334,335,-1,
  336,337,338,-1,339,340,341,-1,342,343,344,-1,345,346,347,-1,348,349,350,-1,351,352,353,-1,354,355,356,-1,357,358,359,-1,
  360,361,362,-1,363,364,365,-1,366,367,368,-1,369,370,371,-1,372,373,374,-1,375,376,377,-1,378,379,380,-1,381,382,383,-1,
  384,385,386,-1,387,388,389,-1,390,391,392,-1,393,394,395,-1,396,397,398,-1,399,400,401,-1,402,403,404,-1,405,406,407,-1,
  408,409,410,-1,411,412,413,-1,414,415,416,-1,417,418,419,-1,420,421,422,-1,423,424,425,-1,426,427,428,-1,429,430,431,-1,
  432,433,434,-1,435,436,437,-1,438,439,440,-1,441,442,443,-1,444,445,446,-1,447,448,449,-1,450,451,452,-1,453,454,455,-1,
  456,457,458,-1,459,460,461,-1,462,463,464,-1,465,466,467,-1,468,469,470,-1,471,472,473,-1,474,475,476,-1,477,478,479,-1,
  480,481,482,-1,483,484,485,-1,486,487,488,-1,489,490,491,-1,492,493,494,-1,495,496,497,-1,498,499,500,-1,501,502,503,-1,
  504,505,506,-1,507,508,509,-1,510,511,512,-1,513,514,515,-1,516,517,518,-1,519,520,521,-1,522,523,524,-1,525,526,527,-1,
  528,529,530,-1,531,532,533,-1,534,535,536,-1,537,538,539,-1,540,541,542,-1,543,544,545,-1,546,547,548,-1,549,550,551,-1,
  552,553,554,-1,555,556,557,-1,558,559,560,-1,561,562,563,-1,564,565,566,-1,567,568,569,-1,570,571,572,-1,573,574,575,-1,
  576,577,578,-1,579,580,581,-1,582,583,584,-1,585,586,587,-1,588,589,590,-1,591,592,593,-1,594,595,596,-1,597,598,599,-1,
  600,601,602,-1,603,604,605,-1,606,607,608,-1,609,610,611,-1,612,613,614,-1,615,616,617,-1,618,619,620,-1,621,622,623,-1,
  624,625,626,-1,627,628,629,-1,630,631,632,-1,633,634,635,-1,636,637,638,-1,639,640,641,-1,642,643,644,-1,645,646,647,-1,
  648,649,650,-1,651,652,653,-1,654,655,656,-1,657,658,659,-1,660,661,662,-1,663,664,665,-1,666,667,668,-1,669,670,671,-1,
  672,673,674,-1,675,676,677,-1,678,679,680,-1,681,682,683,-1,684,685,686,-1,687,688,689,-1,690,691,692,-1,693,694,695,-1,
  696,697,698,-1,699,700,701,-1,702,703,704,-1,705,706,707,-1,708,709,710,-1,711,712,713,-1,714,715,716,-1,717,718,719,-1,
  720,721,722,-1,723,724,725,-1,726,727,728,-1,729,730,731,-1,732,733,734,-1,735,736,737,-1,738,739,740,-1,741,742,743,-1,
  744,745,746,-1,747,748,749,-1,750,751,752,-1,753,754,755,-1,756,757,758,-1,759,760,761,-1,762,763,764,-1,765,766,767,-1,
  768,769,770,-1,771,772,773,-1,774,775,776,-1,777,778,779,-1,780,781,782,-1,783,784,785,-1,786,787,788,-1,789,790,791,-1,
  792,793,794,-1,795,796,797,-1,798,799,800,-1,801,802,803,-1,804,805,806,-1,807,808,809,-1,810,811,812,-1,813,814,815,-1,
  816,817,818,-1,819,820,821,-1,822,823,824,-1,825,826,827,-1,828,829,830,-1,831,832,833,-1,834,835,836,-1,837,838,839,-1,
  840,841,842,-1,843,844,845,-1,846,847,848,-1,849,850,851,-1,852,853,854,-1,855,856,857,-1,858,859,860,-1,861,862,863,-1,
  864,865,866,-1,867,868,869,-1,870,871,872,-1,873,874,875,-1,876,877,878,-1,879,880,881,-1,882,883,884,-1,885,886,887,-1,
  888,889,890,-1,891,892,893,-1,894,895,896,-1,897,898,899,-1,900,901,902,-1,903,904,905,-1,906,907,908,-1,909,910,911,-1,
  912,913,914,-1,915,916,917,-1,918,919,920,-1,921,922,923,-1,924,925,926,-1,927,928,929,-1,930,931,932,-1,933,934,935,-1,
  936,937,938,-1,939,940,941,-1,942,943,944,-1,945,946,947,-1,948,949,950,-1,951,952,953,-1,954,955,956,-1,957,958,959,-1,
  960,961,962,-1,963,964,965,-1,966,967,968,-1,969,970,971,-1,972,973,974,-1,975,976,977,-1,978,979,980,-1,981,982,983,-1,
  984,985,986,-1,987,988,989,-1,990,991,992,-1,993,994,995,-1,996,997,998,-1,999,1000,1001,-1,1002,1003,1004,-1,1005,1006,1007,-1,
  1008,1009,1010,-1,1011,1012,1013,-1,1014,1015,1016,-1,1017,1018,1019,-1,1020,1021,1022,-1,1023,1024,1025,-1,1026,1027,1028,-1,1029,1030,1031,-1,
  1032,1033,1034,-1,1035,1036,1037,-1,1038,1039,1040,-1,1041,1042,1043,-1,1044,1045,1046,-1,1047,1048,1049,-1,1050,1051,1052,-1,1053,1054,1055,-1,
  1056,1057,1058,-1,1059,1060,1061,-1,1062,1063,1064,-1,1065,1066,1067,-1,1068,1069,1070,-1,1071,1072,1073,-1,1074,1075,1076,-1,1077,1078,1079,-1,
  1080,1081,1082,-1,1083,1084,1085,-1,1086,1087,1088,-1,1089,1090,1091,-1,1092,1093,1094,-1,1095,1096,1097,-1,1098,1099,1100,-1,1101,1102,1103,-1,
  1104,1105,1106,-1,1107,1108,1109,-1,1110,1111,1112,-1,1113,1114,1115,-1,1116,1117,1118,-1,1119,1120,1121,-1,1122,1123,1124,-1,1125,1126,1127,-1,
  1128,1129,1130,-1,1131,1132,1133,-1,1134,1135,1136,-1,1137,1138,1139,-1,1140,1141,1142,-1,1143,1144,1145,-1,1146,1147,1148,-1,1149,1150,1151,-1,
  1152,1153,1154,-1,1155,1156,1157,-1,1158,1159,1160,-1,1161,1162,1163,-1,1164,1165,1166,-1,1167,1168,1169,-1,1170,1171,1172,-1,1173,1174,1175,-1,
  1176,1177,1178,-1,1179,1180,1181,-1,1182,1183,1184,-1,1185,1186,1187,-1,1188,1189,1190,-1,1191,1192,1193,-1,1194,1195,1196,-1,1197,1198,1199,-1,
  1200,1201,1202,-1,1203,1204,1205,-1,1206,1207,1208,-1,1209,1210,1211,-1,1212,1213,1214,-1,1215,1216,1217,-1,1218,1219,1220,-1,1221,1222,1223,-1,
  1224,1225,1226,-1,1227,1228,1229,-1,1230,1231,1232,-1,1233,1234,1235,-1,1236,1237,1238,-1,1239,1240,1241,-1,1242,1243,1244,-1,1245,1246,1247,-1,
  1248,1249,1250,-1,1251,1252,1253,-1,1254,1255,1256,-1,1257,1258,1259,-1,1260,1261,1262,-1,1263,1264,1265,-1,1266,1267,1268,-1,1269,1270,1271,-1,
  1272,1273,1274,-1,1275,1276,1277,-1,1278,1279,1280,-1,1281,1282,1283,-1,1284,1285,1286,-1,1287,1288,1289,-1,1290,1291,1292,-1,1293,1294,1295,-1,
  1296,1297,1298,-1,1299,1300,1301,-1,1302,1303,1304,-1,1305,1306,1307,-1,1308,1309,1310,-1,1311,1312,1313,-1,1314,1315,1316,-1,1317,1318,1319,-1,
  1320,1321,1322,-1,1323,1324,1325,-1,1326,1327,1328,-1,1329,1330,1331,-1,1332,1333,1334,-1,1335,1336,1337,-1,1338,1339,1340,-1,1341,1342,1343,-1,
  1344,1345,1346,-1,1347,1348,1349,-1,1350,1351,1352,-1,1353,1354,1355,-1,1356,1357,1358,-1,1359,1360,1361,-1,1362,1363,1364,-1,1365,1366,1367,-1,
  1368,1369,1370,-1,1371,1372,1373,-1,1374,1375,1376,-1,1377,1378,1379,-1,1380,1381,1382,-1,1383,1384,1385,-1,1386,1387,1388,-1,1389,1390,1391,-1,
  1392,1393,1394,-1,1395,1396,1397,-1,1398,1399,1400,-1,1401,1402,1403,-1,1404,1405,1406,-1,1407,1408,1409,-1,1410,1411,1412,-1,1413,1414,1415,-1,
  1416,1417,1418,-1,1419,1420,1421,-1,1422,1423,1424,-1,1425,1426,1427,-1,1428,1429,1430,-1,1431,1432,1433,-1,1434,1435,1436,-1,1437,1438,1439,-1,
  1440,1441,1442,-1,1443,1444,1445,-1,1446,1447,1448,-1,1449,1450,1451,-1,1452,1453,1454,-1,1455,1456,1457,-1,1458,1459,1460,-1,1461,1462,1463,-1,
  1464,1465,1466,-1,1467,1468,1469,-1,1470,1471,1472,-1,1473,1474,1475,-1,1476,1477,1478,-1,1479,1480,1481,-1,1482,1483,1484,-1,1485,1486,1487,-1,
  1488,1489,1490,-1,1491,1492,1493,-1,1494,1495,1496,-1,1497,1498,1499,-1,1500,1501,1502,-1,1503,1504,1505,-1,1506,1507,1508,-1,1509,1510,1511,-1,
  1512,1513,1514,-1,1515,1516,1517,-1,1518,1519,1520,-1,1521,1522,1523,-1,1524,1525,1526,-1,1527,1528,1529,-1,1530,1531,1532,-1,1533,1534,1535,-1,
  1536,1537,1538,-1,1539,1540,1541,-1,1542,1543,1544,-1,1545,1546,1547,-1,1548,1549,1550,-1,1551,1552,1553,-1,1554,1555,1556,-1,1557,1558,1559,-1,
  1560,1561,1562,-1,1563,1564,1565,-1,1566,1567,1568,-1,1569,1570,1571,-1,1572,1573,1574,-1,1575,1576,1577,-1,1578,1579,1580,-1,1581,1582,1583,-1,
  1584,1585,1586,-1,1587,1588,1589,-1,1590,1591,1592,-1,1593,1594,1595,-1,1596,1597,1598,-1,1599,1600,1601,-1,1602,1603,1604,-1,1605,1606,1607,-1,
  1608,1609,1610,-1,1611,1612,1613,-1,1614,1615,1616,-1,1617,1618,1619,-1,1620,1621,1622,-1,1623,1624,1625,-1,1626,1627,1628,-1,1629,1630,1631,-1,
  1632,1633,1634,-1,1635,1636,1637,-1,1638,1639,1640,-1,1641,1642,1643,-1,1644,1645,1646,-1,1647,1648,1649,-1,1650,1651,1652,-1,1653,1654,1655,-1,
  1656,1657,1658,-1,1659,1660,1661,-1,1662,1663,1664,-1,1665,1666,1667,-1,1668,1669,1670,-1,1671,1672,1673,-1,1674,1675,1676,-1,1677,1678,1679,-1,
  1680,1681,1682,-1,1683,1684,1685,-1,1686,1687,1688,-1,1689,1690,1691,-1,1692,1693,1694,-1,1695,1696,1697,-1,1698,1699,1700,-1,1701,1702,1703,-1,
  1704,1705,1706,-1,1707,1708,1709,-1,1710,1711,1712,-1,1713,1714,1715,-1,1716,1717,1718,-1,1719,1720,1721,-1,1722,1723,1724,-1,1725,1726,1727,-1,
  1728,1729,1730,-1,1731,1732,1733,-1,1734,1735,1736,-1,1737,1738,1739,-1,1740,1741,1742,-1,1743,1744,1745,-1,1746,1747,1748,-1,1749,1750,1751,-1,
  1752,1753,1754,-1,1755,1756,1757,-1,1758,1759,1760,-1,1761,1762,1763,-1,1764,1765,1766,-1,1767,1768,1769,-1,1770,1771,1772,-1,1773,1774,1775,-1,
  1776,1777,1778,-1,1779,1780,1781,-1,1782,1783,1784,-1,1785,1786,1787,-1,1788,1789,1790,-1,1791,1792,1793,-1,1794,1795,1796,-1,1797,1798,1799,-1,
  1800,1801,1802,-1,1803,1804,1805,-1,1806,1807,1808,-1,1809,1810,1811,-1,1812,1813,1814,-1,1815,1816,1817,-1,1818,1819,1820,-1,1821,1822,1823,-1,
  1824,1825,1826,-1,1827,1828,1829,-1,1830,1831,1832,-1,1833,1834,1835,-1,1836,1837,1838,-1,1839,1840,1841,-1,1842,1843,1844,-1,1845,1846,1847,-1,
  1848,1849,1850,-1,1851,1852,1853,-1,1854,1855,1856,-1,1857,1858,1859,-1,1860,1861,1862,-1,1863,1864,1865,-1,1866,1867,1868,-1,1869,1870,1871,-1,
  1872,1873,1874,-1,1875,1876,1877,-1,1878,1879,1880,-1,1881,1882,1883,-1,1884,1885,1886,-1,1887,1888,1889,-1,1890,1891,1892,-1,1893,1894,1895,-1,
  1896,1897,1898,-1,1899,1900,1901,-1,1902,1903,1904,-1,1905,1906,1907,-1,1908,1909,1910,-1,1911,1912,1913,-1,1914,1915,1916,-1,1917,1918,1919,-1,
  1920,1921,1922,-1,1923,1924,1925,-1,1926,1927,1928,-1,1929,1930,1931,-1,1932,1933,1934,-1,1935,1936,1937,-1,1938,1939,1940,-1,1941,1942,1943,-1,
  1944,1945,1946,-1,1947,1948,1949,-1,1950,1951,1952,-1,1953,1954,1955,-1,1956,1957,1958,-1,1959,1960,1961,-1,1962,1963,1964,-1,1965,1966,1967,-1,
  1968,1969,1970,-1,1971,1972,1973,-1,1974,1975,1976,-1,1977,1978,1979,-1,1980,1981,1982,-1,1983,1984,1985,-1,1986,1987,1988,-1,1989,1990,1991,-1,
  1992,1993,1994,-1,1995,1996,1997,-1,1998,1999,2000,-1,2001,2002,2003,-1,2004,2005,2006,-1,2007,2008,2009,-1,2010,2011,2012,-1,2013,2014,2015,-1,
  2016,2017,2018,-1,2019,2020,2021,-1,2022,2023,2024,-1,2025,2026,2027,-1,2028,2029,2030,-1,2031,2032,2033,-1,2034,2035,2036,-1,2037,2038,2039,-1,
  2040,2041,2042,-1,2043,2044,2045,-1,2046,2047,2048,-1,2049,2050,2051,-1,2052,2053,2054,-1,2055,2056,2057,-1,2058,2059,2060,-1,2061,2062,2063,-1,
  2064,2065,2066,-1,2067,2068,2069,-1,2070,2071,2072,-1,2073,2074,2075,-1,2076,2077,2078,-1,2079,2080,2081,-1,2082,2083,2084,-1,2085,2086,2087,-1,
  2088,2089,2090,-1,2091,2092,2093,-1,2094,2095,2096,-1,2097,2098,2099,-1,2100,2101,2102,-1,2103,2104,2105,-1,2106,2107,2108,-1,2109,2110,2111,-1,
  2112,2113,2114,-1,2115,2116,2117,-1,2118,2119,2120,-1,2121,2122,2123,-1,2124,2125,2126,-1,2127,2128,2129,-1,2130,2131,2132,-1,2133,2134,2135,-1,
  2136,2137,2138,-1,2139,2140,2141,-1,2142,2143,2144,-1,2145,2146,2147,-1,2148,2149,2150,-1,2151,2152,2153,-1,2154,2155,2156,-1,2157,2158,2159,-1,
  2160,2161,2162,-1,2163,2164,2165,-1,2166,2167,2168,-1,2169,2170,2171,-1,2172,2173,2174,-1,2175,2176,2177,-1,2178,2179,2180,-1,2181,2182,2183,-1,
  2184,2185,2186,-1,2187,2188,2189,-1,2190,2191,2192,-1,2193,2194,2195,-1,2196,2197,2198,-1,2199,2200,2201,-1,2202,2203,2204,-1,2205,2206,2207,-1,
  2208,2209,2210,-1,2211,2212,2213,-1,2214,2215,2216,-1,2217,2218,2219,-1,2220,2221,2222,-1,2223,2224,2225,-1,2226,2227,2228,-1,2229,2230,2231,-1,
  2232,2233,2234,-1,2235,2236,2237,-1,2238,2239,2240,-1,2241,2242,2243,-1,2244,2245,2246,-1,2247,2248,2249,-1,2250,2251,2252,-1,2253,2254,2255,-1,
  2256,2257,2258,-1,2259,2260,2261,-1,2262,2263,2264,-1,2265,2266,2267,-1,2268,2269,2270,-1,2271,2272,2273,-1,2274,2275,2276,-1,2277,2278,2279,-1,
  2280,2281,2282,-1,2283,2284,2285,-1,2286,2287,2288,-1,2289,2290,2291,-1,2292,2293,2294,-1,2295,2296,2297,-1,2298,2299,2300,-1,2301,2302,2303,-1,
  2304,2305,2306,-1,2307,2308,2309,-1,2310,2311,2312,-1,2313,2314,2315,-1,2316,2317,2318,-1,2319,2320,2321,-1,2322,2323,2324,-1,2325,2326,2327,-1,
  2328,2329,2330,-1,2331,2332,2333,-1,2334,2335,2336,-1,2337,2338,2339,-1,2340,2341,2342,-1,2343,2344,2345,-1,2346,2347,2348,-1,2349,2350,2351,-1,
  2352,2353,2354,-1,2355,2356,2357,-1,2358,2359,2360,-1,2361,2362,2363,-1,2364,2365,2366,-1,2367,2368,2369,-1,2370,2371,2372,-1,2373,2374,2375,-1,
  2376,2377,2378,-1,2379,2380,2381,-1,2382,2383,2384,-1,2385,2386,2387,-1,2388,2389,2390,-1,2391,2392,2393,-1,2394,2395,2396,-1,2397,2398,2399,-1,
  2400,2401,2402,-1,2403,2404,2405,-1,2406,2407,2408,-1,2409,2410,2411,-1,2412,2413,2414,-1,2415,2416,2417,-1,2418,2419,2420,-1,2421,2422,2423,-1,
  2424,2425,2426,-1,2427,2428,2429,-1,2430,2431,2432,-1,2433,2434,2435,-1,2436,2437,2438,-1,2439,2440,2441,-1,2442,2443,2444,-1,2445,2446,2447,-1,
  2448,2449,2450,-1,2451,2452,2453,-1,2454,2455,2456,-1,2457,2458,2459,-1,2460,2461,2462,-1,2463,2464,2465,-1,2466,2467,2468,-1,2469,2470,2471,-1,
  2472,2473,2474,-1,2475,2476,2477,-1,2478,2479,2480,-1,2481,2482,2483,-1,2484,2485,2486,-1,2487,2488,2489,-1,2490,2491,2492,-1,2493,2494,2495,-1,
  2496,2497,2498,-1,2499,2500,2501,-1,2502,2503,2504,-1,2505,2506,2507,-1]
  normalPerVertex TRUE
  normal DEF NORM_2 Normal { vector [
  -0.34202014 -0.93969262 0,-0.34202014 -0.93969262 0,
  -0.34202014 -0.93969262 0,-0.34202014 -0.93969262 0,
  -0.34202014 -0.93969262 0,-0.34202014 -0.93969262 0,
  -0.64278761 -0.76604444 0,-0.64278761 -0.76604444 0,
  -0.64278761 -0.76604444 0,-0.64278761 -0.76604444 0,
  -0.64278761 -0.76604444 0,-0.64278761 -0.76604444 0,
  -0.8660254 -0.5 0,-0.8660254 -0.5 0,
  -0.8660254 -0.5 0,-0.8660254 -0.5 0,
  -0.8660254 -0.5 0,-0.8660254 -0.5 0,
  -0.98480775 -0.17364818 0,-0.98480775 -0.17364818 0,
  -0.98480775 -0.17364818 0,-0.98480775 -0.17364818 0,
  -0.98480775 -0.17364818 0,-0.98480775 -0.17364818 0,
  -0.98480775 0.17364818 0,-0.98480775 0.17364818 0,
  -0.98480775 0.17364818 0,-0.98480775 0.17364818 0,
  -0.98480775 0.17364818 0,-0.98480775 0.17364818 0,
  -0.8660254 0.5 0,-0.8660254 0.5 0,
  -0.8660254 0.5 0,-0.8660254 0.5 0,
  -0.8660254 0.5 0,-0.8660254 0.5 0,
  -0.64278761 0.76604444 0,-0.64278761 0.76604444 0,
  -0.64278761 0.76604444 0,-0.64278761 0.76604444 0,
  -0.64278761 0.76604444 0,-0.64278761 0.76604444 0,
  -0.34202014 0.93969262 0,-0.34202014 0.93969262 0,
  -0.34202014 0.93969262 0,-0.34202014 0.93969262 0,
  -0.34202014 0.93969262 0,-0.34202014 0.93969262 0,
  0 1 0,0 1 0,
  0 1 0,0 1 0,
  0 1 0,0 1 0,
  0.34202014 0.93969262 0,0.34202014 0.93969262 0,
  0.34202014 0.93969262 0,0.34202014 0.93969262 0,
  0.34202014 0.93969262 0,0.34202014 0.93969262 0,
  0.64278761 0.76604444 0,0.64278761 0.76604444 0,
  0.64278761 0.76604444 0,0.64278761 0.76604444 0,
  0.64278761 0.76604444 0,0.64278761 0.76604444 0,
  0.8660254 0.5 0,0.8660254 0.5 0,
  0.8660254 0.5 0,0.8660254 0.5 0,
  0.8660254 0.5 0,0.8660254 0.5 0,
  0.98480775 0.17364818 0,0.98480775 0.17364818 0,
  0.98480775 0.17364818 0,0.98480775 0.17364818 0,
  0.98480775 0.17364818 0,0.98480775 0.17364818 0,
  0.98480775 -0.17364818 0,0.98480775 -0.17364818 0,
  0.98480775 -0.17364818 0,0.98480775 -0.17364818 0,
  0.98480775 -0.17364818 0,0.98480775 -0.17364818 0,
  0.8660254 -0.5 0,0.8660254 -0.5 0,
  0.8660254 -0.5 0,0.8660254 -0.5 0,
  0.8660254 -0.5 0,0.8660254 -0.5 0,
  0.64278761 -0.76604444 0,0.64278761 -0.76604444 0,
  0.64278761 -0.76604444 0,0.64278761 -0.76604444 0,
  0.64278761 -0.76604444 0,0.64278761 -0.76604444 0,
  0.34202014 -0.93969262 0,0.34202014 -0.93969262 0,
  0.34202014 -0.93969262 0,0.34202014 -0.93969262 0,
  0.34202014 -0.93969262 0,0.34202014 -0.93969262 0,
  0 -1 0,0 -1 0,
  0 -1 0,0 -1 0,
  0 -1 0,0 -1 0,
  0.98480775 -0.17364818 0,0.98480775 -0.17364818 0,
  0.98480775 -0.17364818 0,0.98480775 -0.17364818 0,
  0.98480775 -0.17364818 0,0.98480775 -0.17364818 0,
  0.8660254 -0.5 0,0.8660254 -0.5 0,
  0.8660254 -0.5 0,0.8660254 -0.5 0,
  0.8660254 -0.5 0,0.8660254 -0.5 0,
  0.64278761 -0.76604444 0,0.64278761 -0.76604444 0,
  0.64278761 -0.76604444 0,0.64278761 -0.76604444 0,
  0.64278761 -0.76604444 0,0.64278761 -0.76604444 0,
  0.34202014 -0.93969262 0,0.34202014 -0.93969262 0,
  0.34202014 -0.93969262 0,0.34202014 -0.93969262 0,
  0.34202014 -0.93969262 0,0.34202014 -0.93969262 0,
  0 -1 0,0 -1 0,
  0 -1 0,0 -1 0,
  0 -1 0,0 -1 0,
  -0.34202014 -0.93969262 0,-0.34202014 -0.93969262 0,
  -0.34202014 -0.93969262 0,-0.34202014 -0.93969262 0,
  -0.34202014 -0.93969262 0,-0.34202014 -0.93969262 0,
  -0.64278761 -0.76604444 0,-0.64278761 -0.76604444 0,
  -0.64278761 -0.76604444 0,-0.64278761 -0.76604444 0,
  -0.64278761 -0.76604444 0,-0.64278761 -0.76604444 0,
  -0.8660254 -0.5 0,-0.8660254 -0.5 0,
  -0.8660254 -0.5 0,-0.8660254 -0.5 0,
  -0.8660254 -0.5 0,-0.8660254 -0.5 0,
  -0.98480775 -0.17364818 0,-0.98480775 -0.17364818 0,
  -0.98480775 -0.17364818 0,-0.98480775 -0.17364818 0,
  -0.98480775 -0.17364818 0,-0.98480775 -0.17364818 0,
  -0.98480775 0.17364818 0,-0.98480775 0.17364818 0,
  -0.98480775 0.17364818 0,-0.98480775 0.17364818 0,
  -0.98480775 0.17364818 0,-0.98480775 0.17364818 0,
  -0.8660254 0.5 0,-0.8660254 0.5 0,
  -0.8660254 0.5 0,-0.8660254 0.5 0,
  -0.8660254 0.5 0,-0.8660254 0.5 0,
  -0.64278761 0.76604444 0,-0.64278761 0.76604444 0,
  -0.64278761 0.76604444 0,-0.64278761 0.76604444 0,
  -0.64278761 0.76604444 0,-0.64278761 0.76604444 0,
  -0.34202014 0.93969262 0,-0.34202014 0.93969262 0,
  -0.34202014 0.93969262 0,-0.34202014 0.93969262 0,
  -0.34202014 0.93969262 0,-0.34202014 0.93969262 0,
  0 1 0,0 1 0,
  0 1 0,0 1 0,
  0 1 0,0 1 0,
  0.34202014 0.93969262 0,0.34202014 0.93969262 0,
  0.34202014 0.93969262 0,0.34202014 0.93969262 0,
  0.34202014 0.93969262 0,0.34202014 0.93969262 0,
  0.64278761 0.76604444 0,0.64278761 0.76604444 0,
  0.64278761 0.76604444 0,0.64278761 0.76604444 0,
  0.64278761 0.76604444 0,0.64278761 0.76604444 0,
  0.8660254 0.5 0,0.8660254 0.5 0,
  0.8660254 0.5 0,0.8660254 0.5 0,
  0.8660254 0.5 0,0.8660254 0.5 0,
  0.98480775 0.17364818 0,0.98480775 0.17364818 0,
  0.98480775 0.17364818 0,0.98480775 0.17364818 0,
  0.98480775 0.17364818 0,0.98480775 0.17364818 0,
  -0.98480775 0.17364818 0,-0.98480775 0.17364818 0,
  -0.98480775 0.17364818 0,-0.98480775 0.17364818 0,
  -0.98480775 0.17364818 0,-0.98480775 0.17364818 0,
  -0.8660254 0.5 0,-0.8660254 0.5 0,
  -0.8660254 0.5 0,-0.8660254 0.5 0,
  -0.8660254 0.5 0,-0.8660254 0.5 0,
  -0.64278761 0.76604444 0,-0.64278761 0.76604444 0,
  -0.64278761 0.76604444 0,-0.64278761 0.76604444 0,
  -0.64278761 0.76604444 0,-0.64278761 0.76604444 0,
  -0.34202014 0.93969262 0,-0.34202014 0.93969262 0,
  -0.34202014 0.93969262 0,-0.34202014 0.93969262 0,
  -0.34202014 0.93969262 0,-0.34202014 0.93969262 0,
  0 1 0,0 1 0,
  0 1 0,0 1 0,
  0 1 0,0 1 0,
  0.34202014 0.93969262 0,0.34202014 0.93969262 0,
  0.34202014 0.93969262 0,0.34202014 0.93969262 0,
  0.34202014 0.93969262 0,0.34202014 0.93969262 0,
  0.64278761 0.76604444 0,0.64278761 0.76604444 0,
  0.64278761 0.76604444 0,0.64278761 0.76604444 0,
  0.64278761 0.76604444 0,0.64278761 0.76604444 0,
  0.8660254 0.5 0,0.8660254 0.5 0,
  0.8660254 0.5 0,0.8660254 0.5 0,
  0.8660254 0.5 0,0.8660254 0.5 0,
  0.98480775 0.17364818 0,0.98480775 0.17364818 0,
  0.98480775 0.17364818 0,0.98480775 0.17364818 0,
  0.98480775 0.17364818 0,0.98480775 0.17364818 0,
  0.98480775 -0.17364818 0,0.98480775 -0.17364818 0,
  0.98480775 -0.17364818 0,0.98480775 -0.17364818 0,
  0.98480775 -0.17364818 0,0.98480775 -0.17364818 0,
  0.8660254 -0.5 0,0.8660254 -0.5 0,
  0.8660254 -0.5 0,0.8660254 -0.5 0,
  0.8660254 -0.5 0,0.8660254 -0.5 0,
  0.64278761 -0.76604444 0,0.64278761 -0.76604444 0,
  0.64278761 -0.76604444 0,0.64278761 -0.76604444 0,
  0.64278761 -0.76604444 0,0.64278761 -0.76604444 0,
  0.34202014 -0.93969262 0,0.34202014 -0.93969262 0,
  0.34202014 -0.93969262 0,0.34202014 -0.93969262 0,
  0.34202014 -0.93969262 0,0.34202014 -0.93969262 0,
  0 -1 0,0 -1 0,
  0 -1 0,0 -1 0,
  0 -1 0,0 -1 0,
  -0.34202014 -0.93969262 0,-0.34202014 -0.93969262 0,
  -0.34202014 -0.93969262 0,-0.34202014 -0.93969262 0,
  -0.34202014 -0.93969262 0,-0.34202014 -0.93969262 0,
  -0.64278761 -0.76604444 0,-0.64278761 -0.76604444 0,
  -0.64278761 -0.76604444 0,-0.64278761 -0.76604444 0,
  -0.64278761 -0.76604444 0,-0.64278761 -0.76604444 0,
  -0.8660254 -0.5 0,-0.8660254 -0.5 0,
  -0.8660254 -0.5 0,-0.8660254 -0.5 0,
  -0.8660254 -0.5 0,-0.8660254 -0.5 0,
  -0.98480775 -0.17364818 0,-0.98480775 -0.17364818 0,
  -0.98480775 -0.17364818 0,-0.98480775 -0.17364818 0,
  -0.98480775 -0.17364818 0,-0.98480775 -0.17364818 0,
  0.98480775 -0.17364818 0,0.98480775 -0.17364818 0,
  0.98480775 -0.17364818 0,0.98480775 -0.17364818 0,
  0.98480775 -0.17364818 0,0.98480775 -0.17364818 0,
  0.8660254 -0.5 0,0.8660254 -0.5 0,
  0.8660254 -0.5 0,0.8660254 -0.5 0,
  0.8660254 -0.5 0,0.8660254 -0.5 0,
  0.64278761 -0.76604444 0,0.64278761 -0.76604444 0,
  0.64278761 -0.76604444 0,0.64278761 -0.76604444 0,
  0.64278761 -0.76604444 0,0.64278761 -0.76604444 0,
  0.34202014 -0.93969262 0,0.34202014 -0.93969262 0,
  0.34202014 -0.93969262 0,0.34202014 -0.93969262 0,
  0.34202014 -0.93969262 0,0.34202014 -0.93969262 0,
  0 -1 0,0 -1 0,
  0 -1 0,0 -1 0,
  0 -1 0,0 -1 0,
  -0.34202014 -0.93969262 0,-0.34202014 -0.93969262 0,
  -0.34202014 -0.93969262 0,-0.34202014 -0.93969262 0,
  -0.34202014 -0.93969262 0,-0.34202014 -0.93969262 0,
  -0.64278761 -0.76604444 0,-0.64278761 -0.76604444 0,
  -0.64278761 -0.76604444 0,-0.64278761 -0.76604444 0,
  -0.64278761 -0.76604444 0,-0.64278761 -0.76604444 0,
  -0.8660254 -0.5 0,-0.8660254 -0.5 0,
  -0.8660254 -0.5 0,-0.8660254 -0.5 0,
  -0.8660254 -0.5 0,-0.8660254 -0.5 0,
  -0.98480775 -0.17364818 0,-0.98480775 -0.17364818 0,
  -0.98480775 -0.17364818 0,-0.98480775 -0.17364818 0,
  -0.98480775 -0.17364818 0,-0.98480775 -0.17364818 0,
  -0.98480775 0.17364818 0,-0.98480775 0.17364818 0,
  -0.98480775 0.17364818 0,-0.98480775 0.17364818 0,
  -0.98480775 0.17364818 0,-0.98480775 0.17364818 0,
  -0.8660254 0.5 0,-0.8660254 0.5 0,
  -0.8660254 0.5 0,-0.8660254 0.5 0,
  -0.8660254 0.5 0,-0.8660254 0.5 0,
  -0.64278761 0.76604444 0,-0.64278761 0.76604444 0,
  -0.64278761 0.76604444 0,-0.64278761 0.76604444 0,
  -0.64278761 0.76604444 0,-0.64278761 0.76604444 0,
  -0.34202014 0.93969262 0,-0.34202014 0.93969262 0,
  -0.34202014 0.93969262 0,-0.34202014 0.93969262 0,
  -0.34202014 0.93969262 0,-0.34202014 0.93969262 0,
  0 1 0,0 1 0,
  0 1 0,0 1 0,
  0 1 0,0 1 0,
  0.34202014 0.93969262 0,0.34202014 0.93969262 0,
  0.34202014 0.93969262 0,0.34202014 0.93969262 0,
  0.34202014 0.93969262 0,0.34202014 0.93969262 0,
  0.64278761 0.76604444 0,0.64278761 0.76604444 0,
  0.64278761 0.76604444 0,0.64278761 0.76604444 0,
  0.64278761 0.76604444 0,0.64278761 0.76604444 0,
  0.8660254 0.5 0,0.8660254 0.5 0,
  0.8660254 0.5 0,0.8660254 0.5 0,
  0.8660254 0.5 0,0.8660254 0.5 0,
  0.98480775 0.17364818 0,0.98480775 0.17364818 0,
  0.98480775 0.17364818 0,0.98480775 0.17364818 0,
  0.98480775 0.17364818 0,0.98480775 0.17364818 0,
  0.98480775 -0.17364818 0,0.98480775 -0.17364818 0,
  0.98480775 -0.17364818 0,0.98480775 -0.17364818 0,
  0.98480775 -0.17364818 0,0.98480775 -0.17364818 0,
  0.8660254 -0.5 0,0.8660254 -0.5 0,
  0.8660254 -0.5 0,0.8660254 -0.5 0,
  0.8660254 -0.5 0,0.8660254 -0.5 0,
  0.64278761 -0.76604444 0,0.64278761 -0.76604444 0,
  0.64278761 -0.76604444 0,0.64278761 -0.76604444 0,
  0.64278761 -0.76604444 0,0.64278761 -0.76604444 0,
  0.34202014 -0.93969262 0,0.34202014 -0.93969262 0,
  0.34202014 -0.93969262 0,0.34202014 -0.93969262 0,
  0.34202014 -0.93969262 0,0.34202014 -0.93969262 0,
  0 -1 0,0 -1 0,
  0 -1 0,0 -1 0,
  0 -1 0,0 -1 0,
  -0.34202014 -0.93969262 0,-0.34202014 -0.93969262 0,
  -0.34202014 -0.93969262 0,-0.34202014 -0.93969262 0,
  -0.34202014 -0.93969262 0,-0.34202014 -0.93969262 0,
  -0.64278761 -0.76604444 0,-0.64278761 -0.76604444 0,
  -0.64278761 -0.76604444 0,-0.64278761 -0.76604444 0,
  -0.64278761 -0.76604444 0,-0.64278761 -0.76604444 0,
  -0.8660254 -0.5 0,-0.8660254 -0.5 0,
  -0.8660254 -0.5 0,-0.8660254 -0.5 0,
  -0.8660254 -0.5 0,-0.8660254 -0.5 0,
  -0.98480775 -0.17364818 0,-0.98480775 -0.17364818 0,
  -0.98480775 -0.17364818 0,-0.98480775 -0.17364818 0,
  -0.98480775 -0.17364818 0,-0.98480775 -0.17364818 0,
  -0.98480775 0.17364818 0,-0.98480775 0.17364818 0,
  -0.98480775 0.17364818 0,-0.98480775 0.17364818 0,
  -0.98480775 0.17364818 0,-0.98480775 0.17364818 0,
  -0.8660254 0.5 0,-0.8660254 0.5 0,
  -0.8660254 0.5 0,-0.8660254 0.5 0,
  -0.8660254 0.5 0,-0.8660254 0.5 0,
  -0.64278761 0.76604444 0,-0.64278761 0.76604444 0,
  -0.64278761 0.76604444 0,-0.64278761 0.76604444 0,
  -0.64278761 0.76604444 0,-0.64278761 0.76604444 0,
  -0.34202014 0.93969262 0,-0.34202014 0.93969262 0,
  -0.34202014 0.93969262 0,-0.34202014 0.93969262 0,
  -0.34202014 0.93969262 0,-0.34202014 0.93969262 0,
  0 1 0,0 1 0,
  0 1 0,0 1 0,
  0 1 0,0 1 0,
  0.34202014 0.93969262 0,0.34202014 0.93969262 0,
  0.34202014 0.93969262 0,0.34202014 0.93969262 0,
  0.34202014 0.93969262 0,0.34202014 0.93969262 0,
  0.64278761 0.76604444 0,0.64278761 0.76604444 0,
  0.64278761 0.76604444 0,0.64278761 0.76604444 0,
  0.64278761 0.76604444 0,0.64278761 0.76604444 0,
  0.8660254 0.5 0,0.8660254 0.5 0,
  0.8660254 0.5 0,0.8660254 0.5 0,
  0.8660254 0.5 0,0.8660254 0.5 0,
  0.98480775 0.17364818 0,0.98480775 0.17364818 0,
  0.98480775 0.17364818 0,0.98480775 0.17364818 0,
  0.98480775 0.17364818 0,0.98480775 0.17364818 0,
  0.98480775 -0.17364818 0,0.98480775 -0.17364818 0,
  0.98480775 -0.17364818 0,0.98480775 -0.17364818 0,
  0.98480775 -0.17364818 0,0.98480775 -0.17364818 0,
  0.8660254 -0.5 0,0.8660254 -0.5 0,
  0.8660254 -0.5 0,0.8660254 -0.5 0,
  0.8660254 -0.5 0,0.8660254 -0.5 0,
  0.64278761 -0.76604444 0,0.64278761 -0.76604444 0,
  0.64278761 -0.76604444 0,0.64278761 -0.76604444 0,
  0.64278761 -0.76604444 0,0.64278761 -0.76604444 0,
  0.34202014 -0.93969262 0,0.34202014 -0.93969262 0,
  0.34202014 -0.93969262 0,0.34202014 -0.93969262 0,
  0.34202014 -0.93969262 0,0.34202014 -0.93969262 0,
  0 -1 0,0 -1 0,
  0 -1 0,0 -1 0,
  0 -1 0,0 -1 0,
  -0.34202014 -0.93969262 0,-0.34202014 -0.93969262 0,
  -0.34202014 -0.93969262 0,-0.34202014 -0.93969262 0,
  -0.34202014 -0.93969262 0,-0.34202014 -0.93969262 0,
  -0.64278761 -0.76604444 0,-0.64278761 -0.76604444 0,
  -0.64278761 -0.76604444 0,-0.64278761 -0.76604444 0,
  -0.64278761 -0.76604444 0,-0.64278761 -0.76604444 0,
  -0.8660254 -0.5 0,-0.8660254 -0.5 0,
  -0.8660254 -0.5 0,-0.8660254 -0.5 0,
  -0.8660254 -0.5 0,-0.8660254 -0.5 0,
  -0.98480775 -0.17364818 0,-0.98480775 -0.17364818 0,
  -0.98480775 -0.17364818 0,-0.98480775 -0.17364818 0,
  -0.98480775 -0.17364818 0,-0.98480775 -0.17364818 0,
  -0.98480775 0.17364818 0,-0.98480775 0.17364818 0,
  -0.98480775 0.17364818 0,-0.98480775 0.17364818 0,
  -0.98480775 0.17364818 0,-0.98480775 0.17364818 0,
  -0.8660254 0.5 0,-0.8660254 0.5 0,
  -0.8660254 0.5 0,-0.8660254 0.5 0,
  -0.8660254 0.5 0,-0.8660254 0.5 0,
  -0.64278761 0.76604444 0,-0.64278761 0.76604444 0,
  -0.64278761 0.76604444 0,-0.64278761 0.76604444 0,
  -0.64278761 0.76604444 0,-0.64278761 0.76604444 0,
  -0.34202014 0.93969262 0,-0.34202014 0.93969262 0,
  -0.34202014 0.93969262 0,-0.34202014 0.93969262 0,
  -0.34202014 0.93969262 0,-0.34202014 0.93969262 0,
  0 1 0,0 1 0,
  0 1 0,0 1 0,
  0 1 0,0 1 0,
  0.34202014 0.93969262 0,0.34202014 0.93969262 0,
  0.34202014 0.93969262 0,0.34202014 0.93969262 0,
  0.34202014 0.93969262 0,0.34202014 0.93969262 0,
  0.64278761 0.76604444 0,0.64278761 0.76604444 0,
  0.64278761 0.76604444 0,0.64278761 0.76604444 0,
  0.64278761 0.76604444 0,0.64278761 0.76604444 0,
  0.8660254 0.5 0,0.8660254 0.5 0,
  0.8660254 0.5 0,0.8660254 0.5 0,
  0.8660254 0.5 0,0.8660254 0.5 0,
  0.98480775 0.17364818 0,0.98480775 0.17364818 0,
  0.98480775 0.17364818 0,0.98480775 0.17364818 0,
  0.98480775 0.17364818 0,0.98480775 0.17364818 0,
  0.98480775 -0.17364818 0,0.98480775 -0.17364818 0,
  0.98480775 -0.17364818 0,0.98480775 -0.17364818 0,
  0.98480775 -0.17364818 0,0.98480775 -0.17364818 0,
  0.8660254 -0.5 0,0.8660254 -0.5 0,
  0.8660254 -0.5 0,0.8660254 -0.5 0,
  0.8660254 -0.5 0,0.8660254 -0.5 0,
  0.64278761 -0.76604444 0,0.64278761 -0.76604444 0,
  0.64278761 -0.76604444 0,0.64278761 -0.76604444 0,
  0.64278761 -0.76604444 0,0.64278761 -0.76604444 0,
  0.34202014 -0.93969262 0,0.34202014 -0.93969262 0,
  0.34202014 -0.93969262 0,0.34202014 -0.93969262 0,
  0.34202014 -0.93969262 0,0.34202014 -0.93969262 0,
  0 -1 0,0 -1 0,
  0 -1 0,0 -1 0,
  0 -1 0,0 -1 0,
  -0.34202014 -0.93969262 0,-0.34202014 -0.93969262 0,
  -0.34202014 -0.93969262 0,-0.34202014 -0.93969262 0,
  -0.34202014 -0.93969262 0,-0.34202014 -0.93969262 0,
  -0.64278761 -0.76604444 0,-0.64278761 -0.76604444 0,
  -0.64278761 -0.76604444 0,-0.64278761 -0.76604444 0,
  -0.64278761 -0.76604444 0,-0.64278761 -0.76604444 0,
  -0.8660254 -0.5 0,-0.8660254 -0.5 0,
  -0.8660254 -0.5 0,-0.8660254 -0.5 0,
  -0.8660254 -0.5 0,-0.8660254 -0.5 0,
  -0.98480775 -0.17364818 0,-0.98480775 -0.17364818 0,
  -0.98480775 -0.17364818 0,-0.98480775 -0.17364818 0,
  -0.98480775 -0.17364818 0,-0.98480775 -0.17364818 0,
  -0.98480775 0.17364818 0,-0.98480775 0.17364818 0,
  -0.98480775 0.17364818 0,-0.98480775 0.17364818 0,
  -0.98480775 0.17364818 0,-0.98480775 0.17364818 0,
  -0.8660254 0.5 0,-0.8660254 0.5 0,
  -0.8660254 0.5 0,-0.8660254 0.5 0,
  -0.8660254 0.5 0,-0.8660254 0.5 0,
  -0.64278761 0.76604444 0,-0.64278761 0.76604444 0,
  -0.64278761 0.76604444 0,-0.64278761 0.76604444 0,
  -0.64278761 0.76604444 0,-0.64278761 0.76604444 0,
  -0.34202014 0.93969262 0,-0.34202014 0.93969262 0,
  -0.34202014 0.93969262 0,-0.34202014 0.93969262 0,
  -0.34202014 0.93969262 0,-0.34202014 0.93969262 0,
  0 1 0,0 1 0,
  0 1 0,0 1 0,
  0 1 0,0 1 0,
  0.34202014 0.93969262 0,0.34202014 0.93969262 0,
  0.34202014 0.93969262 0,0.34202014 0.93969262 0,
  0.34202014 0.93969262 0,0.34202014 0.93969262 0,
  0.64278761 0.76604444 0,0.64278761 0.76604444 0,
  0.64278761 0.76604444 0,0.64278761 0.76604444 0,
  0.64278761 0.76604444 0,0.64278761 0.76604444 0,
  0.8660254 0.5 0,0.8660254 0.5 0,
  0.8660254 0.5 0,0.8660254 0.5 0,
  0.8660254 0.5 0,0.8660254 0.5 0,
  0.98480775 0.17364818 0,0.98480775 0.17364818 0,
  0.98480775 0.17364818 0,0.98480775 0.17364818 0,
  0.98480775 0.17364818 0,0.98480775 0.17364818 0,
  -0.98480775 0.17364818 0,-0.98480775 0.17364818 0,
  -0.98480775 0.17364818 0,-0.98480775 0.17364818 0,
  -0.98480775 0.17364818 0,-0.98480775 0.17364818 0,
  -0.8660254 0.5 0,-0.8660254 0.5 0,
  -0.8660254 0.5 0,-0.8660254 0.5 0,
  -0.8660254 0.5 0,-0.8660254 0.5 0,
  -0.64278761 0.76604444 0,-0.64278761 0.76604444 0,
  -0.64278761 0.76604444 0,-0.64278761 0.76604444 0,
  -0.64278761 0.76604444 0,-0.64278761 0.76604444 0,
  -0.34202014 0.93969262 0,-0.34202014 0.93969262 0,
  -0.34202014 0.93969262 0,-0.34202014 0.93969262 0,
  -0.34202014 0.93969262 0,-0.34202014 0.93969262 0,
  0 1 0,0 1 0,
  0 1 0,0 1 0,
  0 1 0,0 1 0,
  0.34202014 0.93969262 0,0.34202014 0.93969262 0,
  0.34202014 0.93969262 0,0.34202014 0.93969262 0,
  0.34202014 0.93969262 0,0.34202014 0.93969262 0,
  0.64278761 0.76604444 0,0.64278761 0.76604444 0,
  0.64278761 0.76604444 0,0.64278761 0.76604444 0,
  0.64278761 0.76604444 0,0.64278761 0.76604444 0,
  0.8660254 0.5 0,0.8660254 0.5 0,
  0.8660254 0.5 0,0.8660254 0.5 0,
  0.8660254 0.5 0,0.8660254 0.5 0,
  0.98480775 0.17364818 0,0.98480775 0.17364818 0,
  0.98480775 0.17364818 0,0.98480775 0.17364818 0,
  0.98480775 0.17364818 0,0.98480775 0.17364818 0,
  0.98480775 -0.17364818 0,0.98480775 -0.17364818 0,
  0.98480775 -0.17364818 0,0.98480775 -0.17364818 0,
  0.98480775 -0.17364818 0,0.98480775 -0.17364818 0,
  0.8660254 -0.5 0,0.8660254 -0.5 0,
  0.8660254 -0.5 0,0.8660254 -0.5 0,
  0.8660254 -0.5 0,0.8660254 -0.5 0,
  0.64278761 -0.76604444 0,0.64278761 -0.76604444 0,
  0.64278761 -0.76604444 0,0.64278761 -0.76604444 0,
  0.64278761 -0.76604444 0,0.64278761 -0.76604444 0,
  0.34202014 -0.93969262 0,0.34202014 -0.93969262 0,
  0.34202014 -0.93969262 0,0.34202014 -0.93969262 0,
  0.34202014 -0.93969262 0,0.34202014 -0.93969262 0,
  0 -1 0,0 -1 0,
  0 -1 0,0 -1 0,
  0 -1 0,0 -1 0,
  -0.34202014 -0.93969262 0,-0.34202014 -0.93969262 0,
  -0.34202014 -0.93969262 0,-0.34202014 -0.93969262 0,
  -0.34202014 -0.93969262 0,-0.34202014 -0.93969262 0,
  -0.64278761 -0.76604444 0,-0.64278761 -0.76604444 0,
  -0.64278761 -0.76604444 0,-0.64278761 -0.76604444 0,
  -0.64278761 -0.76604444 0,-0.64278761 -0.76604444 0,
  -0.8660254 -0.5 0,-0.8660254 -0.5 0,
  -0.8660254 -0.5 0,-0.8660254 -0.5 0,
  -0.8660254 -0.5 0,-0.8660254 -0.5 0,
  -0.98480775 -0.17364818 0,-0.98480775 -0.17364818 0,
  -0.98480775 -0.17364818 0,-0.98480775 -0.17364818 0,
  -0.98480775 -0.17364818 0,-0.98480775 -0.17364818 0,
  0.34202014 0.93969262 0,0.34202014 0.93969262 0,
  0.34202014 0.93969262 0,0.34202014 0.93969262 0,
  0.34202014 0.93969262 0,0.34202014 0.93969262 0,
  0.64278761 0.76604444 0,0.64278761 0.76604444 0,
  0.64278761 0.76604444 0,0.64278761 0.76604444 0,
  0.64278761 0.76604444 0,0.64278761 0.76604444 0,
  0.8660254 0.5 0,0.8660254 0.5 0,
  0.8660254 0.5 0,0.8660254 0.5 0,
  0.8660254 0.5 0,0.8660254 0.5 0,
  0.98480775 0.17364818 0,0.98480775 0.17364818 0,
  0.98480775 0.17364818 0,0.98480775 0.17364818 0,
  0.98480775 0.17364818 0,0.98480775 0.17364818 0,
  0.98480775 -0.17364818 0,0.98480775 -0.17364818 0,
  0.98480775 -0.17364818 0,0.98480775 -0.17364818 0,
  0.98480775 -0.17364818 0,0.98480775 -0.17364818 0,
  0.8660254 -0.5 0,0.8660254 -0.5 0,
  0.8660254 -0.5 0,0.8660254 -0.5 0,
  0.8660254 -0.5 0,0.8660254 -0.5 0,
  0.64278761 -0.76604444 0,0.64278761 -0.76604444 0,
  0.64278761 -0.76604444 0,0.64278761 -0.76604444 0,
  0.64278761 -0.76604444 0,0.64278761 -0.76604444 0,
  0.34202014 -0.93969262 0,0.34202014 -0.93969262 0,
  0.34202014 -0.93969262 0,0.34202014 -0.93969262 0,
  0.34202014 -0.93969262 0,0.34202014 -0.93969262 0,
  0 -1 0,0 -1 0,
  0 -1 0,0 -1 0,
  0 -1 0,0 -1 0,
  -0.34202014 -0.93969262 0,-0.34202014 -0.93969262 0,
  -0.34202014 -0.93969262 0,-0.34202014 -0.93969262 0,
  -0.34202014 -0.93969262 0,-0.34202014 -0.93969262 0,
  -0.64278761 -0.76604444 0,-0.64278761 -0.76604444 0,
  -0.64278761 -0.76604444 0,-0.64278761 -0.76604444 0,
  -0.64278761 -0.76604444 0,-0.64278761 -0.76604444 0,
  -0.8660254 -0.5 0,-0.8660254 -0.5 0,
  -0.8660254 -0.5 0,-0.8660254 -0.5 0,
  -0.8660254 -0.5 0,-0.8660254 -0.5 0,
  -0.98480775 -0.17364818 0,-0.98480775 -0.17364818 0,
  -0.98480775 -0.17364818 0,-0.98480775 -0.17364818 0,
  -0.98480775 -0.17364818 0,-0.98480775 -0.17364818 0,
  -0.98480775 0.17364818 0,-0.98480775 0.17364818 0,
  -0.98480775 0.17364818 0,-0.98480775 0.17364818 0,
  -0.98480775 0.17364818 0,-0.98480775 0.17364818 0,
  -0.8660254 0.5 0,-0.8660254 0.5 0,
  -0.8660254 0.5 0,-0.8660254 0.5 0,
  -0.8660254 0.5 0,-0.8660254 0.5 0,
  -0.64278761 0.76604444 0,-0.64278761 0.76604444 0,
  -0.64278761 0.76604444 0,-0.64278761 0.76604444 0,
  -0.64278761 0.76604444 0,-0.64278761 0.76604444 0,
  -0.34202014 0.93969262 0,-0.34202014 0.93969262 0,
  -0.34202014 0.93969262 0,-0.34202014 0.93969262 0,
  -0.34202014 0.93969262 0,-0.34202014 0.93969262 0,
  0 1 0,0 1 0,
  0 1 0,0 1 0,
  0 1 0,0 1 0,
  0.98480775 -0.17364818 0,0.98480775 -0.17364818 0,
  0.98480775 -0.17364818 0,0.98480775 -0.17364818 0,
  0.98480775 -0.17364818 0,0.98480775 -0.17364818 0,
  0.8660254 -0.5 0,0.8660254 -0.5 0,
  0.8660254 -0.5 0,0.8660254 -0.5 0,
  0.8660254 -0.5 0,0.8660254 -0.5 0,
  0.64278761 -0.76604444 0,0.64278761 -0.76604444 0,
  0.64278761 -0.76604444 0,0.64278761 -0.76604444 0,
  0.64278761 -0.76604444 0,0.64278761 -0.76604444 0,
  0.34202014 -0.93969262 0,0.34202014 -0.93969262 0,
  0.34202014 -0.93969262 0,0.34202014 -0.93969262 0,
  0.34202014 -0.93969262 0,0.34202014 -0.93969262 0,
  0 -1 0,0 -1 0,
  0 -1 0,0 -1 0,
  0 -1 0,0 -1 0,
  -0.34202014 -0.93969262 0,-0.34202014 -0.93969262 0,
  -0.34202014 -0.93969262 0,-0.34202014 -0.93969262 0,
  -0.34202014 -0.93969262 0,-0.34202014 -0.93969262 0,
  -0.64278761 -0.76604444 0,-0.64278761 -0.76604444 0,
  -0.64278761 -0.76604444 0,-0.64278761 -0.76604444 0,
  -0.64278761 -0.76604444 0,-0.64278761 -0.76604444 0,
  -0.8660254 -0.5 0,-0.8660254 -0.5 0,
  -0.8660254 -0.5 0,-0.8660254 -0.5 0,
  -0.8660254 -0.5 0,-0.8660254 -0.5 0,
  -0.98480775 -0.17364818 0,-0.98480775 -0.17364818 0,
  -0.98480775 -0.17364818 0,-0.98480775 -0.17364818 0,
  -0.98480775 -0.17364818 0,-0.98480775 -0.17364818 0,
  -0.98480775 0.17364818 0,-0.98480775 0.17364818 0,
  -0.98480775 0.17364818 0,-0.98480775 0.17364818 0,
  -0.98480775 0.17364818 0,-0.98480775 0.17364818 0,
  -0.8660254 0.5 0,-0.8660254 0.5 0,
  -0.8660254 0.5 0,-0.8660254 0.5 0,
  -0.8660254 0.5 0,-0.8660254 0.5 0,
  -0.64278761 0.76604444 0,-0.64278761 0.76604444 0,
  -0.64278761 0.76604444 0,-0.64278761 0.76604444 0,
  -0.64278761 0.76604444 0,-0.64278761 0.76604444 0,
  -0.34202014 0.93969262 0,-0.34202014 0.93969262 0,
  -0.34202014 0.93969262 0,-0.34202014 0.93969262 0,
  -0.34202014 0.93969262 0,-0.34202014 0.93969262 0,
  0 1 0,0 1 0,
  0 1 0,0 1 0,
  0 1 0,0 1 0,
  0.34202014 0.93969262 0,0.34202014 0.93969262 0,
  0.34202014 0.93969262 0,0.34202014 0.93969262 0,
  0.34202014 0.93969262 0,0.34202014 0.93969262 0,
  0.64278761 0.76604444 0,0.64278761 0.76604444 0,
  0.64278761 0.76604444 0,0.64278761 0.76604444 0,
  0.64278761 0.76604444 0,0.64278761 0.76604444 0,
  0.8660254 0.5 0,0.8660254 0.5 0,
  0.8660254 0.5 0,0.8660254 0.5 0,
  0.8660254 0.5 0,0.8660254 0.5 0,
  0.98480775 0.17364818 0,0.98480775 0.17364818 0,
  0.98480775 0.17364818 0,0.98480775 0.17364818 0,
  0.98480775 0.17364818 0,0.98480775 0.17364818 0,
  -0.34202014 -0.93969262 0,-0.34202014 -0.93969262 0,
  -0.34202014 -0.93969262 0,-0.34202014 -0.93969262 0,
  -0.34202014 -0.93969262 0,-0.34202014 -0.93969262 0,
  -0.64278761 -0.76604444 0,-0.64278761 -0.76604444 0,
  -0.64278761 -0.76604444 0,-0.64278761 -0.76604444 0,
  -0.64278761 -0.76604444 0,-0.64278761 -0.76604444 0,
  -0.8660254 -0.5 0,-0.8660254 -0.5 0,
  -0.8660254 -0.5 0,-0.8660254 -0.5 0,
  -0.8660254 -0.5 0,-0.8660254 -0.5 0,
  -0.98480775 -0.17364818 0,-0.98480775 -0.17364818 0,
  -0.98480775 -0.17364818 0,-0.98480775 -0.17364818 0,
  -0.98480775 -0.17364818 0,-0.98480775 -0.17364818 0,
  -0.98480775 0.17364818 0,-0.98480775 0.17364818 0,
  -0.98480775 0.17364818 0,-0.98480775 0.17364818 0,
  -0.98480775 0.17364818 0,-0.98480775 0.17364818 0,
  -0.8660254 0.5 0,-0.8660254 0.5 0,
  -0.8660254 0.5 0,-0.8660254 0.5 0,
  -0.8660254 0.5 0,-0.8660254 0.5 0,
  -0.64278761 0.76604444 0,-0.64278761 0.76604444 0,
  -0.64278761 0.76604444 0,-0.64278761 0.76604444 0,
  -0.64278761 0.76604444 0,-0.64278761 0.76604444 0,
  -0.34202014 0.93969262 0,-0.34202014 0.93969262 0,
  -0.34202014 0.93969262 0,-0.34202014 0.93969262 0,
  -0.34202014 0.93969262 0,-0.34202014 0.93969262 0,
  0 1 0,0 1 0,
  0 1 0,0 1 0,
  0 1 0,0 1 0,
  0.34202014 0.93969262 0,0.34202014 0.93969262 0,
  0.34202014 0.93969262 0,0.34202014 0.93969262 0,
  0.34202014 0.93969262 0,0.34202014 0.93969262 0,
  0.64278761 0.76604444 0,0.64278761 0.76604444 0,
  0.64278761 0.76604444 0,0.64278761 0.76604444 0,
  0.64278761 0.76604444 0,0.64278761 0.76604444 0,
  0.8660254 0.5 0,0.8660254 0.5 0,
  0.8660254 0.5 0,0.8660254 0.5 0,
  0.8660254 0.5 0,0.8660254 0.5 0,
  0.98480775 0.17364818 0,0.98480775 0.17364818 0,
  0.98480775 0.17364818 0,0.98480775 0.17364818 0,
  0.98480775 0.17364818 0,0.98480775 0.17364818 0,
  0.98480775 -0.17364818 0,0.98480775 -0.17364818 0,
  0.98480775 -0.17364818 0,0.98480775 -0.17364818 0,
  0.98480775 -0.17364818 0,0.98480775 -0.17364818 0,
  0.8660254 -0.5 0,0.8660254 -0.5 0,
  0.8660254 -0.5 0,0.8660254 -0.5 0,
  0.8660254 -0.5 0,0.8660254 -0.5 0,
  0.64278761 -0.76604444 0,0.64278761 -0.76604444 0,
  0.64278761 -0.76604444 0,0.64278761 -0.76604444 0,
  0.64278761 -0.76604444 0,0.64278761 -0.76604444 0,
  0.34202014 -0.93969262 0,0.34202014 -0.93969262 0,
  0.34202014 -0.93969262 0,0.34202014 -0.93969262 0,
  0.34202014 -0.93969262 0,0.34202014 -0.93969262 0,
  0 -1 0,0 -1 0,
  0 -1 0,0 -1 0,
  0 -1 0,0 -1 0,
  0.98480775 -0.17364818 0,0.98480775 -0.17364818 0,
  0.98480775 -0.17364818 0,0.98480775 -0.17364818 0,
  0.98480775 -0.17364818 0,0.98480775 -0.17364818 0,
  0.8660254 -0.5 0,0.8660254 -0.5 0,
  0.8660254 -0.5 0,0.8660254 -0.5 0,
  0.8660254 -0.5 0,0.8660254 -0.5 0,
  0.64278761 -0.76604444 0,0.64278761 -0.76604444 0,
  0.64278761 -0.76604444 0,0.64278761 -0.76604444 0,
  0.64278761 -0.76604444 0,0.64278761 -0.76604444 0,
  0.34202014 -0.93969262 0,0.34202014 -0.93969262 0,
  0.34202014 -0.93969262 0,0.34202014 -0.93969262 0,
  0.34202014 -0.93969262 0,0.34202014 -0.93969262 0,
  0 -1 0,0 -1 0,
  0 -1 0,0 -1 0,
  0 -1 0,0 -1 0,
  -0.34202014 -0.93969262 0,-0.34202014 -0.93969262 0,
  -0.34202014 -0.93969262 0,-0.34202014 -0.93969262 0,
  -0.34202014 -0.93969262 0,-0.34202014 -0.93969262 0,
  -0.64278761 -0.76604444 0,-0.64278761 -0.76604444 0,
  -0.64278761 -0.76604444 0,-0.64278761 -0.76604444 0,
  -0.64278761 -0.76604444 0,-0.64278761 -0.76604444 0,
  -0.8660254 -0.5 0,-0.8660254 -0.5 0,
  -0.8660254 -0.5 0,-0.8660254 -0.5 0,
  -0.8660254 -0.5 0,-0.8660254 -0.5 0,
  -0.98480775 -0.17364818 0,-0.98480775 -0.17364818 0,
  -0.98480775 -0.17364818 0,-0.98480775 -0.17364818 0,
  -0.98480775 -0.17364818 0,-0.98480775 -0.17364818 0,
  -0.98480775 0.17364818 0,-0.98480775 0.17364818 0,
  -0.98480775 0.17364818 0,-0.98480775 0.17364818 0,
  -0.98480775 0.17364818 0,-0.98480775 0.17364818 0,
  -0.8660254 0.5 0,-0.8660254 0.5 0,
  -0.8660254 0.5 0,-0.8660254 0.5 0,
  -0.8660254 0.5 0,-0.8660254 0.5 0,
  -0.64278761 0.76604444 0,-0.64278761 0.76604444 0,
  -0.64278761 0.76604444 0,-0.64278761 0.76604444 0,
  -0.64278761 0.76604444 0,-0.64278761 0.76604444 0,
  -0.34202014 0.93969262 0,-0.34202014 0.93969262 0,
  -0.34202014 0.93969262 0,-0.34202014 0.93969262 0,
  -0.34202014 0.93969262 0,-0.34202014 0.93969262 0,
  0 1 0,0 1 0,
  0 1 0,0 1 0,
  0 1 0,0 1 0,
  0.34202014 0.93969262 0,0.34202014 0.93969262 0,
  0.34202014 0.93969262 0,0.34202014 0.93969262 0,
  0.34202014 0.93969262 0,0.34202014 0.93969262 0,
  0.64278761 0.76604444 0,0.64278761 0.76604444 0,
  0.64278761 0.76604444 0,0.64278761 0.76604444 0,
  0.64278761 0.76604444 0,0.64278761 0.76604444 0,
  0.8660254 0.5 0,0.8660254 0.5 0,
  0.8660254 0.5 0,0.8660254 0.5 0,
  0.8660254 0.5 0,0.8660254 0.5 0,
  0.98480775 0.17364818 0,0.98480775 0.17364818 0,
  0.98480775 0.17364818 0,0.98480775 0.17364818 0,
  0.98480775 0.17364818 0,0.98480775 0.17364818 0,
  -0.98480775 0.17364818 0,-0.98480775 0.17364818 0,
  -0.98480775 0.17364818 0,-0.98480775 0.17364818 0,
  -0.98480775 0.17364818 0,-0.98480775 0.17364818 0,
  -0.8660254 0.5 0,-0.8660254 0.5 0,
  -0.8660254 0.5 0,-0.8660254 0.5 0,
  -0.8660254 0.5 0,-0.8660254 0.5 0,
  -0.64278761 0.76604444 0,-0.64278761 0.76604444 0,
  -0.64278761 0.76604444 0,-0.64278761 0.76604444 0,
  -0.64278761 0.76604444 0,-0.64278761 0.76604444 0,
  -0.34202014 0.93969262 0,-0.34202014 0.93969262 0,
  -0.34202014 0.93969262 0,-0.34202014 0.93969262 0,
  -0.34202014 0.93969262 0,-0.34202014 0.93969262 0,
  0 1 0,0 1 0,
  0 1 0,0 1 0,
  0 1 0,0 1 0,
  0.34202014 0.93969262 0,0.34202014 0.93969262 0,
  0.34202014 0.93969262 0,0.34202014 0.93969262 0,
  0.34202014 0.93969262 0,0.34202014 0.93969262 0,
  0.64278761 0.76604444 0,0.64278761 0.76604444 0,
  0.64278761 0.76604444 0,0.64278761 0.76604444 0,
  0.64278761 0.76604444 0,0.64278761 0.76604444 0,
  0.8660254 0.5 0,0.8660254 0.5 0,
  0.8660254 0.5 0,0.8660254 0.5 0,
  0.8660254 0.5 0,0.8660254 0.5 0,
  0.98480775 0.17364818 0,0.98480775 0.17364818 0,
  0.98480775 0.17364818 0,0.98480775 0.17364818 0,
  0.98480775 0.17364818 0,0.98480775 0.17364818 0,
  0.98480775 -0.17364818 0,0.98480775 -0.17364818 0,
  0.98480775 -0.17364818 0,0.98480775 -0.17364818 0,
  0.98480775 -0.17364818 0,0.98480775 -0.17364818 0,
  0.8660254 -0.5 0,0.8660254 -0.5 0,
  0.8660254 -0.5 0,0.8660254 -0.5 0,
  0.8660254 -0.5 0,0.8660254 -0.5 0,
  0.64278761 -0.76604444 0,0.64278761 -0.76604444 0,
  0.64278761 -0.76604444 0,0.64278761 -0.76604444 0,
  0.64278761 -0.76604444 0,0.64278761 -0.76604444 0,
  0.34202014 -0.93969262 0,0.34202014 -0.93969262 0,
  0.34202014 -0.93969262 0,0.34202014 -0.93969262 0,
  0.34202014 -0.93969262 0,0.34202014 -0.93969262 0,
  0 -1 0,0 -1 0,
  0 -1 0,0 -1 0,
  0 -1 0,0 -1 0,
  -0.34202014 -0.93969262 0,-0.34202014 -0.93969262 0,
  -0.34202014 -0.93969262 0,-0.34202014 -0.93969262 0,
  -0.34202014 -0.93969262 0,-0.34202014 -0.93969262 0,
  -0.64278761 -0.76604444 0,-0.64278761 -0.76604444 0,
  -0.64278761 -0.76604444 0,-0.64278761 -0.76604444 0,
  -0.64278761 -0.76604444 0,-0.64278761 -0.76604444 0,
  -0.8660254 -0.5 0,-0.8660254 -0.5 0,
  -0.8660254 -0.5 0,-0.8660254 -0.5 0,
  -0.8660254 -0.5 0,-0.8660254 -0.5 0,
  -0.98480775 -0.17364818 0,-0.98480775 -0.17364818 0,
  -0.98480775 -0.17364818 0,-0.98480775 -0.17364818 0,
  -0.98480775 -0.17364818 0,-0.98480775 -0.17364818 0,
  0.98480775 -0.17364818 0,0.98480775 -0.17364818 0,
  0.98480775 -0.17364818 0,0.98480775 -0.17364818 0,
  0.98480775 -0.17364818 0,0.98480775 -0.17364818 0,
  0.8660254 -0.5 0,0.8660254 -0.5 0,
  0.8660254 -0.5 0,0.8660254 -0.5 0,
  0.8660254 -0.5 0,0.8660254 -0.5 0,
  0.64278761 -0.76604444 0,0.64278761 -0.76604444 0,
  0.64278761 -0.76604444 0,0.64278761 -0.76604444 0,
  0.64278761 -0.76604444 0,0.64278761 -0.76604444 0,
  0.34202014 -0.93969262 0,0.34202014 -0.93969262 0,
  0.34202014 -0.93969262 0,0.34202014 -0.93969262 0,
  0.34202014 -0.93969262 0,0.34202014 -0.93969262 0,
  0 -1 0,0 -1 0,
  0 -1 0,0 -1 0,
  0 -1 0,0 -1 0,
  -0.34202014 -0.93969262 0,-0.34202014 -0.93969262 0,
  -0.34202014 -0.93969262 0,-0.34202014 -0.93969262 0,
  -0.34202014 -0.93969262 0,-0.34202014 -0.93969262 0,
  -0.64278761 -0.76604444 0,-0.64278761 -0.76604444 0,
  -0.64278761 -0.76604444 0,-0.64278761 -0.76604444 0,
  -0.64278761 -0.76604444 0,-0.64278761 -0.76604444 0,
  -0.8660254 -0.5 0,-0.8660254 -0.5 0,
  -0.8660254 -0.5 0,-0.8660254 -0.5 0,
  -0.8660254 -0.5 0,-0.8660254 -0.5 0,
  -0.98480775 -0.17364818 0,-0.98480775 -0.17364818 0,
  -0.98480775 -0.17364818 0,-0.98480775 -0.17364818 0,
  -0.98480775 -0.17364818 0,-0.98480775 -0.17364818 0,
  -0.98480775 0.17364818 0,-0.98480775 0.17364818 0,
  -0.98480775 0.17364818 0,-0.98480775 0.17364818 0,
  -0.98480775 0.17364818 0,-0.98480775 0.17364818 0,
  -0.8660254 0.5 0,-0.8660254 0.5 0,
  -0.8660254 0.5 0,-0.8660254 0.5 0,
  -0.8660254 0.5 0,-0.8660254 0.5 0,
  -0.64278761 0.76604444 0,-0.64278761 0.76604444 0,
  -0.64278761 0.76604444 0,-0.64278761 0.76604444 0,
  -0.64278761 0.76604444 0,-0.64278761 0.76604444 0,
  -0.34202014 0.93969262 0,-0.34202014 0.93969262 0,
  -0.34202014 0.93969262 0,-0.34202014 0.93969262 0,
  -0.34202014 0.93969262 0,-0.34202014 0.93969262 0,
  0 1 0,0 1 0,
  0 1 0,0 1 0,
  0 1 0,0 1 0,
  0.34202014 0.93969262 0,0.34202014 0.93969262 0,
  0.34202014 0.93969262 0,0.34202014 0.93969262 0,
  0.34202014 0.93969262 0,0.34202014 0.93969262 0,
  0.64278761 0.76604444 0,0.64278761 0.76604444 0,
  0.64278761 0.76604444 0,0.64278761 0.76604444 0,
  0.64278761 0.76604444 0,0.64278761 0.76604444 0,
  0.8660254 0.5 0,0.8660254 0.5 0,
  0.8660254 0.5 0,0.8660254 0.5 0,
  0.8660254 0.5 0,0.8660254 0.5 0,
  0.98480775 0.17364818 0,0.98480775 0.17364818 0,
  0.98480775 0.17364818 0,0.98480775 0.17364818 0,
  0.98480775 0.17364818 0,0.98480775 0.17364818 0,
  0.011878282 -0.99992945 0,0.011878282 -0.99992945 0,
  0.011878282 -0.99992945 0,0.011878282 -0.99992945 0,
  0.011878282 -0.99992945 0,0.011878282 -0.99992945 0,
  0.11042729 -0.99388421 0,0.11042729 -0.99388421 0,
  0.11042729 -0.99388421 0,0.11042729 -0.99388421 0,
  0.11042729 -0.99388421 0,0.11042729 -0.99388421 0,
  0.22112724 -0.97524496 0,0.22112724 -0.97524496 0,
  0.22112724 -0.97524496 0,0.22112724 -0.97524496 0,
  0.22112724 -0.97524496 0,0.22112724 -0.97524496 0,
  0.32904416 -0.94431454 0,0.32904416 -0.94431454 0,
  0.32904416 -0.94431454 0,0.32904416 -0.94431454 0,
  0.32904416 -0.94431454 0,0.32904416 -0.94431454 0,
  0.43281064 -0.90148486 0,0.43281064 -0.90148486 0,
  0.43281064 -0.90148486 0,0.43281064 -0.90148486 0,
  0.43281064 -0.90148486 0,0.43281064 -0.90148486 0,
  0.53112362 -0.84729434 0,0.53112362 -0.84729434 0,
  0.53112362 -0.84729434 0,0.53112362 -0.84729434 0,
  0.53112362 -0.84729434 0,0.53112362 -0.84729434 0,
  0.62274473 -0.78242508 0,0.62274473 -0.78242508 0,
  0.62274473 -0.78242508 0,0.62274473 -0.78242508 0,
  0.62274473 -0.78242508 0,0.62274473 -0.78242508 0,
  0.70651761 -0.70769546 0,0.70651761 -0.70769546 0,
  0.70651761 -0.70769546 0,0.70651761 -0.70769546 0,
  0.70651761 -0.70769546 0,0.70651761 -0.70769546 0,
  0.78138666 -0.62404718 0,0.78138666 -0.62404718 0,
  0.78138666 -0.62404718 0,0.78138666 -0.62404718 0,
  0.78138666 -0.62404718 0,0.78138666 -0.62404718 0,
  0.84640655 -0.53253728 0,0.84640655 -0.53253728 0,
  0.84640655 -0.53253728 0,0.84640655 -0.53253728 0,
  0.84640655 -0.53253728 0,0.84640655 -0.53253728 0,
  0.90076282 -0.43431135 0,0.90076282 -0.43431135 0,
  0.90076282 -0.43431135 0,0.90076282 -0.43431135 0,
  0.90076282 -0.43431135 0,0.90076282 -0.43431135 0,
  0.94376488 -0.33061736 0,0.94376488 -0.33061736 0,
  0.94376488 -0.33061736 0,0.94376488 -0.33061736 0,
  0.94376488 -0.33061736 0,0.94376488 -0.33061736 0,
  0.974875 -0.22275262 0,0.974875 -0.22275262 0,
  0.974875 -0.22275262 0,0.974875 -0.22275262 0,
  0.974875 -0.22275262 0,0.974875 -0.22275262 0,
  0.99369889 -0.11208266 0,0.99369889 -0.11208266 0,
  0.99369889 -0.11208266 0,0.99369889 -0.11208266 0,
  0.99369889 -0.11208266 0,0.99369889 -0.11208266 0,
  0.99990858 -0.013521819 0,0.99990858 -0.013521819 0,
  0.99990858 -0.013521819 0,0.99990858 -0.013521819 0,
  0.99990858 -0.013521819 0,0.99990858 -0.013521819 0,
  1 0 0,1 0 0,
  1 0 0,1 0 0,
  1 0 0,1 0 0,
  0.99990175 0.014017536 0,0.99990175 0.014017536 0,
  0.99990175 0.014017536 0,0.99990175 0.014017536 0,
  0.99990175 0.014017536 0,0.99990175 0.014017536 0,
  0.99371224 0.11196419 0,0.99371224 0.11196419 0,
  0.99371224 0.11196419 0,0.99371224 0.11196419 0,
  0.99371224 0.11196419 0,0.99371224 0.11196419 0,
  0.97492792 0.22252091 0,0.97492792 0.22252091 0,
  0.97492792 0.22252091 0,0.97492792 0.22252091 0,
  0.97492792 0.22252091 0,0.97492792 0.22252091 0,
  0.94388327 0.33027925 0,0.94388327 0.33027925 0,
  0.94388327 0.33027925 0,0.94388327 0.33027925 0,
  0.94388327 0.33027925 0,0.94388327 0.33027925 0,
  0.90096916 0.43388313 0,0.90096916 0.43388313 0,
  0.90096916 0.43388313 0,0.90096916 0.43388313 0,
  0.90096916 0.43388313 0,0.90096916 0.43388313 0,
  0.84672406 0.5320323 0,0.84672406 0.5320323 0,
  0.84672406 0.5320323 0,0.84672406 0.5320323 0,
  0.84672406 0.5320323 0,0.84672406 0.5320323 0,
  0.78183194 0.62348923 0,0.78183194 0.62348923 0,
  0.78183194 0.62348923 0,0.78183194 0.62348923 0,
  0.78183194 0.62348923 0,0.78183194 0.62348923 0,
  0.70710678 0.70710678 0,0.70710678 0.70710678 0,
  0.70710678 0.70710678 0,0.70710678 0.70710678 0,
  0.70710678 0.70710678 0,0.70710678 0.70710678 0,
  0.62348923 0.78183194 0,0.62348923 0.78183194 0,
  0.62348923 0.78183194 0,0.62348923 0.78183194 0,
  0.62348923 0.78183194 0,0.62348923 0.78183194 0,
  0.5320323 0.84672406 0,0.5320323 0.84672406 0,
  0.5320323 0.84672406 0,0.5320323 0.84672406 0,
  0.5320323 0.84672406 0,0.5320323 0.84672406 0,
  0.43388313 0.90096916 0,0.43388313 0.90096916 0,
  0.43388313 0.90096916 0,0.43388313 0.90096916 0,
  0.43388313 0.90096916 0,0.43388313 0.90096916 0,
  0.33027925 0.94388327 0,0.33027925 0.94388327 0,
  0.33027925 0.94388327 0,0.33027925 0.94388327 0,
  0.33027925 0.94388327 0,0.33027925 0.94388327 0,
  0.22252091 0.97492792 0,0.22252091 0.97492792 0,
  0.22252091 0.97492792 0,0.22252091 0.97492792 0,
  0.22252091 0.97492792 0,0.22252091 0.97492792 0,
  0.11196419 0.99371224 0,0.11196419 0.99371224 0,
  0.11196419 0.99371224 0,0.11196419 0.99371224 0,
  0.11196419 0.99371224 0,0.11196419 0.99371224 0,
  0.014017536 0.99990175 0,0.014017536 0.99990175 0,
  0.014017536 0.99990175 0,0.014017536 0.99990175 0,
  0.014017536 0.99990175 0,0.014017536 0.99990175 0,
  8.2610491e-08 1 0,8.2610491e-08 1 0,
  8.2610491e-08 1 0,8.2610491e-08 1 0,
  8.2610491e-08 1 0,8.2610491e-08 1 0,
  -0.74861168 0.66300871 0,-0.74861168 0.66300871 0,
  -0.74861168 0.66300871 0,-0.74861168 0.66300871 0,
  -0.74861168 0.66300871 0,-0.74861168 0.66300871 0,
  -0.66670829 0.74531876 0,-0.66670829 0.74531876 0,
  -0.66670829 0.74531876 0,-0.66670829 0.74531876 0,
  -0.66670829 0.74531876 0,-0.66670829 0.74531876 0,
  -0.56249495 0.82680072 0,-0.56249495 0.82680072 0,
  -0.56249495 0.82680072 0,-0.56249495 0.82680072 0,
  -0.56249495 0.82680072 0,-0.56249495 0.82680072 0,
  -0.44843316 0.89381637 0,-0.44843316 0.89381637 0,
  -0.44843316 0.89381637 0,-0.44843316 0.89381637 0,
  -0.44843316 0.89381637 0,-0.44843316 0.89381637 0,
  -0.32652935 0.94518706 0,-0.32652935 0.94518706 0,
  -0.32652935 0.94518706 0,-0.32652935 0.94518706 0,
  -0.32652935 0.94518706 0,-0.32652935 0.94518706 0,
  -0.19890433 0.98001891 0,-0.19890433 0.98001891 0,
  -0.19890433 0.98001891 0,-0.19890433 0.98001891 0,
  -0.19890433 0.98001891 0,-0.19890433 0.98001891 0,
  -0.067806153 0.99769851 0,-0.067806153 0.99769851 0,
  -0.067806153 0.99769851 0,-0.067806153 0.99769851 0,
  -0.067806153 0.99769851 0,-0.067806153 0.99769851 0,
  0.064484359 0.99791872 0,0.064484359 0.99791872 0,
  0.064484359 0.99791872 0,0.064484359 0.99791872 0,
  0.064484359 0.99791872 0,0.064484359 0.99791872 0,
  0.19564488 0.98067481 0,0.19564488 0.98067481 0,
  0.19564488 0.98067481 0,0.19564488 0.98067481 0,
  0.19564488 0.98067481 0,0.19564488 0.98067481 0,
  0.32338235 0.94626839 0,0.32338235 0.94626839 0,
  0.32338235 0.94626839 0,0.32338235 0.94626839 0,
  0.32338235 0.94626839 0,0.32338235 0.94626839 0,
  0.44545944 0.89530212 0,0.44545944 0.89530212 0,
  0.44545944 0.89530212 0,0.44545944 0.89530212 0,
  0.44545944 0.89530212 0,0.44545944 0.89530212 0,
  0.55973929 0.82866877 0,0.55973929 0.82866877 0,
  0.55973929 0.82866877 0,0.55973929 0.82866877 0,
  0.55973929 0.82866877 0,0.55973929 0.82866877 0,
  0.66422658 0.74753131 0,0.66422658 0.74753131 0,
  0.66422658 0.74753131 0,0.66422658 0.74753131 0,
  0.66422658 0.74753131 0,0.66422658 0.74753131 0,
  0.74639859 0.66549917 0,0.74639859 0.66549917 0,
  0.74639859 0.66549917 0,0.74639859 0.66549917 0,
  0.74639859 0.66549917 0,0.74639859 0.66549917 0,
  0.00048041317 0.99999988 0,0.00048041317 0.99999988 0,
  0.00048041317 0.99999988 0,0.00048041317 0.99999988 0,
  0.00048041317 0.99999988 0,0.00048041317 0.99999988 0,
  -0.014017536 0.99990175 0,-0.014017536 0.99990175 0,
  -0.014017536 0.99990175 0,-0.014017536 0.99990175 0,
  -0.014017536 0.99990175 0,-0.014017536 0.99990175 0,
  -0.11196419 0.99371224 0,-0.11196419 0.99371224 0,
  -0.11196419 0.99371224 0,-0.11196419 0.99371224 0,
  -0.11196419 0.99371224 0,-0.11196419 0.99371224 0,
  -0.22252091 0.97492792 0,-0.22252091 0.97492792 0,
  -0.22252091 0.97492792 0,-0.22252091 0.97492792 0,
  -0.22252091 0.97492792 0,-0.22252091 0.97492792 0,
  -0.33027925 0.94388327 0,-0.33027925 0.94388327 0,
  -0.33027925 0.94388327 0,-0.33027925 0.94388327 0,
  -0.33027925 0.94388327 0,-0.33027925 0.94388327 0,
  -0.43388313 0.90096916 0,-0.43388313 0.90096916 0,
  -0.43388313 0.90096916 0,-0.43388313 0.90096916 0,
  -0.43388313 0.90096916 0,-0.43388313 0.90096916 0,
  -0.5320323 0.84672406 0,-0.5320323 0.84672406 0,
  -0.5320323 0.84672406 0,-0.5320323 0.84672406 0,
  -0.5320323 0.84672406 0,-0.5320323 0.84672406 0,
  -0.62348923 0.78183194 0,-0.62348923 0.78183194 0,
  -0.62348923 0.78183194 0,-0.62348923 0.78183194 0,
  -0.62348923 0.78183194 0,-0.62348923 0.78183194 0,
  -0.70710678 0.70710678 0,-0.70710678 0.70710678 0,
  -0.70710678 0.70710678 0,-0.70710678 0.70710678 0,
  -0.70710678 0.70710678 0,-0.70710678 0.70710678 0,
  -0.78183194 0.62348923 0,-0.78183194 0.62348923 0,
  -0.78183194 0.62348923 0,-0.78183194 0.62348923 0,
  -0.78183194 0.62348923 0,-0.78183194 0.62348923 0,
  -0.84672406 0.5320323 0,-0.84672406 0.5320323 0,
  -0.84672406 0.5320323 0,-0.84672406 0.5320323 0,
  -0.84672406 0.5320323 0,-0.84672406 0.5320323 0,
  -0.90096916 0.43388313 0,-0.90096916 0.43388313 0,
  -0.90096916 0.43388313 0,-0.90096916 0.43388313 0,
  -0.90096916 0.43388313 0,-0.90096916 0.43388313 0,
  -0.94388327 0.33027925 0,-0.94388327 0.33027925 0,
  -0.94388327 0.33027925 0,-0.94388327 0.33027925 0,
  -0.94388327 0.33027925 0,-0.94388327 0.33027925 0,
  -0.97492792 0.22252091 0,-0.97492792 0.22252091 0,
  -0.97492792 0.22252091 0,-0.97492792 0.22252091 0,
  -0.97492792 0.22252091 0,-0.97492792 0.22252091 0,
  -0.99371224 0.11196419 0,-0.99371224 0.11196419 0,
  -0.99371224 0.11196419 0,-0.99371224 0.11196419 0,
  -0.99371224 0.11196419 0,-0.99371224 0.11196419 0,
  -0.99990175 0.014017536 0,-0.99990175 0.014017536 0,
  -0.99990175 0.014017536 0,-0.99990175 0.014017536 0,
  -0.99990175 0.014017536 0,-0.99990175 0.014017536 0,
  -1 0 0,-1 0 0,
  -1 0 0,-1 0 0,
  -1 0 0,-1 0 0,
  -0.99990175 -0.014017536 0,-0.99990175 -0.014017536 0,
  -0.99990175 -0.014017536 0,-0.99990175 -0.014017536 0,
  -0.99990175 -0.014017536 0,-0.99990175 -0.014017536 0,
  -0.99371224 -0.11196419 0,-0.99371224 -0.11196419 0,
  -0.99371224 -0.11196419 0,-0.99371224 -0.11196419 0,
  -0.99371224 -0.11196419 0,-0.99371224 -0.11196419 0,
  -0.97492792 -0.22252091 0,-0.97492792 -0.22252091 0,
  -0.97492792 -0.22252091 0,-0.97492792 -0.22252091 0,
  -0.97492792 -0.22252091 0,-0.97492792 -0.22252091 0,
  -0.94388327 -0.33027925 0,-0.94388327 -0.33027925 0,
  -0.94388327 -0.33027925 0,-0.94388327 -0.33027925 0,
  -0.94388327 -0.33027925 0,-0.94388327 -0.33027925 0,
  -0.90096916 -0.43388313 0,-0.90096916 -0.43388313 0,
  -0.90096916 -0.43388313 0,-0.90096916 -0.43388313 0,
  -0.90096916 -0.43388313 0,-0.90096916 -0.43388313 0,
  -0.84672406 -0.5320323 0,-0.84672406 -0.5320323 0,
  -0.84672406 -0.5320323 0,-0.84672406 -0.5320323 0,
  -0.84672406 -0.5320323 0,-0.84672406 -0.5320323 0,
  -0.78183194 -0.62348923 0,-0.78183194 -0.62348923 0,
  -0.78183194 -0.62348923 0,-0.78183194 -0.62348923 0,
  -0.78183194 -0.62348923 0,-0.78183194 -0.62348923 0,
  -0.70710678 -0.70710678 0,-0.70710678 -0.70710678 0,
  -0.70710678 -0.70710678 0,-0.70710678 -0.70710678 0,
  -0.70710678 -0.70710678 0,-0.70710678 -0.70710678 0,
  -0.62348923 -0.78183194 0,-0.62348923 -0.78183194 0,
  -0.62348923 -0.78183194 0,-0.62348923 -0.78183194 0,
  -0.62348923 -0.78183194 0,-0.62348923 -0.78183194 0,
  -0.5320323 -0.84672406 0,-0.5320323 -0.84672406 0,
  -0.5320323 -0.84672406 0,-0.5320323 -0.84672406 0,
  -0.5320323 -0.84672406 0,-0.5320323 -0.84672406 0,
  -0.43388313 -0.90096916 0,-0.43388313 -0.90096916 0,
  -0.43388313 -0.90096916 0,-0.43388313 -0.90096916 0,
  -0.43388313 -0.90096916 0,-0.43388313 -0.90096916 0,
  -0.33027925 -0.94388327 0,-0.33027925 -0.94388327 0,
  -0.33027925 -0.94388327 0,-0.33027925 -0.94388327 0,
  -0.33027925 -0.94388327 0,-0.33027925 -0.94388327 0,
  -0.22252091 -0.97492792 0,-0.22252091 -0.97492792 0,
  -0.22252091 -0.97492792 0,-0.22252091 -0.97492792 0,
  -0.22252091 -0.97492792 0,-0.22252091 -0.97492792 0,
  -0.11196419 -0.99371224 0,-0.11196419 -0.99371224 0,
  -0.11196419 -0.99371224 0,-0.11196419 -0.99371224 0,
  -0.11196419 -0.99371224 0,-0.11196419 -0.99371224 0,
  -0.014017536 -0.99990175 0,-0.014017536 -0.99990175 0,
  -0.014017536 -0.99990175 0,-0.014017536 -0.99990175 0,
  -0.014017536 -0.99990175 0,-0.014017536 -0.99990175 0,
  0 -1 0,0 -1 0,
  0 -1 0,0 -1 0,
  0 -1 0,0 -1 0,
  0.74861168 -0.66300871 0,0.74861168 -0.66300871 0,
  0.74861168 -0.66300871 0,0.74861168 -0.66300871 0,
  0.74861168 -0.66300871 0,0.74861168 -0.66300871 0,
  0.66670829 -0.74531876 0,0.66670829 -0.74531876 0,
  0.66670829 -0.74531876 0,0.66670829 -0.74531876 0,
  0.66670829 -0.74531876 0,0.66670829 -0.74531876 0,
  0.56249271 -0.82680224 0,0.56249271 -0.82680224 0,
  0.56249271 -0.82680224 0,0.56249271 -0.82680224 0,
  0.56249271 -0.82680224 0,0.56249271 -0.82680224 0,
  0.44843577 -0.89381506 0,0.44843577 -0.89381506 0,
  0.44843577 -0.89381506 0,0.44843577 -0.89381506 0,
  0.44843577 -0.89381506 0,0.44843577 -0.89381506 0,
  0.32652643 -0.94518807 0,0.32652643 -0.94518807 0,
  0.32652643 -0.94518807 0,0.32652643 -0.94518807 0,
  0.32652643 -0.94518807 0,0.32652643 -0.94518807 0,
  0.19890748 -0.98001827 0,0.19890748 -0.98001827 0,
  0.19890748 -0.98001827 0,0.19890748 -0.98001827 0,
  0.19890748 -0.98001827 0,0.19890748 -0.98001827 0,
  0.067802892 -0.99769874 0,0.067802892 -0.99769874 0,
  0.067802892 -0.99769874 0,0.067802892 -0.99769874 0,
  0.067802892 -0.99769874 0,0.067802892 -0.99769874 0,
  -0.064484359 -0.99791872 0,-0.064484359 -0.99791872 0,
  -0.064484359 -0.99791872 0,-0.064484359 -0.99791872 0,
  -0.064484359 -0.99791872 0,-0.064484359 -0.99791872 0,
  -0.19564488 -0.98067481 0,-0.19564488 -0.98067481 0,
  -0.19564488 -0.98067481 0,-0.19564488 -0.98067481 0,
  -0.19564488 -0.98067481 0,-0.19564488 -0.98067481 0,
  -0.32338135 -0.94626873 0,-0.32338135 -0.94626873 0,
  -0.32338135 -0.94626873 0,-0.32338135 -0.94626873 0,
  -0.32338135 -0.94626873 0,-0.32338135 -0.94626873 0,
  -0.44545812 -0.89530278 0,-0.44545812 -0.89530278 0,
  -0.44545812 -0.89530278 0,-0.44545812 -0.89530278 0,
  -0.44545812 -0.89530278 0,-0.44545812 -0.89530278 0,
  -0.55974002 -0.82866827 0,-0.55974002 -0.82866827 0,
  -0.55974002 -0.82866827 0,-0.55974002 -0.82866827 0,
  -0.55974002 -0.82866827 0,-0.55974002 -0.82866827 0,
  -0.66422475 -0.74753293 0,-0.66422475 -0.74753293 0,
  -0.66422475 -0.74753293 0,-0.66422475 -0.74753293 0,
  -0.66422475 -0.74753293 0,-0.66422475 -0.74753293 0,
  -0.74640475 -0.66549226 0,-0.74640475 -0.66549226 0,
  -0.74640475 -0.66549226 0,-0.74640475 -0.66549226 0,
  -0.74640475 -0.66549226 0,-0.74640475 -0.66549226 0,
  -0.00048041317 -0.99999988 0,-0.00048041317 -0.99999988 0,
  -0.00048041317 -0.99999988 0,-0.00048041317 -0.99999988 0,
  -0.00048041317 -0.99999988 0,-0.00048041317 -0.99999988 0,
  -0.98480775 0.17364818 0,-0.98480775 0.17364818 0,
  -0.98480775 0.17364818 0,-0.98480775 0.17364818 0,
  -0.98480775 0.17364818 0,-0.98480775 0.17364818 0,
  -0.8660254 0.5 0,-0.8660254 0.5 0,
  -0.8660254 0.5 0,-0.8660254 0.5 0,
  -0.8660254 0.5 0,-0.8660254 0.5 0,
  -0.64278761 0.76604444 0,-0.64278761 0.76604444 0,
  -0.64278761 0.76604444 0,-0.64278761 0.76604444 0,
  -0.64278761 0.76604444 0,-0.64278761 0.76604444 0,
  -0.34202014 0.93969262 0,-0.34202014 0.93969262 0,
  -0.34202014 0.93969262 0,-0.34202014 0.93969262 0,
  -0.34202014 0.93969262 0,-0.34202014 0.93969262 0,
  0 1 0,0 1 0,
  0 1 0,0 1 0,
  0 1 0,0 1 0,
  0.34202014 0.93969262 0,0.34202014 0.93969262 0,
  0.34202014 0.93969262 0,0.34202014 0.93969262 0,
  0.34202014 0.93969262 0,0.34202014 0.93969262 0,
  0.64278761 0.76604444 0,0.64278761 0.76604444 0,
  0.64278761 0.76604444 0,0.64278761 0.76604444 0,
  0.64278761 0.76604444 0,0.64278761 0.76604444 0,
  0.8660254 0.5 0,0.8660254 0.5 0,
  0.8660254 0.5 0,0.8660254 0.5 0,
  0.8660254 0.5 0,0.8660254 0.5 0,
  0.98480775 0.17364818 0,0.98480775 0.17364818 0,
  0.98480775 0.17364818 0,0.98480775 0.17364818 0,
  0.98480775 0.17364818 0,0.98480775 0.17364818 0,
  0.98480775 -0.17364818 0,0.98480775 -0.17364818 0,
  0.98480775 -0.17364818 0,0.98480775 -0.17364818 0,
  0.98480775 -0.17364818 0,0.98480775 -0.17364818 0,
  0.8660254 -0.5 0,0.8660254 -0.5 0,
  0.8660254 -0.5 0,0.8660254 -0.5 0,
  0.8660254 -0.5 0,0.8660254 -0.5 0,
  0.64278761 -0.76604444 0,0.64278761 -0.76604444 0,
  0.64278761 -0.76604444 0,0.64278761 -0.76604444 0,
  0.64278761 -0.76604444 0,0.64278761 -0.76604444 0,
  0.34202014 -0.93969262 0,0.34202014 -0.93969262 0,
  0.34202014 -0.93969262 0,0.34202014 -0.93969262 0,
  0.34202014 -0.93969262 0,0.34202014 -0.93969262 0,
  0 -1 0,0 -1 0,
  0 -1 0,0 -1 0,
  0 -1 0,0 -1 0,
  -0.34202014 -0.93969262 0,-0.34202014 -0.93969262 0,
  -0.34202014 -0.93969262 0,-0.34202014 -0.93969262 0,
  -0.34202014 -0.93969262 0,-0.34202014 -0.93969262 0,
  -0.64278761 -0.76604444 0,-0.64278761 -0.76604444 0,
  -0.64278761 -0.76604444 0,-0.64278761 -0.76604444 0,
  -0.64278761 -0.76604444 0,-0.64278761 -0.76604444 0,
  -0.8660254 -0.5 0,-0.8660254 -0.5 0,
  -0.8660254 -0.5 0,-0.8660254 -0.5 0,
  -0.8660254 -0.5 0,-0.8660254 -0.5 0,
  -0.98480775 -0.17364818 0,-0.98480775 -0.17364818 0,
  -0.98480775 -0.17364818 0,-0.98480775 -0.17364818 0,
  -0.98480775 -0.17364818 0,-0.98480775 -0.17364818 0,
  0.34202014 0.93969262 0,0.34202014 0.93969262 0,
  0.34202014 0.93969262 0,0.34202014 0.93969262 0,
  0.34202014 0.93969262 0,0.34202014 0.93969262 0,
  0.64278761 0.76604444 0,0.64278761 0.76604444 0,
  0.64278761 0.76604444 0,0.64278761 0.76604444 0,
  0.64278761 0.76604444 0,0.64278761 0.76604444 0,
  0.8660254 0.5 0,0.8660254 0.5 0,
  0.8660254 0.5 0,0.8660254 0.5 0,
  0.8660254 0.5 0,0.8660254 0.5 0,
  0.98480775 0.17364818 0,0.98480775 0.17364818 0,
  0.98480775 0.17364818 0,0.98480775 0.17364818 0,
  0.98480775 0.17364818 0,0.98480775 0.17364818 0,
  0.98480775 -0.17364818 0,0.98480775 -0.17364818 0,
  0.98480775 -0.17364818 0,0.98480775 -0.17364818 0,
  0.98480775 -0.17364818 0,0.98480775 -0.17364818 0,
  0.8660254 -0.5 0,0.8660254 -0.5 0,
  0.8660254 -0.5 0,0.8660254 -0.5 0,
  0.8660254 -0.5 0,0.8660254 -0.5 0,
  0.64278761 -0.76604444 0,0.64278761 -0.76604444 0,
  0.64278761 -0.76604444 0,0.64278761 -0.76604444 0,
  0.64278761 -0.76604444 0,0.64278761 -0.76604444 0,
  0.34202014 -0.93969262 0,0.34202014 -0.93969262 0,
  0.34202014 -0.93969262 0,0.34202014 -0.93969262 0,
  0.34202014 -0.93969262 0,0.34202014 -0.93969262 0,
  0 -1 0,0 -1 0,
  0 -1 0,0 -1 0,
  0 -1 0,0 -1 0,
  -0.34202014 -0.93969262 0,-0.34202014 -0.93969262 0,
  -0.34202014 -0.93969262 0,-0.34202014 -0.93969262 0,
  -0.34202014 -0.93969262 0,-0.34202014 -0.93969262 0,
  -0.64278761 -0.76604444 0,-0.64278761 -0.76604444 0,
  -0.64278761 -0.76604444 0,-0.64278761 -0.76604444 0,
  -0.64278761 -0.76604444 0,-0.64278761 -0.76604444 0,
  -0.8660254 -0.5 0,-0.8660254 -0.5 0,
  -0.8660254 -0.5 0,-0.8660254 -0.5 0,
  -0.8660254 -0.5 0,-0.8660254 -0.5 0,
  -0.98480775 -0.17364818 0,-0.98480775 -0.17364818 0,
  -0.98480775 -0.17364818 0,-0.98480775 -0.17364818 0,
  -0.98480775 -0.17364818 0,-0.98480775 -0.17364818 0,
  -0.98480775 0.17364818 0,-0.98480775 0.17364818 0,
  -0.98480775 0.17364818 0,-0.98480775 0.17364818 0,
  -0.98480775 0.17364818 0,-0.98480775 0.17364818 0,
  -0.8660254 0.5 0,-0.8660254 0.5 0,
  -0.8660254 0.5 0,-0.8660254 0.5 0,
  -0.8660254 0.5 0,-0.8660254 0.5 0,
  -0.64278761 0.76604444 0,-0.64278761 0.76604444 0,
  -0.64278761 0.76604444 0,-0.64278761 0.76604444 0,
  -0.64278761 0.76604444 0,-0.64278761 0.76604444 0,
  -0.34202014 0.93969262 0,-0.34202014 0.93969262 0,
  -0.34202014 0.93969262 0,-0.34202014 0.93969262 0,
  -0.34202014 0.93969262 0,-0.34202014 0.93969262 0,
  0 1 0,0 1 0,
  0 1 0,0 1 0,
  0 1 0,0 1 0,
  0.98480775 -0.17364818 0,0.98480775 -0.17364818 0,
  0.98480775 -0.17364818 0,0.98480775 -0.17364818 0,
  0.98480775 -0.17364818 0,0.98480775 -0.17364818 0,
  0.8660254 -0.5 0,0.8660254 -0.5 0,
  0.8660254 -0.5 0,0.8660254 -0.5 0,
  0.8660254 -0.5 0,0.8660254 -0.5 0,
  0.64278761 -0.76604444 0,0.64278761 -0.76604444 0,
  0.64278761 -0.76604444 0,0.64278761 -0.76604444 0,
  0.64278761 -0.76604444 0,0.64278761 -0.76604444 0,
  0.34202014 -0.93969262 0,0.34202014 -0.93969262 0,
  0.34202014 -0.93969262 0,0.34202014 -0.93969262 0,
  0.34202014 -0.93969262 0,0.34202014 -0.93969262 0,
  0 -1 0,0 -1 0,
  0 -1 0,0 -1 0,
  0 -1 0,0 -1 0,
  -0.34202014 -0.93969262 0,-0.34202014 -0.93969262 0,
  -0.34202014 -0.93969262 0,-0.34202014 -0.93969262 0,
  -0.34202014 -0.93969262 0,-0.34202014 -0.93969262 0,
  -0.64278761 -0.76604444 0,-0.64278761 -0.76604444 0,
  -0.64278761 -0.76604444 0,-0.64278761 -0.76604444 0,
  -0.64278761 -0.76604444 0,-0.64278761 -0.76604444 0,
  -0.8660254 -0.5 0,-0.8660254 -0.5 0,
  -0.8660254 -0.5 0,-0.8660254 -0.5 0,
  -0.8660254 -0.5 0,-0.8660254 -0.5 0,
  -0.98480775 -0.17364818 0,-0.98480775 -0.17364818 0,
  -0.98480775 -0.17364818 0,-0.98480775 -0.17364818 0,
  -0.98480775 -0.17364818 0,-0.98480775 -0.17364818 0,
  -0.98480775 0.17364818 0,-0.98480775 0.17364818 0,
  -0.98480775 0.17364818 0,-0.98480775 0.17364818 0,
  -0.98480775 0.17364818 0,-0.98480775 0.17364818 0,
  -0.8660254 0.5 0,-0.8660254 0.5 0,
  -0.8660254 0.5 0,-0.8660254 0.5 0,
  -0.8660254 0.5 0,-0.8660254 0.5 0,
  -0.64278761 0.76604444 0,-0.64278761 0.76604444 0,
  -0.64278761 0.76604444 0,-0.64278761 0.76604444 0,
  -0.64278761 0.76604444 0,-0.64278761 0.76604444 0,
  -0.34202014 0.93969262 0,-0.34202014 0.93969262 0,
  -0.34202014 0.93969262 0,-0.34202014 0.93969262 0,
  -0.34202014 0.93969262 0,-0.34202014 0.93969262 0,
  0 1 0,0 1 0,
  0 1 0,0 1 0,
  0 1 0,0 1 0,
  0.34202014 0.93969262 0,0.34202014 0.93969262 0,
  0.34202014 0.93969262 0,0.34202014 0.93969262 0,
  0.34202014 0.93969262 0,0.34202014 0.93969262 0,
  0.64278761 0.76604444 0,0.64278761 0.76604444 0,
  0.64278761 0.76604444 0,0.64278761 0.76604444 0,
  0.64278761 0.76604444 0,0.64278761 0.76604444 0,
  0.8660254 0.5 0,0.8660254 0.5 0,
  0.8660254 0.5 0,0.8660254 0.5 0,
  0.8660254 0.5 0,0.8660254 0.5 0,
  0.98480775 0.17364818 0,0.98480775 0.17364818 0,
  0.98480775 0.17364818 0,0.98480775 0.17364818 0,
  0.98480775 0.17364818 0,0.98480775 0.17364818 0,
  0.98480775 -0.17364818 0,0.98480775 -0.17364818 0,
  0.98480775 -0.17364818 0,0.98480775 -0.17364818 0,
  0.98480775 -0.17364818 0,0.98480775 -0.17364818 0,
  0.8660254 -0.5 0,0.8660254 -0.5 0,
  0.8660254 -0.5 0,0.8660254 -0.5 0,
  0.8660254 -0.5 0,0.8660254 -0.5 0,
  0.64278761 -0.76604444 0,0.64278761 -0.76604444 0,
  0.64278761 -0.76604444 0,0.64278761 -0.76604444 0,
  0.64278761 -0.76604444 0,0.64278761 -0.76604444 0,
  0.34202014 -0.93969262 0,0.34202014 -0.93969262 0,
  0.34202014 -0.93969262 0,0.34202014 -0.93969262 0,
  0.34202014 -0.93969262 0,0.34202014 -0.93969262 0,
  0 -1 0,0 -1 0,
  0 -1 0,0 -1 0,
  0 -1 0,0 -1 0,
  -0.34202014 -0.93969262 0,-0.34202014 -0.93969262 0,
  -0.34202014 -0.93969262 0,-0.34202014 -0.93969262 0,
  -0.34202014 -0.93969262 0,-0.34202014 -0.93969262 0,
  -0.64278761 -0.76604444 0,-0.64278761 -0.76604444 0,
  -0.64278761 -0.76604444 0,-0.64278761 -0.76604444 0,
  -0.64278761 -0.76604444 0,-0.64278761 -0.76604444 0,
  -0.8660254 -0.5 0,-0.8660254 -0.5 0,
  -0.8660254 -0.5 0,-0.8660254 -0.5 0,
  -0.8660254 -0.5 0,-0.8660254 -0.5 0,
  -0.98480775 -0.17364818 0,-0.98480775 -0.17364818 0,
  -0.98480775 -0.17364818 0,-0.98480775 -0.17364818 0,
  -0.98480775 -0.17364818 0,-0.98480775 -0.17364818 0,
  -0.98480775 0.17364818 0,-0.98480775 0.17364818 0,
  -0.98480775 0.17364818 0,-0.98480775 0.17364818 0,
  -0.98480775 0.17364818 0,-0.98480775 0.17364818 0,
  -0.8660254 0.5 0,-0.8660254 0.5 0,
  -0.8660254 0.5 0,-0.8660254 0.5 0,
  -0.8660254 0.5 0,-0.8660254 0.5 0,
  -0.64278761 0.76604444 0,-0.64278761 0.76604444 0,
  -0.64278761 0.76604444 0,-0.64278761 0.76604444 0,
  -0.64278761 0.76604444 0,-0.64278761 0.76604444 0,
  -0.34202014 0.93969262 0,-0.34202014 0.93969262 0,
  -0.34202014 0.93969262 0,-0.34202014 0.93969262 0,
  -0.34202014 0.93969262 0,-0.34202014 0.93969262 0,
  0 1 0,0 1 0,
  0 1 0,0 1 0,
  0 1 0,0 1 0,
  0.34202014 0.93969262 0,0.34202014 0.93969262 0,
  0.34202014 0.93969262 0,0.34202014 0.93969262 0,
  0.34202014 0.93969262 0,0.34202014 0.93969262 0,
  0.64278761 0.76604444 0,0.64278761 0.76604444 0,
  0.64278761 0.76604444 0,0.64278761 0.76604444 0,
  0.64278761 0.76604444 0,0.64278761 0.76604444 0,
  0.8660254 0.5 0,0.8660254 0.5 0,
  0.8660254 0.5 0,0.8660254 0.5 0,
  0.8660254 0.5 0,0.8660254 0.5 0,
  0.98480775 0.17364818 0,0.98480775 0.17364818 0,
  0.98480775 0.17364818 0,0.98480775 0.17364818 0,
  0.98480775 0.17364818 0,0.98480775 0.17364818 0] }
}
}
] }
DEF TXFM_3 Transform {
  center 0 0 0
  rotation 0 0 1 0
  scale 1 1 1
  scaleOrientation 0 0 1 0
  translation 0 0 0
 children [
DEF SHAPE_3 Shape {
 appearance DEF APP_2 Appearance {
  material Material {
   ambientIntensity 1
   diffuseColor 0.75 0.61000001 0.23
   emissiveColor 0 0 0
   shininess 0.89999998
   specularColor 0.89999998 0.84399998 0.69199997
   transparency 0
} }
 geometry DEF FACE_3 IndexedFaceSet {
  coord DEF COORD_3 Coordinate { point [
  22.485101 -40.164235 0.31496063,20.485101 -42.164235 0.31496063,
  20.471519 -42.179722 0.31496063,20.450964 -42.215325 0.31496063,
  20.450964 -42.215326 0.31496063,20.440324 -42.255035 0.31496063,
  20.438976 -42.275591 0.31496063,20.438976 -45.11811 0.31496063,
  20.419291 -45.11811 0.31496063,20.386354 -45.121199 0.31496063,
  20.336507 -45.138641 0.31496063,20.294017 -45.170001 0.31496063,
  20.262657 -45.212492 0.31496063,20.245215 -45.262339 0.31496063,
  20.242126 -45.295276 0.31496063,20.242126 -45.807087 0.31496063,
  20.245215 -45.840024 0.31496063,20.262657 -45.88987 0.31496063,
  20.294017 -45.932361 0.31496063,20.336507 -45.963721 0.31496063,
  20.386354 -45.981163 0.31496063,20.419291 -45.984252 0.31496063,
  20.773622 -45.984252 0.31496063,20.806559 -45.981163 0.31496063,
  20.856406 -45.963721 0.31496063,20.898897 -45.932361 0.31496063,
  20.930257 -45.88987 0.31496063,20.947699 -45.840024 0.31496063,
  20.950787 -45.807087 0.31496063,20.950787 -45.295276 0.31496063,
  20.947699 -45.262339 0.31496063,20.930257 -45.212492 0.31496063,
  20.898897 -45.170001 0.31496063,20.856406 -45.138641 0.31496063,
  20.806559 -45.121199 0.31496063,20.773622 -45.11811 0.31496063,
  20.753937 -45.11811 0.31496063,20.753937 -42.340821 0.31496063,
  22.707812 -40.386946 0.31496063,24.707812 -38.386946 0.31496063,
  24.721394 -38.371459 0.31496063,24.74195 -38.335856 0.31496063,
  24.75259 -38.296146 0.31496063,24.753937 -38.275591 0.31496063,
  24.753937 -35.354331 0.31496063,24.773622 -35.354331 0.31496063,
  24.806559 -35.351242 0.31496063,24.856406 -35.3338 0.31496063,
  24.898897 -35.30244 0.31496063,24.930257 -35.259949 0.31496063,
  24.947699 -35.210102 0.31496063,24.950787 -35.177165 0.31496063,
  24.950787 -34.665354 0.31496063,24.947699 -34.632417 0.31496063,
  24.930257 -34.58257 0.31496063,24.898897 -34.54008 0.31496063,
  24.856406 -34.50872 0.31496063,24.806559 -34.491278 0.31496063,
  24.773622 -34.488189 0.31496063,24.419291 -34.488189 0.31496063,
  24.386354 -34.491278 0.31496063,24.336507 -34.50872 0.31496063,
  24.294017 -34.54008 0.31496063,24.262657 -34.58257 0.31496063,
  24.245215 -34.632417 0.31496063,24.242126 -34.665354 0.31496063,
  24.242126 -35.177165 0.31496063,24.245215 -35.210102 0.31496063,
  24.262657 -35.259949 0.31496063,24.294017 -35.30244 0.31496063,
  24.336507 -35.3338 0.31496063,24.386354 -35.351242 0.31496063,
  24.419291 -35.354331 0.31496063,24.438976 -35.354331 0.31496063,
  24.438976 -38.21036 0.31496063,22.557087 -40.255906 0.31496063,
  22.560648 -40.235707 0.31496063,22.570903 -40.217946 0.31496063,
  22.586614 -40.204762 0.31496063,22.605887 -40.197748 0.31496063,
  22.626397 -40.197748 0.31496063,22.645669 -40.204762 0.31496063,
  22.661381 -40.217946 0.31496063,22.671635 -40.235707 0.31496063,
  22.675197 -40.255906 0.31496063,22.671635 -40.276104 0.31496063,
  22.661381 -40.293865 0.31496063,22.645669 -40.307049 0.31496063,
  22.626397 -40.314063 0.31496063,22.605887 -40.314063 0.31496063,
  22.586614 -40.307049 0.31496063,22.570903 -40.293865 0.31496063,
  22.560648 -40.276104 0.31496063,29.138644 -40.203605 0.31496063,
  29.138641 -40.203608 0.31496063,29.122896 -40.219353 0.31496063,
  27.122896 -42.219353 0.31496063,27.109315 -42.234841 0.31496063,
  27.088759 -42.270443 0.31496063,27.078119 -42.310154 0.31496063,
  27.076772 -42.330709 0.31496063,27.076772 -45.11811 0.31496063,
  27.072835 -45.11811 0.31496063,27.039898 -45.121199 0.31496063,
  26.990051 -45.138641 0.31496063,26.94756 -45.170001 0.31496063,
  26.9162 -45.212492 0.31496063,26.898758 -45.262339 0.31496063,
  26.895669 -45.295276 0.31496063,26.895669 -45.807087 0.31496063,
  26.898758 -45.840024 0.31496063,26.9162 -45.88987 0.31496063,
  26.94756 -45.932361 0.31496063,26.990051 -45.963721 0.31496063,
  27.039898 -45.981163 0.31496063,27.072835 -45.984252 0.31496063,
  27.427165 -45.984252 0.31496063,27.460102 -45.981163 0.31496063,
  27.509949 -45.963721 0.31496063,27.55244 -45.932361 0.31496063,
  27.5838 -45.88987 0.31496063,27.601242 -45.840024 0.31496063,
  27.604331 -45.807087 0.31496063,27.604331 -45.295276 0.31496063,
  27.601242 -45.262339 0.31496063,27.5838 -45.212492 0.31496063,
  27.55244 -45.170001 0.31496063,27.509949 -45.138641 0.31496063,
  27.460102 -45.121199 0.31496063,27.427165 -45.11811 0.31496063,
  27.391732 -45.11811 0.31496063,27.391732 -42.395939 0.31496063,
  29.345607 -40.442064 0.31496063,29.361352 -40.426319 0.31496063,
  29.361356 -40.426316 0.31496063,31.345607 -38.442064 0.31496063,
  31.359189 -38.426577 0.31496063,31.379744 -38.390974 0.31496063,
  31.379745 -38.390974 0.31496063,31.390385 -38.351264 0.31496063,
  31.391732 -38.330709 0.31496063,31.391732 -35.354331 0.31496063,
  31.427165 -35.354331 0.31496063,31.460102 -35.351242 0.31496063,
  31.509949 -35.3338 0.31496063,31.55244 -35.30244 0.31496063,
  31.5838 -35.259949 0.31496063,31.601242 -35.210102 0.31496063,
  31.604331 -35.177165 0.31496063,31.604331 -34.665354 0.31496063,
  31.601242 -34.632417 0.31496063,31.5838 -34.58257 0.31496063,
  31.55244 -34.54008 0.31496063,31.509949 -34.50872 0.31496063,
  31.460102 -34.491278 0.31496063,31.427165 -34.488189 0.31496063,
  31.072835 -34.488189 0.31496063,31.039898 -34.491278 0.31496063,
  30.990051 -34.50872 0.31496063,30.94756 -34.54008 0.31496063,
  30.9162 -34.58257 0.31496063,30.898758 -34.632417 0.31496063,
  30.895669 -34.665354 0.31496063,30.895669 -35.177165 0.31496063,
  30.898758 -35.210102 0.31496063,30.9162 -35.259949 0.31496063,
  30.94756 -35.30244 0.31496063,30.990051 -35.3338 0.31496063,
  31.039898 -35.351242 0.31496063,31.072835 -35.354331 0.31496063,
  31.076772 -35.354331 0.31496063,31.076772 -38.265478 0.31496063,
  29.190945 -40.314961 0.31496063,29.194506 -40.294763 0.31496063,
  29.204761 -40.277001 0.31496063,29.220472 -40.263817 0.31496063,
  29.239745 -40.256803 0.31496063,29.260255 -40.256803 0.31496063,
  29.279528 -40.263817 0.31496063,29.295239 -40.277001 0.31496063,
  29.305494 -40.294763 0.31496063,29.309055 -40.314961 0.31496063,
  29.305494 -40.335159 0.31496063,29.295239 -40.352921 0.31496063,
  29.279528 -40.366104 0.31496063,29.260255 -40.373119 0.31496063,
  29.239745 -40.373119 0.31496063,29.220472 -40.366104 0.31496063,
  29.204761 -40.352921 0.31496063,29.194506 -40.335159 0.31496063,
  20.419291 -34.488189 0.31496063,20.386354 -34.491278 0.31496063,
  20.336507 -34.50872 0.31496063,20.294017 -34.54008 0.31496063,
  20.262657 -34.58257 0.31496063,20.245215 -34.632417 0.31496063,
  20.242126 -34.665354 0.31496063,20.242126 -35.177165 0.31496063,
  20.245215 -35.210102 0.31496063,20.262657 -35.259949 0.31496063,
  20.294017 -35.30244 0.31496063,20.336507 -35.3338 0.31496063,
  20.386354 -35.351242 0.31496063,20.419291 -35.354331 0.31496063,
  20.773622 -35.354331 0.31496063,20.806559 -35.351242 0.31496063,
  20.856406 -35.3338 0.31496063,20.898897 -35.30244 0.31496063,
  20.930257 -35.259949 0.31496063,20.947699 -35.210102 0.31496063,
  20.950787 -35.177165 0.31496063,20.950787 -34.665354 0.31496063,
  20.947699 -34.632417 0.31496063,20.930257 -34.58257 0.31496063,
  20.898897 -34.54008 0.31496063,20.856406 -34.50872 0.31496063,
  20.806559 -34.491278 0.31496063,20.773622 -34.488189 0.31496063,
  20.537402 -34.92126 0.31496063,20.540963 -34.901062 0.31496063,
  20.551218 -34.8833 0.31496063,20.566929 -34.870117 0.31496063,
  20.586202 -34.863102 0.31496063,20.606712 -34.863102 0.31496063,
  20.625984 -34.870117 0.31496063,20.641696 -34.8833 0.31496063,
  20.65195 -34.901062 0.31496063,20.655512 -34.92126 0.31496063,
  20.65195 -34.941458 0.31496063,20.641696 -34.95922 0.31496063,
  20.625984 -34.972403 0.31496063,20.606712 -34.979418 0.31496063,
  20.586202 -34.979418 0.31496063,20.566929 -34.972403 0.31496063,
  20.551218 -34.95922 0.31496063,20.540963 -34.941458 0.31496063,
  21.419291 -45.11811 0.31496063,21.386354 -45.121199 0.31496063,
  21.336507 -45.138641 0.31496063,21.294017 -45.170001 0.31496063,
  21.262657 -45.212492 0.31496063,21.245215 -45.262339 0.31496063,
  21.242126 -45.295276 0.31496063,21.242126 -45.807087 0.31496063,
  21.245215 -45.840024 0.31496063,21.262657 -45.88987 0.31496063,
  21.294017 -45.932361 0.31496063,21.336507 -45.963721 0.31496063,
  21.386354 -45.981163 0.31496063,21.419291 -45.984252 0.31496063,
  21.773622 -45.984252 0.31496063,21.806559 -45.981163 0.31496063,
  21.856406 -45.963721 0.31496063,21.898897 -45.932361 0.31496063,
  21.930257 -45.88987 0.31496063,21.947699 -45.840024 0.31496063,
  21.950787 -45.807087 0.31496063,21.950787 -45.295276 0.31496063,
  21.947699 -45.262339 0.31496063,21.930257 -45.212492 0.31496063,
  21.898897 -45.170001 0.31496063,21.856406 -45.138641 0.31496063,
  21.806559 -45.121199 0.31496063,21.773622 -45.11811 0.31496063,
  21.537402 -45.551181 0.31496063,21.540963 -45.530983 0.31496063,
  21.551218 -45.513221 0.31496063,21.566929 -45.500038 0.31496063,
  21.586202 -45.493023 0.31496063,21.606712 -45.493023 0.31496063,
  21.625984 -45.500038 0.31496063,21.641696 -45.513221 0.31496063,
  21.65195 -45.530983 0.31496063,21.655512 -45.551181 0.31496063,
  21.65195 -45.571379 0.31496063,21.641696 -45.589141 0.31496063,
  21.625984 -45.602324 0.31496063,21.606712 -45.609339 0.31496063,
  21.586202 -45.609339 0.31496063,21.566929 -45.602324 0.31496063,
  21.551218 -45.589141 0.31496063,21.540963 -45.571379 0.31496063,
  23.419291 -34.488189 0.31496063,23.386354 -34.491278 0.31496063,
  23.336507 -34.50872 0.31496063,23.294017 -34.54008 0.31496063,
  23.262657 -34.58257 0.31496063,23.245215 -34.632417 0.31496063,
  23.242126 -34.665354 0.31496063,23.242126 -35.177165 0.31496063,
  23.245215 -35.210102 0.31496063,23.262657 -35.259949 0.31496063,
  23.294017 -35.30244 0.31496063,23.336507 -35.3338 0.31496063,
  23.386354 -35.351242 0.31496063,23.419291 -35.354331 0.31496063,
  23.773622 -35.354331 0.31496063,23.806559 -35.351242 0.31496063,
  23.856406 -35.3338 0.31496063,23.898897 -35.30244 0.31496063,
  23.930257 -35.259949 0.31496063,23.947699 -35.210102 0.31496063,
  23.950787 -35.177165 0.31496063,23.950787 -34.665354 0.31496063,
  23.947699 -34.632417 0.31496063,23.930257 -34.58257 0.31496063,
  23.898897 -34.54008 0.31496063,23.856406 -34.50872 0.31496063,
  23.806559 -34.491278 0.31496063,23.773622 -34.488189 0.31496063,
  23.537402 -34.92126 0.31496063,23.540963 -34.901062 0.31496063,
  23.551218 -34.8833 0.31496063,23.566929 -34.870117 0.31496063,
  23.586202 -34.863102 0.31496063,23.606712 -34.863102 0.31496063,
  23.625984 -34.870117 0.31496063,23.641696 -34.8833 0.31496063,
  23.65195 -34.901062 0.31496063,23.655512 -34.92126 0.31496063,
  23.65195 -34.941458 0.31496063,23.641696 -34.95922 0.31496063,
  23.625984 -34.972403 0.31496063,23.606712 -34.979418 0.31496063,
  23.586202 -34.979418 0.31496063,23.566929 -34.972403 0.31496063,
  23.551218 -34.95922 0.31496063,23.540963 -34.941458 0.31496063,
  24.419291 -45.11811 0.31496063,24.386354 -45.121199 0.31496063,
  24.336507 -45.138641 0.31496063,24.294017 -45.170001 0.31496063,
  24.262657 -45.212492 0.31496063,24.245215 -45.262339 0.31496063,
  24.242126 -45.295276 0.31496063,24.242126 -45.807087 0.31496063,
  24.245215 -45.840024 0.31496063,24.262657 -45.88987 0.31496063,
  24.294017 -45.932361 0.31496063,24.336507 -45.963721 0.31496063,
  24.386354 -45.981163 0.31496063,24.419291 -45.984252 0.31496063,
  24.773622 -45.984252 0.31496063,24.806559 -45.981163 0.31496063,
  24.856406 -45.963721 0.31496063,24.898897 -45.932361 0.31496063,
  24.930257 -45.88987 0.31496063,24.947699 -45.840024 0.31496063,
  24.950787 -45.807087 0.31496063,24.950787 -45.295276 0.31496063,
  24.947699 -45.262339 0.31496063,24.930257 -45.212492 0.31496063,
  24.898897 -45.170001 0.31496063,24.856406 -45.138641 0.31496063,
  24.806559 -45.121199 0.31496063,24.773622 -45.11811 0.31496063,
  24.537402 -45.551181 0.31496063,24.540963 -45.530983 0.31496063,
  24.551218 -45.513221 0.31496063,24.566929 -45.500038 0.31496063,
  24.586202 -45.493023 0.31496063,24.606712 -45.493023 0.31496063,
  24.625984 -45.500038 0.31496063,24.641696 -45.513221 0.31496063,
  24.65195 -45.530983 0.31496063,24.655512 -45.551181 0.31496063,
  24.65195 -45.571379 0.31496063,24.641696 -45.589141 0.31496063,
  24.625984 -45.602324 0.31496063,24.606712 -45.609339 0.31496063,
  24.586202 -45.609339 0.31496063,24.566929 -45.602324 0.31496063,
  24.551218 -45.589141 0.31496063,24.540963 -45.571379 0.31496063,
  21.4732 -43.830885 0.31496063,21.437596 -43.851441 0.31496063,
  21.408527 -43.88051 0.31496063,21.387972 -43.916113 0.31496063,
  21.377331 -43.955823 0.31496063,21.377331 -43.996933 0.31496063,
  21.387972 -44.036643 0.31496063,21.408527 -44.072246 0.31496063,
  21.437596 -44.101315 0.31496063,21.4732 -44.121871 0.31496063,
  21.512909 -44.132511 0.31496063,21.533465 -44.133858 0.31496063,
  21.980045 -44.133858 0.31496063,22.438976 -44.59279 0.31496063,
  22.438976 -45.11811 0.31496063,22.419291 -45.11811 0.31496063,
  22.386354 -45.121199 0.31496063,22.336507 -45.138641 0.31496063,
  22.294017 -45.170001 0.31496063,22.262657 -45.212492 0.31496063,
  22.245215 -45.262339 0.31496063,22.242126 -45.295276 0.31496063,
  22.242126 -45.807087 0.31496063,22.245215 -45.840024 0.31496063,
  22.262657 -45.88987 0.31496063,22.294017 -45.932361 0.31496063,
  22.336507 -45.963721 0.31496063,22.386354 -45.981163 0.31496063,
  22.419291 -45.984252 0.31496063,22.773622 -45.984252 0.31496063,
  22.806559 -45.981163 0.31496063,22.856406 -45.963721 0.31496063,
  22.898897 -45.932361 0.31496063,22.930257 -45.88987 0.31496063,
  22.947699 -45.840024 0.31496063,22.950787 -45.807087 0.31496063,
  22.950787 -45.295276 0.31496063,22.947699 -45.262339 0.31496063,
  22.930257 -45.212492 0.31496063,22.898897 -45.170001 0.31496063,
  22.856406 -45.138641 0.31496063,22.806559 -45.121199 0.31496063,
  22.773622 -45.11811 0.31496063,22.753937 -45.11811 0.31496063,
  22.753937 -44.527559 0.31496063,22.75259 -44.507004 0.31496063,
  22.74195 -44.467294 0.31496063,22.74195 -44.467294 0.31496063,
  22.721394 -44.431691 0.31496063,22.707812 -44.416204 0.31496063,
  22.156631 -43.865022 0.31496063,22.141144 -43.851441 0.31496063,
  22.105541 -43.830885 0.31496063,22.065831 -43.820245 0.31496063,
  22.045276 -43.818898 0.31496063,21.533465 -43.818898 0.31496063,
  21.512909 -43.820245 0.31496063,21.474409 -43.976378 0.31496063,
  21.477971 -43.95618 0.31496063,21.488226 -43.938418 0.31496063,
  21.503937 -43.925235 0.31496063,21.52321 -43.91822 0.31496063,
  21.543719 -43.91822 0.31496063,21.562992 -43.925235 0.31496063,
  21.578703 -43.938418 0.31496063,21.588958 -43.95618 0.31496063,
  21.59252 -43.976378 0.31496063,21.588958 -43.996576 0.31496063,
  21.578703 -44.014338 0.31496063,21.562992 -44.027521 0.31496063,
  21.543719 -44.034536 0.31496063,21.52321 -44.034536 0.31496063,
  21.503937 -44.027521 0.31496063,21.488226 -44.014338 0.31496063,
  21.477971 -43.996576 0.31496063,21.419291 -34.488189 0.31496063,
  21.386354 -34.491278 0.31496063,21.336507 -34.50872 0.31496063,
  21.294017 -34.54008 0.31496063,21.262657 -34.58257 0.31496063,
  21.245215 -34.632417 0.31496063,21.242126 -34.665354 0.31496063,
  21.242126 -35.177165 0.31496063,21.245215 -35.210102 0.31496063,
  21.262657 -35.259949 0.31496063,21.294017 -35.30244 0.31496063,
  21.336507 -35.3338 0.31496063,21.386354 -35.351242 0.31496063,
  21.419291 -35.354331 0.31496063,21.773622 -35.354331 0.31496063,
  21.806559 -35.351242 0.31496063,21.856406 -35.3338 0.31496063,
  21.898897 -35.30244 0.31496063,21.930257 -35.259949 0.31496063,
  21.947699 -35.210102 0.31496063,21.950787 -35.177165 0.31496063,
  21.950787 -34.665354 0.31496063,21.947699 -34.632417 0.31496063,
  21.930257 -34.58257 0.31496063,21.898897 -34.54008 0.31496063,
  21.856406 -34.50872 0.31496063,21.806559 -34.491278 0.31496063,
  21.773622 -34.488189 0.31496063,21.537402 -34.92126 0.31496063,
  21.540963 -34.901062 0.31496063,21.551218 -34.8833 0.31496063,
  21.566929 -34.870117 0.31496063,21.586202 -34.863102 0.31496063,
  21.606712 -34.863102 0.31496063,21.625984 -34.870117 0.31496063,
  21.641696 -34.8833 0.31496063,21.65195 -34.901062 0.31496063,
  21.655512 -34.92126 0.31496063,21.65195 -34.941458 0.31496063,
  21.641696 -34.95922 0.31496063,21.625984 -34.972403 0.31496063,
  21.606712 -34.979418 0.31496063,21.586202 -34.979418 0.31496063,
  21.566929 -34.972403 0.31496063,21.551218 -34.95922 0.31496063,
  21.540963 -34.941458 0.31496063,23.055388 -36.102362 0.31496063,
  22.753937 -35.800911 0.31496063,22.753937 -35.354331 0.31496063,
  22.773622 -35.354331 0.31496063,22.806559 -35.351242 0.31496063,
  22.856406 -35.3338 0.31496063,22.898897 -35.30244 0.31496063,
  22.930257 -35.259949 0.31496063,22.947699 -35.210102 0.31496063,
  22.950787 -35.177165 0.31496063,22.950787 -34.665354 0.31496063,
  22.947699 -34.632417 0.31496063,22.930257 -34.58257 0.31496063,
  22.898897 -34.54008 0.31496063,22.856406 -34.50872 0.31496063,
  22.806559 -34.491278 0.31496063,22.773622 -34.488189 0.31496063,
  22.419291 -34.488189 0.31496063,22.386354 -34.491278 0.31496063,
  22.336507 -34.50872 0.31496063,22.294017 -34.54008 0.31496063,
  22.262657 -34.58257 0.31496063,22.245215 -34.632417 0.31496063,
  22.242126 -34.665354 0.31496063,22.242126 -35.177165 0.31496063,
  22.245215 -35.210102 0.31496063,22.262657 -35.259949 0.31496063,
  22.294017 -35.30244 0.31496063,22.336507 -35.3338 0.31496063,
  22.386354 -35.351242 0.31496063,22.419291 -35.354331 0.31496063,
  22.438976 -35.354331 0.31496063,22.438976 -35.866142 0.31496063,
  22.440324 -35.886697 0.31496063,22.450964 -35.926407 0.31496063,
  22.471519 -35.96201 0.31496063,22.485101 -35.977497 0.31496063,
  22.878802 -36.371198 0.31496063,22.894289 -36.38478 0.31496063,
  22.929893 -36.405335 0.31496063,22.969602 -36.415976 0.31496063,
  22.990157 -36.417323 0.31496063,23.541339 -36.417323 0.31496063,
  23.561894 -36.415976 0.31496063,23.601604 -36.405335 0.31496063,
  23.637207 -36.38478 0.31496063,23.666276 -36.355711 0.31496063,
  23.686831 -36.320107 0.31496063,23.697472 -36.280398 0.31496063,
  23.697472 -36.239287 0.31496063,23.686831 -36.199578 0.31496063,
  23.666276 -36.163974 0.31496063,23.637207 -36.134905 0.31496063,
  23.601604 -36.11435 0.31496063,23.561894 -36.103709 0.31496063,
  23.541339 -36.102362 0.31496063,23.482283 -36.259843 0.31496063,
  23.485845 -36.239644 0.31496063,23.4961 -36.221883 0.31496063,
  23.511811 -36.208699 0.31496063,23.531084 -36.201685 0.31496063,
  23.551593 -36.201685 0.31496063,23.570866 -36.208699 0.31496063,
  23.586577 -36.221883 0.31496063,23.596832 -36.239644 0.31496063,
  23.600394 -36.259843 0.31496063,23.596832 -36.280041 0.31496063,
  23.586577 -36.297802 0.31496063,23.570866 -36.310986 0.31496063,
  23.551593 -36.318 0.31496063,23.531084 -36.318 0.31496063,
  23.511811 -36.310986 0.31496063,23.4961 -36.297802 0.31496063,
  23.485845 -36.280041 0.31496063,23.419291 -45.11811 0.31496063,
  23.386354 -45.121199 0.31496063,23.336507 -45.138641 0.31496063,
  23.294017 -45.170001 0.31496063,23.262657 -45.212492 0.31496063,
  23.245215 -45.262339 0.31496063,23.242126 -45.295276 0.31496063,
  23.242126 -45.807087 0.31496063,23.245215 -45.840024 0.31496063,
  23.262657 -45.88987 0.31496063,23.294017 -45.932361 0.31496063,
  23.336507 -45.963721 0.31496063,23.386354 -45.981163 0.31496063,
  23.419291 -45.984252 0.31496063,23.773622 -45.984252 0.31496063,
  23.806559 -45.981163 0.31496063,23.856406 -45.963721 0.31496063,
  23.898897 -45.932361 0.31496063,23.930257 -45.88987 0.31496063,
  23.947699 -45.840024 0.31496063,23.950787 -45.807087 0.31496063,
  23.950787 -45.295276 0.31496063,23.947699 -45.262339 0.31496063,
  23.930257 -45.212492 0.31496063,23.898897 -45.170001 0.31496063,
  23.856406 -45.138641 0.31496063,23.806559 -45.121199 0.31496063,
  23.773622 -45.11811 0.31496063,23.537402 -45.551181 0.31496063,
  23.540963 -45.530983 0.31496063,23.551218 -45.513221 0.31496063,
  23.566929 -45.500038 0.31496063,23.586202 -45.493023 0.31496063,
  23.606712 -45.493023 0.31496063,23.625984 -45.500038 0.31496063,
  23.641696 -45.513221 0.31496063,23.65195 -45.530983 0.31496063,
  23.655512 -45.551181 0.31496063,23.65195 -45.571379 0.31496063,
  23.641696 -45.589141 0.31496063,23.625984 -45.602324 0.31496063,
  23.606712 -45.609339 0.31496063,23.586202 -45.609339 0.31496063,
  23.566929 -45.602324 0.31496063,23.551218 -45.589141 0.31496063,
  23.540963 -45.571379 0.31496063,27.072835 -34.488189 0.31496063,
  27.039898 -34.491278 0.31496063,26.990051 -34.50872 0.31496063,
  26.94756 -34.54008 0.31496063,26.9162 -34.58257 0.31496063,
  26.898758 -34.632417 0.31496063,26.895669 -34.665354 0.31496063,
  26.895669 -35.177165 0.31496063,26.898758 -35.210102 0.31496063,
  26.9162 -35.259949 0.31496063,26.94756 -35.30244 0.31496063,
  26.990051 -35.3338 0.31496063,27.039898 -35.351242 0.31496063,
  27.072835 -35.354331 0.31496063,27.427165 -35.354331 0.31496063,
  27.460102 -35.351242 0.31496063,27.509949 -35.3338 0.31496063,
  27.55244 -35.30244 0.31496063,27.5838 -35.259949 0.31496063,
  27.601242 -35.210102 0.31496063,27.604331 -35.177165 0.31496063,
  27.604331 -34.665354 0.31496063,27.601242 -34.632417 0.31496063,
  27.5838 -34.58257 0.31496063,27.55244 -34.54008 0.31496063,
  27.509949 -34.50872 0.31496063,27.460102 -34.491278 0.31496063,
  27.427165 -34.488189 0.31496063,27.190945 -34.92126 0.31496063,
  27.194506 -34.901062 0.31496063,27.204761 -34.8833 0.31496063,
  27.220472 -34.870117 0.31496063,27.239745 -34.863102 0.31496063,
  27.260255 -34.863102 0.31496063,27.279528 -34.870117 0.31496063,
  27.295239 -34.8833 0.31496063,27.305494 -34.901062 0.31496063,
  27.309055 -34.92126 0.31496063,27.305494 -34.941458 0.31496063,
  27.295239 -34.95922 0.31496063,27.279528 -34.972403 0.31496063,
  27.260255 -34.979418 0.31496063,27.239745 -34.979418 0.31496063,
  27.220472 -34.972403 0.31496063,27.204761 -34.95922 0.31496063,
  27.194506 -34.941458 0.31496063,30.072835 -34.488189 0.31496063,
  30.039898 -34.491278 0.31496063,29.990051 -34.50872 0.31496063,
  29.94756 -34.54008 0.31496063,29.9162 -34.58257 0.31496063,
  29.898758 -34.632417 0.31496063,29.895669 -34.665354 0.31496063,
  29.895669 -35.177165 0.31496063,29.898758 -35.210102 0.31496063,
  29.9162 -35.259949 0.31496063,29.94756 -35.30244 0.31496063,
  29.990051 -35.3338 0.31496063,30.039898 -35.351242 0.31496063,
  30.072835 -35.354331 0.31496063,30.427165 -35.354331 0.31496063,
  30.460102 -35.351242 0.31496063,30.509949 -35.3338 0.31496063,
  30.55244 -35.30244 0.31496063,30.5838 -35.259949 0.31496063,
  30.601242 -35.210102 0.31496063,30.604331 -35.177165 0.31496063,
  30.604331 -34.665354 0.31496063,30.601242 -34.632417 0.31496063,
  30.5838 -34.58257 0.31496063,30.55244 -34.54008 0.31496063,
  30.509949 -34.50872 0.31496063,30.460102 -34.491278 0.31496063,
  30.427165 -34.488189 0.31496063,30.190945 -34.92126 0.31496063,
  30.194506 -34.901062 0.31496063,30.204761 -34.8833 0.31496063,
  30.220472 -34.870117 0.31496063,30.239745 -34.863102 0.31496063,
  30.260255 -34.863102 0.31496063,30.279528 -34.870117 0.31496063,
  30.295239 -34.8833 0.31496063,30.305494 -34.901062 0.31496063,
  30.309055 -34.92126 0.31496063,30.305494 -34.941458 0.31496063,
  30.295239 -34.95922 0.31496063,30.279528 -34.972403 0.31496063,
  30.260255 -34.979418 0.31496063,30.239745 -34.979418 0.31496063,
  30.220472 -34.972403 0.31496063,30.204761 -34.95922 0.31496063,
  30.194506 -34.941458 0.31496063,28.072835 -45.11811 0.31496063,
  28.039898 -45.121199 0.31496063,27.990051 -45.138641 0.31496063,
  27.94756 -45.170001 0.31496063,27.9162 -45.212492 0.31496063,
  27.898758 -45.262339 0.31496063,27.895669 -45.295276 0.31496063,
  27.895669 -45.807087 0.31496063,27.898758 -45.840024 0.31496063,
  27.9162 -45.88987 0.31496063,27.94756 -45.932361 0.31496063,
  27.990051 -45.963721 0.31496063,28.039898 -45.981163 0.31496063,
  28.072835 -45.984252 0.31496063,28.427165 -45.984252 0.31496063,
  28.460102 -45.981163 0.31496063,28.509949 -45.963721 0.31496063,
  28.55244 -45.932361 0.31496063,28.5838 -45.88987 0.31496063,
  28.601242 -45.840024 0.31496063,28.604331 -45.807087 0.31496063,
  28.604331 -45.295276 0.31496063,28.601242 -45.262339 0.31496063,
  28.5838 -45.212492 0.31496063,28.55244 -45.170001 0.31496063,
  28.509949 -45.138641 0.31496063,28.460102 -45.121199 0.31496063,
  28.427165 -45.11811 0.31496063,28.190945 -45.551181 0.31496063,
  28.194506 -45.530983 0.31496063,28.204761 -45.513221 0.31496063,
  28.220472 -45.500038 0.31496063,28.239745 -45.493023 0.31496063,
  28.260255 -45.493023 0.31496063,28.279528 -45.500038 0.31496063,
  28.295239 -45.513221 0.31496063,28.305494 -45.530983 0.31496063,
  28.309055 -45.551181 0.31496063,28.305494 -45.571379 0.31496063,
  28.295239 -45.589141 0.31496063,28.279528 -45.602324 0.31496063,
  28.260255 -45.609339 0.31496063,28.239745 -45.609339 0.31496063,
  28.220472 -45.602324 0.31496063,28.204761 -45.589141 0.31496063,
  28.194506 -45.571379 0.31496063,29.708931 -36.181102 0.31496063,
  29.40748 -35.879651 0.31496063,29.40748 -35.354331 0.31496063,
  29.427165 -35.354331 0.31496063,29.460102 -35.351242 0.31496063,
  29.509949 -35.3338 0.31496063,29.55244 -35.30244 0.31496063,
  29.5838 -35.259949 0.31496063,29.601242 -35.210102 0.31496063,
  29.604331 -35.177165 0.31496063,29.604331 -34.665354 0.31496063,
  29.601242 -34.632417 0.31496063,29.5838 -34.58257 0.31496063,
  29.55244 -34.54008 0.31496063,29.509949 -34.50872 0.31496063,
  29.460102 -34.491278 0.31496063,29.427165 -34.488189 0.31496063,
  29.072835 -34.488189 0.31496063,29.039898 -34.491278 0.31496063,
  28.990051 -34.50872 0.31496063,28.94756 -34.54008 0.31496063,
  28.9162 -34.58257 0.31496063,28.898758 -34.632417 0.31496063,
  28.895669 -34.665354 0.31496063,28.895669 -35.177165 0.31496063,
  28.898758 -35.210102 0.31496063,28.9162 -35.259949 0.31496063,
  28.94756 -35.30244 0.31496063,28.990051 -35.3338 0.31496063,
  29.039898 -35.351242 0.31496063,29.072835 -35.354331 0.31496063,
  29.09252 -35.354331 0.31496063,29.09252 -35.944882 0.31496063,
  29.093867 -35.965437 0.31496063,29.104507 -36.005147 0.31496063,
  29.125063 -36.04075 0.31496063,29.138644 -36.056237 0.31496063,
  29.532346 -36.449938 0.31496063,29.547833 -36.46352 0.31496063,
  29.583436 -36.484076 0.31496063,29.623146 -36.494716 0.31496063,
  29.643701 -36.496063 0.31496063,30.194882 -36.496063 0.31496063,
  30.215437 -36.494716 0.31496063,30.255147 -36.484076 0.31496063,
  30.29075 -36.46352 0.31496063,30.319819 -36.434451 0.31496063,
  30.340375 -36.398848 0.31496063,30.351015 -36.359138 0.31496063,
  30.351015 -36.318028 0.31496063,30.340375 -36.278318 0.31496063,
  30.319819 -36.242715 0.31496063,30.29075 -36.213645 0.31496063,
  30.255147 -36.19309 0.31496063,30.215437 -36.18245 0.31496063,
  30.194882 -36.181102 0.31496063,30.135827 -36.338583 0.31496063,
  30.139388 -36.318385 0.31496063,30.149643 -36.300623 0.31496063,
  30.165354 -36.287439 0.31496063,30.184627 -36.280425 0.31496063,
  30.205137 -36.280425 0.31496063,30.224409 -36.287439 0.31496063,
  30.240121 -36.300623 0.31496063,30.250376 -36.318385 0.31496063,
  30.253937 -36.338583 0.31496063,30.250376 -36.358781 0.31496063,
  30.240121 -36.376543 0.31496063,30.224409 -36.389726 0.31496063,
  30.205137 -36.396741 0.31496063,30.184627 -36.396741 0.31496063,
  30.165354 -36.389726 0.31496063,30.149643 -36.376543 0.31496063,
  30.139388 -36.358781 0.31496063,31.072835 -45.11811 0.31496063,
  31.039898 -45.121199 0.31496063,30.990051 -45.138641 0.31496063,
  30.94756 -45.170001 0.31496063,30.9162 -45.212492 0.31496063,
  30.898758 -45.262339 0.31496063,30.895669 -45.295276 0.31496063,
  30.895669 -45.807087 0.31496063,30.898758 -45.840024 0.31496063,
  30.9162 -45.88987 0.31496063,30.94756 -45.932361 0.31496063,
  30.990051 -45.963721 0.31496063,31.039898 -45.981163 0.31496063,
  31.072835 -45.984252 0.31496063,31.427165 -45.984252 0.31496063,
  31.460102 -45.981163 0.31496063,31.509949 -45.963721 0.31496063,
  31.55244 -45.932361 0.31496063,31.5838 -45.88987 0.31496063,
  31.601242 -45.840024 0.31496063,31.604331 -45.807087 0.31496063,
  31.604331 -45.295276 0.31496063,31.601242 -45.262339 0.31496063,
  31.5838 -45.212492 0.31496063,31.55244 -45.170001 0.31496063,
  31.509949 -45.138641 0.31496063,31.460102 -45.121199 0.31496063,
  31.427165 -45.11811 0.31496063,31.190945 -45.551181 0.31496063,
  31.194506 -45.530983 0.31496063,31.204761 -45.513221 0.31496063,
  31.220472 -45.500038 0.31496063,31.239745 -45.493023 0.31496063,
  31.260255 -45.493023 0.31496063,31.279528 -45.500038 0.31496063,
  31.295239 -45.513221 0.31496063,31.305494 -45.530983 0.31496063,
  31.309055 -45.551181 0.31496063,31.305494 -45.571379 0.31496063,
  31.295239 -45.589141 0.31496063,31.279528 -45.602324 0.31496063,
  31.260255 -45.609339 0.31496063,31.239745 -45.609339 0.31496063,
  31.220472 -45.602324 0.31496063,31.204761 -45.589141 0.31496063,
  31.194506 -45.571379 0.31496063,30.072835 -45.11811 0.31496063,
  30.039898 -45.121199 0.31496063,29.990051 -45.138641 0.31496063,
  29.94756 -45.170001 0.31496063,29.9162 -45.212492 0.31496063,
  29.898758 -45.262339 0.31496063,29.895669 -45.295276 0.31496063,
  29.895669 -45.807087 0.31496063,29.898758 -45.840024 0.31496063,
  29.9162 -45.88987 0.31496063,29.94756 -45.932361 0.31496063,
  29.990051 -45.963721 0.31496063,30.039898 -45.981163 0.31496063,
  30.072835 -45.984252 0.31496063,30.427165 -45.984252 0.31496063,
  30.460102 -45.981163 0.31496063,30.509949 -45.963721 0.31496063,
  30.55244 -45.932361 0.31496063,30.5838 -45.88987 0.31496063,
  30.601242 -45.840024 0.31496063,30.604331 -45.807087 0.31496063,
  30.604331 -45.295276 0.31496063,30.601242 -45.262339 0.31496063,
  30.5838 -45.212492 0.31496063,30.55244 -45.170001 0.31496063,
  30.509949 -45.138641 0.31496063,30.460102 -45.121199 0.31496063,
  30.427165 -45.11811 0.31496063,30.190945 -45.551181 0.31496063,
  30.194506 -45.530983 0.31496063,30.204761 -45.513221 0.31496063,
  30.220472 -45.500038 0.31496063,30.239745 -45.493023 0.31496063,
  30.260255 -45.493023 0.31496063,30.279528 -45.500038 0.31496063,
  30.295239 -45.513221 0.31496063,30.305494 -45.530983 0.31496063,
  30.309055 -45.551181 0.31496063,30.305494 -45.571379 0.31496063,
  30.295239 -45.589141 0.31496063,30.279528 -45.602324 0.31496063,
  30.260255 -45.609339 0.31496063,30.239745 -45.609339 0.31496063,
  30.220472 -45.602324 0.31496063,30.204761 -45.589141 0.31496063,
  30.194506 -45.571379 0.31496063,28.072835 -34.488189 0.31496063,
  28.039898 -34.491278 0.31496063,27.990051 -34.50872 0.31496063,
  27.94756 -34.54008 0.31496063,27.9162 -34.58257 0.31496063,
  27.898758 -34.632417 0.31496063,27.895669 -34.665354 0.31496063,
  27.895669 -35.177165 0.31496063,27.898758 -35.210102 0.31496063,
  27.9162 -35.259949 0.31496063,27.94756 -35.30244 0.31496063,
  27.990051 -35.3338 0.31496063,28.039898 -35.351242 0.31496063,
  28.072835 -35.354331 0.31496063,28.427165 -35.354331 0.31496063,
  28.460102 -35.351242 0.31496063,28.509949 -35.3338 0.31496063,
  28.55244 -35.30244 0.31496063,28.5838 -35.259949 0.31496063,
  28.601242 -35.210102 0.31496063,28.604331 -35.177165 0.31496063,
  28.604331 -34.665354 0.31496063,28.601242 -34.632417 0.31496063,
  28.5838 -34.58257 0.31496063,28.55244 -34.54008 0.31496063,
  28.509949 -34.50872 0.31496063,28.460102 -34.491278 0.31496063,
  28.427165 -34.488189 0.31496063,28.190945 -34.92126 0.31496063,
  28.194506 -34.901062 0.31496063,28.204761 -34.8833 0.31496063,
  28.220472 -34.870117 0.31496063,28.239745 -34.863102 0.31496063,
  28.260255 -34.863102 0.31496063,28.279528 -34.870117 0.31496063,
  28.295239 -34.8833 0.31496063,28.305494 -34.901062 0.31496063,
  28.309055 -34.92126 0.31496063,28.305494 -34.941458 0.31496063,
  28.295239 -34.95922 0.31496063,28.279528 -34.972403 0.31496063,
  28.260255 -34.979418 0.31496063,28.239745 -34.979418 0.31496063,
  28.220472 -34.972403 0.31496063,28.204761 -34.95922 0.31496063,
  28.194506 -34.941458 0.31496063,28.126743 -43.870255 0.31496063,
  28.09114 -43.890811 0.31496063,28.06207 -43.91988 0.31496063,
  28.041515 -43.955483 0.31496063,28.030875 -43.995193 0.31496063,
  28.030875 -44.036303 0.31496063,28.041515 -44.076013 0.31496063,
  28.06207 -44.111616 0.31496063,28.09114 -44.140685 0.31496063,
  28.126743 -44.161241 0.31496063,28.166453 -44.171881 0.31496063,
  28.187008 -44.173228 0.31496063,28.633588 -44.173228 0.31496063,
  29.09252 -44.63216 0.31496063,29.09252 -45.11811 0.31496063,
  29.072835 -45.11811 0.31496063,29.039898 -45.121199 0.31496063,
  28.990051 -45.138641 0.31496063,28.94756 -45.170001 0.31496063,
  28.9162 -45.212492 0.31496063,28.898758 -45.262339 0.31496063,
  28.895669 -45.295276 0.31496063,28.895669 -45.807087 0.31496063,
  28.898758 -45.840024 0.31496063,28.9162 -45.88987 0.31496063,
  28.94756 -45.932361 0.31496063,28.990051 -45.963721 0.31496063,
  29.039898 -45.981163 0.31496063,29.072835 -45.984252 0.31496063,
  29.427165 -45.984252 0.31496063,29.460102 -45.981163 0.31496063,
  29.509949 -45.963721 0.31496063,29.55244 -45.932361 0.31496063,
  29.5838 -45.88987 0.31496063,29.601242 -45.840024 0.31496063,
  29.604331 -45.807087 0.31496063,29.604331 -45.295276 0.31496063,
  29.601242 -45.262339 0.31496063,29.5838 -45.212492 0.31496063,
  29.55244 -45.170001 0.31496063,29.509949 -45.138641 0.31496063,
  29.460102 -45.121199 0.31496063,29.427165 -45.11811 0.31496063,
  29.40748 -45.11811 0.31496063,29.40748 -44.566929 0.31496063,
  29.406133 -44.546374 0.31496063,29.401092 -44.527559 0.31496063,
  29.395493 -44.506664 0.31496063,29.374937 -44.471061 0.31496063,
  29.361356 -44.455574 0.31496063,28.810174 -43.904393 0.31496063,
  28.794687 -43.890811 0.31496063,28.759084 -43.870255 0.31496063,
  28.719374 -43.859615 0.31496063,28.698819 -43.858268 0.31496063,
  28.187008 -43.858268 0.31496063,28.166453 -43.859615 0.31496063,
  28.127953 -44.015748 0.31496063,28.131514 -43.99555 0.31496063,
  28.141769 -43.977788 0.31496063,28.15748 -43.964605 0.31496063,
  28.176753 -43.95759 0.31496063,28.197263 -43.95759 0.31496063,
  28.216535 -43.964605 0.31496063,28.232247 -43.977788 0.31496063,
  28.242502 -43.99555 0.31496063,28.246063 -44.015748 0.31496063,
  28.242502 -44.035946 0.31496063,28.232247 -44.053708 0.31496063,
  28.216535 -44.066891 0.31496063,28.197263 -44.073906 0.31496063,
  28.176753 -44.073906 0.31496063,28.15748 -44.066891 0.31496063,
  28.141769 -44.053708 0.31496063,28.131514 -44.035946 0.31496063] }
 coordIndex [
  497,498,511,-1,511,498,499,-1,511,499,510,-1,510,499,500,-1,510,500,509,-1,509,500,501,-1,509,501,508,-1,508,501,502,-1,
  508,502,507,-1,507,502,503,-1,507,503,506,-1,506,503,504,-1,506,504,505,-1,497,531,496,-1,496,531,532,-1,496,532,495,-1,
  495,532,533,-1,495,533,534,-1,511,512,526,-1,511,526,528,-1,511,528,529,-1,511,529,530,-1,511,530,531,-1,511,531,497,-1,
  526,512,525,-1,525,512,513,-1,525,513,524,-1,524,513,514,-1,524,514,523,-1,523,514,515,-1,523,515,522,-1,522,515,516,-1,
  522,516,521,-1,521,516,517,-1,521,517,520,-1,520,517,518,-1,520,518,519,-1,409,411,408,-1,408,411,412,-1,408,412,407,-1,
  407,412,413,-1,407,413,406,-1,406,413,414,-1,406,414,405,-1,405,414,415,-1,405,415,404,-1,404,415,416,-1,404,416,403,-1,
  403,416,417,-1,403,417,422,-1,422,417,420,-1,419,420,417,-1,419,417,418,-1,44,45,58,-1,58,45,46,-1,58,46,57,-1,
  57,46,47,-1,57,47,56,-1,56,47,48,-1,56,48,55,-1,55,48,49,-1,55,49,54,-1,54,49,50,-1,54,50,53,-1,
  53,50,51,-1,53,51,52,-1,44,58,73,-1,44,73,39,-1,44,39,40,-1,44,40,41,-1,44,41,42,-1,44,42,43,-1,
  65,67,64,-1,64,67,68,-1,64,68,63,-1,63,68,69,-1,63,69,62,-1,62,69,70,-1,62,70,61,-1,61,70,71,-1,
  61,71,60,-1,60,71,72,-1,60,72,59,-1,59,72,73,-1,59,73,58,-1,74,0,77,-1,74,77,78,-1,74,78,79,-1,
  74,79,80,-1,74,80,81,-1,74,81,82,-1,74,82,83,-1,74,83,84,-1,74,84,38,-1,74,38,39,-1,74,39,73,-1,
  0,1,37,-1,0,37,91,-1,0,91,92,-1,0,92,75,-1,0,75,76,-1,0,76,77,-1,403,422,423,-1,403,423,387,-1,
  403,387,388,-1,403,388,389,-1,403,389,402,-1,395,397,394,-1,394,397,398,-1,394,398,393,-1,393,398,399,-1,393,399,392,-1,
  392,399,400,-1,392,400,391,-1,391,400,401,-1,391,401,390,-1,390,401,402,-1,390,402,389,-1,37,1,36,-1,36,1,22,-1,
  36,22,35,-1,35,22,23,-1,35,23,34,-1,34,23,24,-1,34,24,33,-1,33,24,25,-1,33,25,32,-1,32,25,26,-1,
  32,26,31,-1,31,26,27,-1,31,27,30,-1,30,27,28,-1,30,28,29,-1,22,1,2,-1,22,2,3,-1,22,4,5,-1,
  22,5,6,-1,22,6,7,-1,22,7,8,-1,22,8,21,-1,14,16,13,-1,13,16,17,-1,13,17,12,-1,12,17,18,-1,
  12,18,11,-1,11,18,19,-1,11,19,10,-1,10,19,20,-1,10,20,9,-1,9,20,21,-1,9,21,8,-1,38,84,85,-1,
  38,85,86,-1,38,86,87,-1,38,87,88,-1,38,88,89,-1,38,89,90,-1,38,90,37,-1,755,756,769,-1,769,756,757,-1,
  769,757,768,-1,768,757,758,-1,768,758,767,-1,767,758,759,-1,767,759,766,-1,766,759,760,-1,766,760,765,-1,765,760,761,-1,
  765,761,764,-1,764,761,762,-1,764,762,763,-1,755,789,754,-1,754,789,790,-1,754,790,753,-1,753,790,791,-1,753,791,792,-1,
  769,770,784,-1,769,784,786,-1,769,786,787,-1,769,787,788,-1,769,788,789,-1,769,789,755,-1,784,770,783,-1,783,770,771,-1,
  783,771,782,-1,782,771,772,-1,782,772,781,-1,781,772,773,-1,781,773,780,-1,780,773,774,-1,780,774,779,-1,779,774,775,-1,
  779,775,778,-1,778,775,776,-1,778,776,777,-1,1008,1009,1010,-1,1008,1010,1011,-1,1008,1011,1012,-1,1008,1012,1013,-1,1008,1013,994,-1,
  1008,994,1007,-1,141,142,155,-1,155,142,143,-1,155,143,154,-1,154,143,144,-1,154,144,153,-1,153,144,145,-1,153,145,152,-1,
  152,145,146,-1,152,146,151,-1,151,146,147,-1,151,147,150,-1,150,147,148,-1,150,148,149,-1,141,155,170,-1,141,170,135,-1,
  141,135,136,-1,141,136,137,-1,141,138,139,-1,141,139,140,-1,162,164,161,-1,161,164,165,-1,161,165,160,-1,160,165,166,-1,
  160,166,159,-1,159,166,167,-1,159,167,158,-1,158,167,168,-1,158,168,157,-1,157,168,169,-1,157,169,156,-1,156,169,170,-1,
  156,170,155,-1,171,93,174,-1,171,174,175,-1,171,175,176,-1,171,176,177,-1,171,177,178,-1,171,178,179,-1,171,179,180,-1,
  171,180,181,-1,171,181,132,-1,171,132,133,-1,171,134,135,-1,171,135,170,-1,93,189,172,-1,93,172,173,-1,93,173,174,-1,
  1007,995,1006,-1,1006,995,996,-1,1006,996,1005,-1,1005,996,997,-1,1005,997,1004,-1,1004,997,998,-1,1004,998,1003,-1,1003,998,999,-1,
  1003,999,1002,-1,1002,999,1000,-1,1002,1000,1001,-1,994,1013,1014,-1,994,1014,978,-1,994,978,979,-1,994,979,980,-1,994,980,993,-1,
  986,988,985,-1,985,988,989,-1,985,989,984,-1,984,989,990,-1,984,990,983,-1,983,990,991,-1,983,991,982,-1,982,991,992,-1,
  982,992,981,-1,981,992,993,-1,981,993,980,-1,188,95,131,-1,131,95,96,-1,131,96,130,-1,130,96,116,-1,130,116,129,-1,
  129,116,117,-1,129,117,128,-1,128,117,118,-1,128,118,127,-1,127,118,119,-1,127,119,126,-1,126,119,120,-1,126,120,125,-1,
  125,120,121,-1,125,121,124,-1,124,121,122,-1,124,122,123,-1,116,96,97,-1,116,97,98,-1,116,98,99,-1,116,99,100,-1,
  116,100,101,-1,116,101,102,-1,116,102,115,-1,108,110,107,-1,107,110,111,-1,107,111,106,-1,106,111,112,-1,106,112,105,-1,
  105,112,113,-1,105,113,104,-1,104,113,114,-1,104,114,103,-1,103,114,115,-1,103,115,102,-1,132,181,182,-1,132,182,183,-1,
  132,183,184,-1,132,184,185,-1,132,185,186,-1,132,186,187,-1,132,187,131,-1,95,188,189,-1,95,189,94,-1,227,204,217,-1,
  217,204,205,-1,217,205,216,-1,216,205,206,-1,216,206,215,-1,215,206,207,-1,215,207,214,-1,214,207,208,-1,214,208,213,-1,
  213,208,209,-1,213,209,212,-1,212,209,210,-1,212,210,211,-1,217,190,219,-1,217,219,220,-1,217,220,221,-1,217,221,222,-1,
  217,222,223,-1,217,223,224,-1,217,224,225,-1,217,225,226,-1,217,226,227,-1,190,191,203,-1,190,203,235,-1,190,235,218,-1,
  190,218,219,-1,204,227,228,-1,204,228,229,-1,204,229,230,-1,204,230,231,-1,204,231,232,-1,204,232,233,-1,204,233,234,-1,
  204,234,235,-1,204,235,203,-1,203,191,202,-1,202,191,192,-1,202,192,201,-1,201,192,193,-1,201,193,200,-1,200,193,194,-1,
  200,194,199,-1,199,194,195,-1,199,195,198,-1,198,195,196,-1,198,196,197,-1,273,250,263,-1,263,250,251,-1,263,251,262,-1,
  262,251,252,-1,262,252,261,-1,261,252,253,-1,261,253,260,-1,260,253,254,-1,260,254,259,-1,259,254,255,-1,259,255,258,-1,
  258,255,256,-1,258,256,257,-1,263,236,265,-1,263,265,266,-1,263,266,267,-1,263,267,268,-1,263,268,269,-1,263,269,270,-1,
  263,270,271,-1,263,271,272,-1,263,272,273,-1,236,237,249,-1,236,249,281,-1,236,281,264,-1,236,264,265,-1,250,273,274,-1,
  250,274,275,-1,250,275,276,-1,250,276,277,-1,250,277,278,-1,250,278,279,-1,250,279,280,-1,250,280,281,-1,250,281,249,-1,
  249,237,248,-1,248,237,238,-1,248,238,247,-1,247,238,239,-1,247,239,246,-1,246,239,240,-1,246,240,245,-1,245,240,241,-1,
  245,241,244,-1,244,241,242,-1,244,242,243,-1,319,296,309,-1,309,296,297,-1,309,297,308,-1,308,297,298,-1,308,298,307,-1,
  307,298,299,-1,307,299,306,-1,306,299,300,-1,306,300,305,-1,305,300,301,-1,305,301,304,-1,304,301,302,-1,304,302,303,-1,
  309,282,311,-1,309,311,312,-1,309,312,313,-1,309,313,314,-1,309,314,315,-1,309,315,316,-1,309,316,317,-1,309,317,318,-1,
  309,318,319,-1,282,283,295,-1,282,295,327,-1,282,327,310,-1,282,310,311,-1,296,319,320,-1,296,320,321,-1,296,321,322,-1,
  296,322,323,-1,296,323,324,-1,296,324,325,-1,296,325,326,-1,296,326,327,-1,296,327,295,-1,295,283,294,-1,294,283,284,-1,
  294,284,293,-1,293,284,285,-1,293,285,292,-1,292,285,286,-1,292,286,291,-1,291,286,287,-1,291,287,290,-1,290,287,288,-1,
  290,288,289,-1,365,342,355,-1,355,342,343,-1,355,343,354,-1,354,343,344,-1,354,344,353,-1,353,344,345,-1,353,345,352,-1,
  352,345,346,-1,352,346,351,-1,351,346,347,-1,351,347,350,-1,350,347,348,-1,350,348,349,-1,355,328,357,-1,355,357,358,-1,
  355,358,359,-1,355,359,360,-1,355,360,361,-1,355,361,362,-1,355,362,363,-1,355,363,364,-1,355,364,365,-1,328,329,341,-1,
  328,341,373,-1,328,373,356,-1,328,356,357,-1,342,365,366,-1,342,366,367,-1,342,367,368,-1,342,368,369,-1,342,369,370,-1,
  342,370,371,-1,342,371,372,-1,342,372,373,-1,342,373,341,-1,341,329,340,-1,340,329,330,-1,340,330,339,-1,339,330,331,-1,
  339,331,338,-1,338,331,332,-1,338,332,337,-1,337,332,333,-1,337,333,336,-1,336,333,334,-1,336,334,335,-1,387,423,424,-1,
  387,424,425,-1,387,425,426,-1,387,426,427,-1,387,427,428,-1,387,428,386,-1,428,429,436,-1,428,436,437,-1,428,437,438,-1,
  428,438,439,-1,428,439,440,-1,428,440,386,-1,433,434,430,-1,430,434,435,-1,430,435,429,-1,429,435,436,-1,446,447,384,-1,
  384,447,448,-1,384,448,383,-1,383,448,431,-1,383,431,374,-1,374,431,432,-1,374,432,430,-1,430,432,433,-1,386,440,441,-1,
  386,441,442,-1,386,442,443,-1,386,443,444,-1,386,444,385,-1,445,446,384,-1,445,384,385,-1,445,385,444,-1,378,380,377,-1,
  377,380,381,-1,377,381,376,-1,376,381,382,-1,376,382,375,-1,375,382,383,-1,375,383,374,-1,486,463,476,-1,476,463,464,-1,
  476,464,475,-1,475,464,465,-1,475,465,474,-1,474,465,466,-1,474,466,473,-1,473,466,467,-1,473,467,472,-1,472,467,468,-1,
  472,468,471,-1,471,468,469,-1,471,469,470,-1,476,449,478,-1,476,478,479,-1,476,479,480,-1,476,480,481,-1,476,481,482,-1,
  476,482,483,-1,476,483,484,-1,476,484,485,-1,476,485,486,-1,449,450,462,-1,449,462,494,-1,449,494,477,-1,449,477,478,-1,
  463,486,487,-1,463,487,488,-1,463,488,489,-1,463,489,490,-1,463,490,491,-1,463,491,492,-1,463,492,493,-1,463,493,494,-1,
  463,494,462,-1,462,450,461,-1,461,450,451,-1,461,451,460,-1,460,451,452,-1,460,452,459,-1,459,452,453,-1,459,453,458,-1,
  458,453,454,-1,458,454,457,-1,457,454,455,-1,457,455,456,-1,560,539,548,-1,548,539,540,-1,548,540,547,-1,547,540,541,-1,
  547,541,546,-1,546,541,542,-1,546,542,545,-1,545,542,543,-1,545,543,544,-1,548,549,557,-1,548,557,558,-1,548,558,559,-1,
  548,559,560,-1,554,555,550,-1,550,555,556,-1,550,556,549,-1,549,556,557,-1,568,551,495,-1,495,551,552,-1,495,552,550,-1,
  550,552,553,-1,550,553,554,-1,539,560,561,-1,539,561,562,-1,539,562,563,-1,539,563,538,-1,564,565,537,-1,564,537,538,-1,
  564,538,563,-1,537,565,566,-1,537,566,567,-1,537,567,568,-1,537,568,495,-1,537,495,536,-1,495,534,535,-1,495,535,536,-1,
  606,583,596,-1,596,583,584,-1,596,584,595,-1,595,584,585,-1,595,585,594,-1,594,585,586,-1,594,586,593,-1,593,586,587,-1,
  593,587,592,-1,592,587,588,-1,592,588,591,-1,591,588,589,-1,591,589,590,-1,596,569,598,-1,596,598,599,-1,596,599,600,-1,
  596,600,601,-1,596,601,602,-1,596,602,603,-1,596,603,604,-1,596,604,605,-1,596,605,606,-1,569,570,582,-1,569,582,614,-1,
  569,614,597,-1,569,597,598,-1,583,606,607,-1,583,607,608,-1,583,608,609,-1,583,609,610,-1,583,610,611,-1,583,611,612,-1,
  583,612,613,-1,583,613,614,-1,583,614,582,-1,582,570,581,-1,581,570,571,-1,581,571,580,-1,580,571,572,-1,580,572,579,-1,
  579,572,573,-1,579,573,578,-1,578,573,574,-1,578,574,577,-1,577,574,575,-1,577,575,576,-1,652,629,642,-1,642,629,630,-1,
  642,630,641,-1,641,630,631,-1,641,631,640,-1,640,631,632,-1,640,632,639,-1,639,632,633,-1,639,633,638,-1,638,633,634,-1,
  638,634,637,-1,637,634,635,-1,637,635,636,-1,642,615,644,-1,642,644,645,-1,642,645,646,-1,642,646,647,-1,642,647,648,-1,
  642,648,649,-1,642,649,650,-1,642,650,651,-1,642,651,652,-1,615,616,628,-1,615,628,660,-1,615,660,643,-1,615,643,644,-1,
  629,652,653,-1,629,653,654,-1,629,654,655,-1,629,655,656,-1,629,656,657,-1,629,657,658,-1,629,658,659,-1,629,659,660,-1,
  629,660,628,-1,628,616,627,-1,627,616,617,-1,627,617,626,-1,626,617,618,-1,626,618,625,-1,625,618,619,-1,625,619,624,-1,
  624,619,620,-1,624,620,623,-1,623,620,621,-1,623,621,622,-1,698,675,688,-1,688,675,676,-1,688,676,687,-1,687,676,677,-1,
  687,677,686,-1,686,677,678,-1,686,678,685,-1,685,678,679,-1,685,679,684,-1,684,679,680,-1,684,680,683,-1,683,680,681,-1,
  683,681,682,-1,688,661,690,-1,688,690,691,-1,688,691,692,-1,688,692,693,-1,688,693,694,-1,688,694,695,-1,688,695,696,-1,
  688,696,697,-1,688,697,698,-1,661,662,674,-1,661,674,706,-1,661,706,689,-1,661,689,690,-1,675,698,699,-1,675,699,700,-1,
  675,700,701,-1,675,701,702,-1,675,702,703,-1,675,703,704,-1,675,704,705,-1,675,705,706,-1,675,706,674,-1,674,662,673,-1,
  673,662,663,-1,673,663,672,-1,672,663,664,-1,672,664,671,-1,671,664,665,-1,671,665,670,-1,670,665,666,-1,670,666,669,-1,
  669,666,667,-1,669,667,668,-1,744,721,734,-1,734,721,722,-1,734,722,733,-1,733,722,723,-1,733,723,732,-1,732,723,724,-1,
  732,724,731,-1,731,724,725,-1,731,725,730,-1,730,725,726,-1,730,726,729,-1,729,726,727,-1,729,727,728,-1,734,707,736,-1,
  734,736,737,-1,734,737,738,-1,734,738,739,-1,734,739,740,-1,734,740,741,-1,734,741,742,-1,734,742,743,-1,734,743,744,-1,
  707,708,720,-1,707,720,752,-1,707,752,735,-1,707,735,736,-1,721,744,745,-1,721,745,746,-1,721,746,747,-1,721,747,748,-1,
  721,748,749,-1,721,749,750,-1,721,750,751,-1,721,751,752,-1,721,752,720,-1,720,708,719,-1,719,708,709,-1,719,709,718,-1,
  718,709,710,-1,718,710,717,-1,717,710,711,-1,717,711,716,-1,716,711,712,-1,716,712,715,-1,715,712,713,-1,715,713,714,-1,
  818,797,806,-1,806,797,798,-1,806,798,805,-1,805,798,799,-1,805,799,804,-1,804,799,800,-1,804,800,803,-1,803,800,801,-1,
  803,801,802,-1,806,807,815,-1,806,815,816,-1,806,816,817,-1,806,817,818,-1,812,813,808,-1,808,813,814,-1,808,814,807,-1,
  807,814,815,-1,826,809,753,-1,753,809,810,-1,753,810,808,-1,808,810,811,-1,808,811,812,-1,797,818,819,-1,797,819,820,-1,
  797,820,821,-1,797,821,796,-1,822,823,795,-1,822,795,796,-1,822,796,821,-1,795,823,824,-1,795,824,825,-1,795,825,826,-1,
  795,826,753,-1,795,753,794,-1,753,792,793,-1,753,793,794,-1,864,841,854,-1,854,841,842,-1,854,842,853,-1,853,842,843,-1,
  853,843,852,-1,852,843,844,-1,852,844,851,-1,851,844,845,-1,851,845,850,-1,850,845,846,-1,850,846,849,-1,849,846,847,-1,
  849,847,848,-1,854,827,856,-1,854,856,857,-1,854,857,858,-1,854,858,859,-1,854,859,860,-1,854,860,861,-1,854,861,862,-1,
  854,862,863,-1,854,863,864,-1,827,828,840,-1,827,840,872,-1,827,872,855,-1,827,855,856,-1,841,864,865,-1,841,865,866,-1,
  841,866,867,-1,841,867,868,-1,841,868,869,-1,841,869,870,-1,841,870,871,-1,841,871,872,-1,841,872,840,-1,840,828,839,-1,
  839,828,829,-1,839,829,838,-1,838,829,830,-1,838,830,837,-1,837,830,831,-1,837,831,836,-1,836,831,832,-1,836,832,835,-1,
  835,832,833,-1,835,833,834,-1,910,887,900,-1,900,887,888,-1,900,888,899,-1,899,888,889,-1,899,889,898,-1,898,889,890,-1,
  898,890,897,-1,897,890,891,-1,897,891,896,-1,896,891,892,-1,896,892,895,-1,895,892,893,-1,895,893,894,-1,900,873,902,-1,
  900,902,903,-1,900,903,904,-1,900,904,905,-1,900,905,906,-1,900,906,907,-1,900,907,908,-1,900,908,909,-1,900,909,910,-1,
  873,874,886,-1,873,886,918,-1,873,918,901,-1,873,901,902,-1,887,910,911,-1,887,911,912,-1,887,912,913,-1,887,913,914,-1,
  887,914,915,-1,887,915,916,-1,887,916,917,-1,887,917,918,-1,887,918,886,-1,886,874,885,-1,885,874,875,-1,885,875,884,-1,
  884,875,876,-1,884,876,883,-1,883,876,877,-1,883,877,882,-1,882,877,878,-1,882,878,881,-1,881,878,879,-1,881,879,880,-1,
  956,933,946,-1,946,933,934,-1,946,934,945,-1,945,934,935,-1,945,935,944,-1,944,935,936,-1,944,936,943,-1,943,936,937,-1,
  943,937,942,-1,942,937,938,-1,942,938,941,-1,941,938,939,-1,941,939,940,-1,946,919,948,-1,946,948,949,-1,946,949,950,-1,
  946,950,951,-1,946,951,952,-1,946,952,953,-1,946,953,954,-1,946,954,955,-1,946,955,956,-1,919,920,932,-1,919,932,964,-1,
  919,964,947,-1,919,947,948,-1,933,956,957,-1,933,957,958,-1,933,958,959,-1,933,959,960,-1,933,960,961,-1,933,961,962,-1,
  933,962,963,-1,933,963,964,-1,933,964,932,-1,932,920,931,-1,931,920,921,-1,931,921,930,-1,930,921,922,-1,930,922,929,-1,
  929,922,923,-1,929,923,928,-1,928,923,924,-1,928,924,927,-1,927,924,925,-1,927,925,926,-1,978,1014,1015,-1,978,1015,1016,-1,
  978,1016,1017,-1,978,1017,1018,-1,978,1018,1019,-1,978,1019,977,-1,1019,1020,1027,-1,1019,1027,1028,-1,1019,1028,1029,-1,1019,1029,1030,-1,
  1019,1030,1031,-1,1019,1031,977,-1,1024,1025,1021,-1,1021,1025,1026,-1,1021,1026,1020,-1,1020,1026,1027,-1,1037,1038,975,-1,975,1038,1039,-1,
  975,1039,974,-1,974,1039,1022,-1,974,1022,965,-1,965,1022,1023,-1,965,1023,1021,-1,1021,1023,1024,-1,977,1031,1032,-1,977,1032,1033,-1,
  977,1033,1034,-1,977,1034,1035,-1,977,1035,976,-1,1036,1037,975,-1,1036,975,976,-1,1036,976,1035,-1,969,971,968,-1,968,971,972,-1,
  968,972,967,-1,967,972,973,-1,967,973,966,-1,966,973,974,-1,966,974,965,-1,971,969,970,-1,380,378,379,-1,188,131,187,-1,
  110,108,109,-1,988,986,987,-1,1007,994,995,-1,164,162,163,-1,786,784,785,-1,91,37,90,-1,16,14,15,-1,397,395,396,-1,
  411,409,410,-1,67,65,66,-1,528,526,527,-1]
  normalPerVertex TRUE
  normal DEF NORM_3 Normal { vector [
  0 0 1,0 0 1,
  0 0 1,0 0 1,
  0 0 1,0 0 1,
  0 0 1,0 0 1,
  0 0 1,0 0 1,
  0 0 1,0 0 1,
  0 0 1,0 0 1,
  0 0 1,0 0 1,
  0 0 1,0 0 1,
  0 0 1,0 0 1,
  0 0 1,0 0 1,
  0 0 1,0 0 1,
  0 0 1,0 0 1,
  0 0 1,0 0 1,
  0 0 1,0 0 1,
  0 0 1,0 0 1,
  0 0 1,0 0 1,
  0 0 1,0 0 1,
  0 0 1,0 0 1,
  0 0 1,0 0 1,
  0 0 1,0 0 1,
  0 0 1,0 0 1,
  0 0 1,0 0 1,
  0 0 1,0 0 1,
  0 0 1,0 0 1,
  0 0 1,0 0 1,
  0 0 1,0 0 1,
  0 0 1,0 0 1,
  0 0 1,0 0 1,
  0 0 1,0 0 1,
  0 0 1,0 0 1,
  0 0 1,0 0 1,
  0 0 1,0 0 1,
  0 0 1,0 0 1,
  0 0 1,0 0 1,
  0 0 1,0 0 1,
  0 0 1,0 0 1,
  0 0 1,0 0 1,
  0 0 1,0 0 1,
  0 0 1,0 0 1,
  0 0 1,0 0 1,
  0 0 1,0 0 1,
  0 0 1,0 0 1,
  0 0 1,0 0 1,
  0 0 1,0 0 1,
  0 0 1,0 0 1,
  0 0 1,0 0 1,
  0 0 1,0 0 1,
  0 0 1,0 0 1,
  0 0 1,0 0 1,
  0 0 1,0 0 1,
  0 0 1,0 0 1,
  0 0 1,0 0 1,
  0 0 1,0 0 1,
  0 0 1,0 0 1,
  0 0 1,0 0 1,
  0 0 1,0 0 1,
  0 0 1,0 0 1,
  0 0 1,0 0 1,
  0 0 1,0 0 1,
  0 0 1,0 0 1,
  0 0 1,0 0 1,
  0 0 1,0 0 1,
  0 0 1,0 0 1,
  0 0 1,0 0 1,
  0 0 1,0 0 1,
  0 0 1,0 0 1,
  0 0 1,0 0 1,
  0 0 1,0 0 1,
  0 0 1,0 0 1,
  0 0 1,0 0 1,
  0 0 1,0 0 1,
  0 0 1,0 0 1,
  0 0 1,0 0 1,
  0 0 1,0 0 1,
  0 0 1,0 0 1,
  0 0 1,0 0 1,
  0 0 1,0 0 1,
  0 0 1,0 0 1,
  0 0 1,0 0 1,
  0 0 1,0 0 1,
  0 0 1,0 0 1,
  0 0 1,0 0 1,
  0 0 1,0 0 1,
  0 0 1,0 0 1,
  0 0 1,0 0 1,
  0 0 1,0 0 1,
  0 0 1,0 0 1,
  0 0 1,0 0 1,
  0 0 1,0 0 1,
  0 0 1,0 0 1,
  0 0 1,0 0 1,
  0 0 1,0 0 1,
  0 0 1,0 0 1,
  0 0 1,0 0 1,
  0 0 1,0 0 1,
  0 0 1,0 0 1,
  0 0 1,0 0 1,
  0 0 1,0 0 1,
  0 0 1,0 0 1,
  0 0 1,0 0 1,
  0 0 1,0 0 1,
  0 0 1,0 0 1,
  0 0 1,0 0 1,
  0 0 1,0 0 1,
  0 0 1,0 0 1,
  0 0 1,0 0 1,
  0 0 1,0 0 1,
  0 0 1,0 0 1,
  0 0 1,0 0 1,
  0 0 1,0 0 1,
  0 0 1,0 0 1,
  0 0 1,0 0 1,
  0 0 1,0 0 1,
  0 0 1,0 0 1,
  0 0 1,0 0 1,
  0 0 1,0 0 1,
  0 0 1,0 0 1,
  0 0 1,0 0 1,
  0 0 1,0 0 1,
  0 0 1,0 0 1,
  0 0 1,0 0 1,
  0 0 1,0 0 1,
  0 0 1,0 0 1,
  0 0 1,0 0 1,
  0 0 1,0 0 1,
  0 0 1,0 0 1,
  0 0 1,0 0 1,
  0 0 1,0 0 1,
  0 0 1,0 0 1,
  0 0 1,0 0 1,
  0 0 1,0 0 1,
  0 0 1,0 0 1,
  0 0 1,0 0 1,
  0 0 1,0 0 1,
  0 0 1,0 0 1,
  0 0 1,0 0 1,
  0 0 1,0 0 1,
  0 0 1,0 0 1,
  0 0 1,0 0 1,
  0 0 1,0 0 1,
  0 0 1,0 0 1,
  0 0 1,0 0 1,
  0 0 1,0 0 1,
  0 0 1,0 0 1,
  0 0 1,0 0 1,
  0 0 1,0 0 1,
  0 0 1,0 0 1,
  0 0 1,0 0 1,
  0 0 1,0 0 1,
  0 0 1,0 0 1,
  0 0 1,0 0 1,
  0 0 1,0 0 1,
  0 0 1,0 0 1,
  0 0 1,0 0 1,
  0 0 1,0 0 1,
  0 0 1,0 0 1,
  0 0 1,0 0 1,
  0 0 1,0 0 1,
  0 0 1,0 0 1,
  0 0 1,0 0 1,
  0 0 1,0 0 1,
  0 0 1,0 0 1,
  0 0 1,0 0 1,
  0 0 1,0 0 1,
  0 0 1,0 0 1,
  0 0 1,0 0 1,
  0 0 1,0 0 1,
  0 0 1,0 0 1,
  0 0 1,0 0 1,
  0 0 1,0 0 1,
  0 0 1,0 0 1,
  0 0 1,0 0 1,
  0 0 1,0 0 1,
  0 0 1,0 0 1,
  0 0 1,0 0 1,
  0 0 1,0 0 1,
  0 0 1,0 0 1,
  0 0 1,0 0 1,
  0 0 1,0 0 1,
  0 0 1,0 0 1,
  0 0 1,0 0 1,
  0 0 1,0 0 1,
  0 0 1,0 0 1,
  0 0 1,0 0 1,
  0 0 1,0 0 1,
  0 0 1,0 0 1,
  0 0 1,0 0 1,
  0 0 1,0 0 1,
  0 0 1,0 0 1,
  0 0 1,0 0 1,
  0 0 1,0 0 1,
  0 0 1,0 0 1,
  0 0 1,0 0 1,
  0 0 1,0 0 1,
  0 0 1,0 0 1,
  0 0 1,0 0 1,
  0 0 1,0 0 1,
  0 0 1,0 0 1,
  0 0 1,0 0 1,
  0 0 1,0 0 1,
  0 0 1,0 0 1,
  0 0 1,0 0 1,
  0 0 1,0 0 1,
  0 0 1,0 0 1,
  0 0 1,0 0 1,
  0 0 1,0 0 1,
  0 0 1,0 0 1,
  0 0 1,0 0 1,
  0 0 1,0 0 1,
  0 0 1,0 0 1,
  0 0 1,0 0 1,
  0 0 1,0 0 1,
  0 0 1,0 0 1,
  0 0 1,0 0 1,
  0 0 1,0 0 1,
  0 0 1,0 0 1,
  0 0 1,0 0 1,
  0 0 1,0 0 1,
  0 0 1,0 0 1,
  0 0 1,0 0 1,
  0 0 1,0 0 1,
  0 0 1,0 0 1,
  0 0 1,0 0 1,
  0 0 1,0 0 1,
  0 0 1,0 0 1,
  0 0 1,0 0 1,
  0 0 1,0 0 1,
  0 0 1,0 0 1,
  0 0 1,0 0 1,
  0 0 1,0 0 1,
  0 0 1,0 0 1,
  0 0 1,0 0 1,
  0 0 1,0 0 1,
  0 0 1,0 0 1,
  0 0 1,0 0 1,
  0 0 1,0 0 1,
  0 0 1,0 0 1,
  0 0 1,0 0 1,
  0 0 1,0 0 1,
  0 0 1,0 0 1,
  0 0 1,0 0 1,
  0 0 1,0 0 1,
  0 0 1,0 0 1,
  0 0 1,0 0 1,
  0 0 1,0 0 1,
  0 0 1,0 0 1,
  0 0 1,0 0 1,
  0 0 1,0 0 1,
  0 0 1,0 0 1,
  0 0 1,0 0 1,
  0 0 1,0 0 1,
  0 0 1,0 0 1,
  0 0 1,0 0 1,
  0 0 1,0 0 1,
  0 0 1,0 0 1,
  0 0 1,0 0 1,
  0 0 1,0 0 1,
  0 0 1,0 0 1,
  0 0 1,0 0 1,
  0 0 1,0 0 1,
  0 0 1,0 0 1,
  0 0 1,0 0 1,
  0 0 1,0 0 1,
  0 0 1,0 0 1,
  0 0 1,0 0 1,
  0 0 1,0 0 1,
  0 0 1,0 0 1,
  0 0 1,0 0 1,
  0 0 1,0 0 1,
  0 0 1,0 0 1,
  0 0 1,0 0 1,
  0 0 1,0 0 1,
  0 0 1,0 0 1,
  0 0 1,0 0 1,
  0 0 1,0 0 1,
  0 0 1,0 0 1,
  0 0 1,0 0 1,
  0 0 1,0 0 1,
  0 0 1,0 0 1,
  0 0 1,0 0 1,
  0 0 1,0 0 1,
  0 0 1,0 0 1,
  0 0 1,0 0 1,
  0 0 1,0 0 1,
  0 0 1,0 0 1,
  0 0 1,0 0 1,
  0 0 1,0 0 1,
  0 0 1,0 0 1,
  0 0 1,0 0 1,
  0 0 1,0 0 1,
  0 0 1,0 0 1,
  0 0 1,0 0 1,
  0 0 1,0 0 1,
  0 0 1,0 0 1,
  0 0 1,0 0 1,
  0 0 1,0 0 1,
  0 0 1,0 0 1,
  0 0 1,0 0 1,
  0 0 1,0 0 1,
  0 0 1,0 0 1,
  0 0 1,0 0 1,
  0 0 1,0 0 1,
  0 0 1,0 0 1,
  0 0 1,0 0 1,
  0 0 1,0 0 1,
  0 0 1,0 0 1,
  0 0 1,0 0 1,
  0 0 1,0 0 1,
  0 0 1,0 0 1,
  0 0 1,0 0 1,
  0 0 1,0 0 1,
  0 0 1,0 0 1,
  0 0 1,0 0 1,
  0 0 1,0 0 1,
  0 0 1,0 0 1,
  0 0 1,0 0 1,
  0 0 1,0 0 1,
  0 0 1,0 0 1,
  0 0 1,0 0 1,
  0 0 1,0 0 1,
  0 0 1,0 0 1,
  0 0 1,0 0 1,
  0 0 1,0 0 1,
  0 0 1,0 0 1,
  0 0 1,0 0 1,
  0 0 1,0 0 1,
  0 0 1,0 0 1,
  0 0 1,0 0 1,
  0 0 1,0 0 1,
  0 0 1,0 0 1,
  0 0 1,0 0 1,
  0 0 1,0 0 1,
  0 0 1,0 0 1,
  0 0 1,0 0 1,
  0 0 1,0 0 1,
  0 0 1,0 0 1,
  0 0 1,0 0 1,
  0 0 1,0 0 1,
  0 0 1,0 0 1,
  0 0 1,0 0 1,
  0 0 1,0 0 1,
  0 0 1,0 0 1,
  0 0 1,0 0 1,
  0 0 1,0 0 1,
  0 0 1,0 0 1,
  0 0 1,0 0 1,
  0 0 1,0 0 1,
  0 0 1,0 0 1,
  0 0 1,0 0 1,
  0 0 1,0 0 1,
  0 0 1,0 0 1,
  0 0 1,0 0 1,
  0 0 1,0 0 1,
  0 0 1,0 0 1,
  0 0 1,0 0 1,
  0 0 1,0 0 1,
  0 0 1,0 0 1,
  0 0 1,0 0 1,
  0 0 1,0 0 1,
  0 0 1,0 0 1,
  0 0 1,0 0 1,
  0 0 1,0 0 1,
  0 0 1,0 0 1,
  0 0 1,0 0 1,
  0 0 1,0 0 1,
  0 0 1,0 0 1,
  0 0 1,0 0 1,
  0 0 1,0 0 1,
  0 0 1,0 0 1,
  0 0 1,0 0 1,
  0 0 1,0 0 1,
  0 0 1,0 0 1,
  0 0 1,0 0 1,
  0 0 1,0 0 1,
  0 0 1,0 0 1,
  0 0 1,0 0 1,
  0 0 1,0 0 1,
  0 0 1,0 0 1,
  0 0 1,0 0 1,
  0 0 1,0 0 1,
  0 0 1,0 0 1,
  0 0 1,0 0 1,
  0 0 1,0 0 1,
  0 0 1,0 0 1,
  0 0 1,0 0 1,
  0 0 1,0 0 1,
  0 0 1,0 0 1,
  0 0 1,0 0 1,
  0 0 1,0 0 1,
  0 0 1,0 0 1,
  0 0 1,0 0 1,
  0 0 1,0 0 1,
  0 0 1,0 0 1,
  0 0 1,0 0 1,
  0 0 1,0 0 1,
  0 0 1,0 0 1,
  0 0 1,0 0 1,
  0 0 1,0 0 1,
  0 0 1,0 0 1,
  0 0 1,0 0 1,
  0 0 1,0 0 1,
  0 0 1,0 0 1,
  0 0 1,0 0 1,
  0 0 1,0 0 1,
  0 0 1,0 0 1,
  0 0 1,0 0 1,
  0 0 1,0 0 1,
  0 0 1,0 0 1,
  0 0 1,0 0 1,
  0 0 1,0 0 1,
  0 0 1,0 0 1,
  0 0 1,0 0 1,
  0 0 1,0 0 1,
  0 0 1,0 0 1,
  0 0 1,0 0 1,
  0 0 1,0 0 1,
  0 0 1,0 0 1,
  0 0 1,0 0 1,
  0 0 1,0 0 1,
  0 0 1,0 0 1,
  0 0 1,0 0 1,
  0 0 1,0 0 1,
  0 0 1,0 0 1,
  0 0 1,0 0 1,
  0 0 1,0 0 1,
  0 0 1,0 0 1,
  0 0 1,0 0 1,
  0 0 1,0 0 1,
  0 0 1,0 0 1,
  0 0 1,0 0 1,
  0 0 1,0 0 1,
  0 0 1,0 0 1,
  0 0 1,0 0 1,
  0 0 1,0 0 1,
  0 0 1,0 0 1,
  0 0 1,0 0 1,
  0 0 1,0 0 1,
  0 0 1,0 0 1,
  0 0 1,0 0 1,
  0 0 1,0 0 1,
  0 0 1,0 0 1,
  0 0 1,0 0 1,
  0 0 1,0 0 1,
  0 0 1,0 0 1,
  0 0 1,0 0 1,
  0 0 1,0 0 1,
  0 0 1,0 0 1,
  0 0 1,0 0 1,
  0 0 1,0 0 1,
  0 0 1,0 0 1,
  0 0 1,0 0 1,
  0 0 1,0 0 1,
  0 0 1,0 0 1,
  0 0 1,0 0 1,
  0 0 1,0 0 1,
  0 0 1,0 0 1,
  0 0 1,0 0 1,
  0 0 1,0 0 1,
  0 0 1,0 0 1,
  0 0 1,0 0 1,
  0 0 1,0 0 1,
  0 0 1,0 0 1,
  0 0 1,0 0 1,
  0 0 1,0 0 1,
  0 0 1,0 0 1,
  0 0 1,0 0 1,
  0 0 1,0 0 1,
  0 0 1,0 0 1,
  0 0 1,0 0 1,
  0 0 1,0 0 1,
  0 0 1,0 0 1,
  0 0 1,0 0 1,
  0 0 1,0 0 1,
  0 0 1,0 0 1,
  0 0 1,0 0 1,
  0 0 1,0 0 1,
  0 0 1,0 0 1,
  0 0 1,0 0 1,
  0 0 1,0 0 1,
  0 0 1,0 0 1,
  0 0 1,0 0 1,
  0 0 1,0 0 1,
  0 0 1,0 0 1,
  0 0 1,0 0 1,
  0 0 1,0 0 1,
  0 0 1,0 0 1,
  0 0 1,0 0 1,
  0 0 1,0 0 1,
  0 0 1,0 0 1,
  0 0 1,0 0 1,
  0 0 1,0 0 1,
  0 0 1,0 0 1,
  0 0 1,0 0 1,
  0 0 1,0 0 1,
  0 0 1,0 0 1,
  0 0 1,0 0 1,
  0 0 1,0 0 1,
  0 0 1,0 0 1,
  0 0 1,0 0 1,
  0 0 1,0 0 1,
  0 0 1,0 0 1,
  0 0 1,0 0 1,
  0 0 1,0 0 1,
  0 0 1,0 0 1,
  0 0 1,0 0 1,
  0 0 1,0 0 1,
  0 0 1,0 0 1,
  0 0 1,0 0 1,
  0 0 1,0 0 1,
  0 0 1,0 0 1,
  0 0 1,0 0 1,
  0 0 1,0 0 1,
  0 0 1,0 0 1,
  0 0 1,0 0 1,
  0 0 1,0 0 1,
  0 0 1,0 0 1,
  0 0 1,0 0 1,
  0 0 1,0 0 1,
  0 0 1,0 0 1] }
}
}
] }
DEF TXFM_4 Transform {
  center 0 0 0
  rotation 0 0 1 0
  scale 1 1 1
  scaleOrientation 0 0 1 0
  translation 0 0 0
 children [
DEF SHAPE_4 Shape {
 appearance DEF APP_3 Appearance {
  material Material {
   ambientIntensity 1
   diffuseColor 0.5 0.5 0.5
   emissiveColor 0 0 0
   shininess 0.69999999
   specularColor 0.80000001 0.80000001 0.80000001
   transparency 0
} }
 geometry DEF FACE_4 IndexedFaceSet {
  coord DEF COORD_4 Coordinate { point [
  20.950787 -45.295276 0.31988189,20.947699 -45.262339 0.31988189,
  20.930257 -45.212492 0.31988189,20.898897 -45.170001 0.31988189,
  20.856406 -45.138641 0.31988189,20.806559 -45.121199 0.31988189,
  20.773622 -45.11811 0.31988189,20.419291 -45.11811 0.31988189,
  20.386354 -45.121199 0.31988189,20.336507 -45.138641 0.31988189,
  20.294017 -45.170001 0.31988189,20.262657 -45.212492 0.31988189,
  20.245215 -45.262339 0.31988189,20.242126 -45.295276 0.31988189,
  20.242126 -45.807087 0.31988189,20.245215 -45.840024 0.31988189,
  20.262657 -45.88987 0.31988189,20.294017 -45.932361 0.31988189,
  20.336507 -45.963721 0.31988189,20.386354 -45.981163 0.31988189,
  20.419291 -45.984252 0.31988189,20.773622 -45.984252 0.31988189,
  20.806559 -45.981163 0.31988189,20.856406 -45.963721 0.31988189,
  20.898897 -45.932361 0.31988189,20.930257 -45.88987 0.31988189,
  20.947699 -45.840024 0.31988189,20.950787 -45.807087 0.31988189,
  22.950787 -45.295276 0.31988189,22.947699 -45.262339 0.31988189,
  22.930257 -45.212492 0.31988189,22.898897 -45.170001 0.31988189,
  22.856406 -45.138641 0.31988189,22.806559 -45.121199 0.31988189,
  22.773622 -45.11811 0.31988189,22.419291 -45.11811 0.31988189,
  22.386354 -45.121199 0.31988189,22.336507 -45.138641 0.31988189,
  22.294017 -45.170001 0.31988189,22.262657 -45.212492 0.31988189,
  22.245215 -45.262339 0.31988189,22.242126 -45.295276 0.31988189,
  22.242126 -45.807087 0.31988189,22.245215 -45.840024 0.31988189,
  22.262657 -45.88987 0.31988189,22.294017 -45.932361 0.31988189,
  22.336507 -45.963721 0.31988189,22.386354 -45.981163 0.31988189,
  22.419291 -45.984252 0.31988189,22.773622 -45.984252 0.31988189,
  22.806559 -45.981163 0.31988189,22.856406 -45.963721 0.31988189,
  22.898897 -45.932361 0.31988189,22.930257 -45.88987 0.31988189,
  22.947699 -45.840024 0.31988189,22.950787 -45.807087 0.31988189,
  27.604331 -45.295276 0.31988189,27.601242 -45.262339 0.31988189,
  27.5838 -45.212492 0.31988189,27.55244 -45.170001 0.31988189,
  27.509949 -45.138641 0.31988189,27.460102 -45.121199 0.31988189,
  27.427165 -45.11811 0.31988189,27.072835 -45.11811 0.31988189,
  27.039898 -45.121199 0.31988189,26.990051 -45.138641 0.31988189,
  26.94756 -45.170001 0.31988189,26.9162 -45.212492 0.31988189,
  26.898758 -45.262339 0.31988189,26.895669 -45.295276 0.31988189,
  26.895669 -45.807087 0.31988189,26.898758 -45.840024 0.31988189,
  26.9162 -45.88987 0.31988189,26.94756 -45.932361 0.31988189,
  26.990051 -45.963721 0.31988189,27.039898 -45.981163 0.31988189,
  27.072835 -45.984252 0.31988189,27.427165 -45.984252 0.31988189,
  27.460102 -45.981163 0.31988189,27.509949 -45.963721 0.31988189,
  27.55244 -45.932361 0.31988189,27.5838 -45.88987 0.31988189,
  27.601242 -45.840024 0.31988189,27.604331 -45.807087 0.31988189,
  29.604331 -45.295276 0.31988189,29.601242 -45.262339 0.31988189,
  29.5838 -45.212492 0.31988189,29.55244 -45.170001 0.31988189,
  29.509949 -45.138641 0.31988189,29.460102 -45.121199 0.31988189,
  29.427165 -45.11811 0.31988189,29.072835 -45.11811 0.31988189,
  29.039898 -45.121199 0.31988189,28.990051 -45.138641 0.31988189,
  28.94756 -45.170001 0.31988189,28.9162 -45.212492 0.31988189,
  28.898758 -45.262339 0.31988189,28.895669 -45.295276 0.31988189,
  28.895669 -45.807087 0.31988189,28.898758 -45.840024 0.31988189,
  28.9162 -45.88987 0.31988189,28.94756 -45.932361 0.31988189,
  28.990051 -45.963721 0.31988189,29.039898 -45.981163 0.31988189,
  29.072835 -45.984252 0.31988189,29.427165 -45.984252 0.31988189,
  29.460102 -45.981163 0.31988189,29.509949 -45.963721 0.31988189,
  29.55244 -45.932361 0.31988189,29.5838 -45.88987 0.31988189,
  29.601242 -45.840024 0.31988189,29.604331 -45.807087 0.31988189,
  22.950787 -34.665354 0.31988189,22.947699 -34.632417 0.31988189,
  22.930257 -34.58257 0.31988189,22.898897 -34.54008 0.31988189,
  22.856406 -34.50872 0.31988189,22.806559 -34.491278 0.31988189,
  22.773622 -34.488189 0.31988189,22.419291 -34.488189 0.31988189,
  22.386354 -34.491278 0.31988189,22.336507 -34.50872 0.31988189,
  22.294017 -34.54008 0.31988189,22.262657 -34.58257 0.31988189,
  22.245215 -34.632417 0.31988189,22.242126 -34.665354 0.31988189,
  22.242126 -35.177165 0.31988189,22.245215 -35.210102 0.31988189,
  22.262657 -35.259949 0.31988189,22.294017 -35.30244 0.31988189,
  22.336507 -35.3338 0.31988189,22.386354 -35.351242 0.31988189,
  22.419291 -35.354331 0.31988189,22.773622 -35.354331 0.31988189,
  22.806559 -35.351242 0.31988189,22.856406 -35.3338 0.31988189,
  22.898897 -35.30244 0.31988189,22.930257 -35.259949 0.31988189,
  22.947699 -35.210102 0.31988189,22.950787 -35.177165 0.31988189,
  24.950787 -34.665354 0.31988189,24.947699 -34.632417 0.31988189,
  24.930257 -34.58257 0.31988189,24.898897 -34.54008 0.31988189,
  24.856406 -34.50872 0.31988189,24.806559 -34.491278 0.31988189,
  24.773622 -34.488189 0.31988189,24.419291 -34.488189 0.31988189,
  24.386354 -34.491278 0.31988189,24.336507 -34.50872 0.31988189,
  24.294017 -34.54008 0.31988189,24.262657 -34.58257 0.31988189,
  24.245215 -34.632417 0.31988189,24.242126 -34.665354 0.31988189,
  24.242126 -35.177165 0.31988189,24.245215 -35.210102 0.31988189,
  24.262657 -35.259949 0.31988189,24.294017 -35.30244 0.31988189,
  24.336507 -35.3338 0.31988189,24.386354 -35.351242 0.31988189,
  24.419291 -35.354331 0.31988189,24.773622 -35.354331 0.31988189,
  24.806559 -35.351242 0.31988189,24.856406 -35.3338 0.31988189,
  24.898897 -35.30244 0.31988189,24.930257 -35.259949 0.31988189,
  24.947699 -35.210102 0.31988189,24.950787 -35.177165 0.31988189,
  29.604331 -34.665354 0.31988189,29.601242 -34.632417 0.31988189,
  29.5838 -34.58257 0.31988189,29.55244 -34.54008 0.31988189,
  29.509949 -34.50872 0.31988189,29.460102 -34.491278 0.31988189,
  29.427165 -34.488189 0.31988189,29.072835 -34.488189 0.31988189,
  29.039898 -34.491278 0.31988189,28.990051 -34.50872 0.31988189,
  28.94756 -34.54008 0.31988189,28.9162 -34.58257 0.31988189,
  28.898758 -34.632417 0.31988189,28.895669 -34.665354 0.31988189,
  28.895669 -35.177165 0.31988189,28.898758 -35.210102 0.31988189,
  28.9162 -35.259949 0.31988189,28.94756 -35.30244 0.31988189,
  28.990051 -35.3338 0.31988189,29.039898 -35.351242 0.31988189,
  29.072835 -35.354331 0.31988189,29.427165 -35.354331 0.31988189,
  29.460102 -35.351242 0.31988189,29.509949 -35.3338 0.31988189,
  29.55244 -35.30244 0.31988189,29.5838 -35.259949 0.31988189,
  29.601242 -35.210102 0.31988189,29.604331 -35.177165 0.31988189,
  31.604331 -34.665354 0.31988189,31.601242 -34.632417 0.31988189,
  31.5838 -34.58257 0.31988189,31.55244 -34.54008 0.31988189,
  31.509949 -34.50872 0.31988189,31.460102 -34.491278 0.31988189,
  31.427165 -34.488189 0.31988189,31.072835 -34.488189 0.31988189,
  31.039898 -34.491278 0.31988189,30.990051 -34.50872 0.31988189,
  30.94756 -34.54008 0.31988189,30.9162 -34.58257 0.31988189,
  30.898758 -34.632417 0.31988189,30.895669 -34.665354 0.31988189,
  30.895669 -35.177165 0.31988189,30.898758 -35.210102 0.31988189,
  30.9162 -35.259949 0.31988189,30.94756 -35.30244 0.31988189,
  30.990051 -35.3338 0.31988189,31.039898 -35.351242 0.31988189,
  31.072835 -35.354331 0.31988189,31.427165 -35.354331 0.31988189,
  31.460102 -35.351242 0.31988189,31.509949 -35.3338 0.31988189,
  31.55244 -35.30244 0.31988189,31.5838 -35.259949 0.31988189,
  31.601242 -35.210102 0.31988189,31.604331 -35.177165 0.31988189,
  20.419291 -34.488189 0.31988189,20.386354 -34.491278 0.31988189,
  20.336507 -34.50872 0.31988189,20.294017 -34.54008 0.31988189,
  20.262657 -34.58257 0.31988189,20.245215 -34.632417 0.31988189,
  20.242126 -34.665354 0.31988189,20.242126 -35.177165 0.31988189,
  20.245215 -35.210102 0.31988189,20.262657 -35.259949 0.31988189,
  20.294017 -35.30244 0.31988189,20.336507 -35.3338 0.31988189,
  20.386354 -35.351242 0.31988189,20.419291 -35.354331 0.31988189,
  20.773622 -35.354331 0.31988189,20.806559 -35.351242 0.31988189,
  20.856406 -35.3338 0.31988189,20.898897 -35.30244 0.31988189,
  20.930257 -35.259949 0.31988189,20.947699 -35.210102 0.31988189,
  20.950787 -35.177165 0.31988189,20.950787 -34.665354 0.31988189,
  20.947699 -34.632417 0.31988189,20.930257 -34.58257 0.31988189,
  20.898897 -34.54008 0.31988189,20.856406 -34.50872 0.31988189,
  20.806559 -34.491278 0.31988189,20.773622 -34.488189 0.31988189,
  20.537402 -34.92126 0.31988189,20.540963 -34.901062 0.31988189,
  20.551218 -34.8833 0.31988189,20.566929 -34.870117 0.31988189,
  20.586202 -34.863102 0.31988189,20.606712 -34.863102 0.31988189,
  20.625984 -34.870117 0.31988189,20.641696 -34.8833 0.31988189,
  20.65195 -34.901062 0.31988189,20.655512 -34.92126 0.31988189,
  20.65195 -34.941458 0.31988189,20.641696 -34.95922 0.31988189,
  20.625984 -34.972403 0.31988189,20.606712 -34.979418 0.31988189,
  20.586202 -34.979418 0.31988189,20.566929 -34.972403 0.31988189,
  20.551218 -34.95922 0.31988189,20.540963 -34.941458 0.31988189,
  21.419291 -45.11811 0.31988189,21.386354 -45.121199 0.31988189,
  21.336507 -45.138641 0.31988189,21.294017 -45.170001 0.31988189,
  21.262657 -45.212492 0.31988189,21.245215 -45.262339 0.31988189,
  21.242126 -45.295276 0.31988189,21.242126 -45.807087 0.31988189,
  21.245215 -45.840024 0.31988189,21.262657 -45.88987 0.31988189,
  21.294017 -45.932361 0.31988189,21.336507 -45.963721 0.31988189,
  21.386354 -45.981163 0.31988189,21.419291 -45.984252 0.31988189,
  21.773622 -45.984252 0.31988189,21.806559 -45.981163 0.31988189,
  21.856406 -45.963721 0.31988189,21.898897 -45.932361 0.31988189,
  21.930257 -45.88987 0.31988189,21.947699 -45.840024 0.31988189,
  21.950787 -45.807087 0.31988189,21.950787 -45.295276 0.31988189,
  21.947699 -45.262339 0.31988189,21.930257 -45.212492 0.31988189,
  21.898897 -45.170001 0.31988189,21.856406 -45.138641 0.31988189,
  21.806559 -45.121199 0.31988189,21.773622 -45.11811 0.31988189,
  21.537402 -45.551181 0.31988189,21.540963 -45.530983 0.31988189,
  21.551218 -45.513221 0.31988189,21.566929 -45.500038 0.31988189,
  21.586202 -45.493023 0.31988189,21.606712 -45.493023 0.31988189,
  21.625984 -45.500038 0.31988189,21.641696 -45.513221 0.31988189,
  21.65195 -45.530983 0.31988189,21.655512 -45.551181 0.31988189,
  21.65195 -45.571379 0.31988189,21.641696 -45.589141 0.31988189,
  21.625984 -45.602324 0.31988189,21.606712 -45.609339 0.31988189,
  21.586202 -45.609339 0.31988189,21.566929 -45.602324 0.31988189,
  21.551218 -45.589141 0.31988189,21.540963 -45.571379 0.31988189,
  23.419291 -34.488189 0.31988189,23.386354 -34.491278 0.31988189,
  23.336507 -34.50872 0.31988189,23.294017 -34.54008 0.31988189,
  23.262657 -34.58257 0.31988189,23.245215 -34.632417 0.31988189,
  23.242126 -34.665354 0.31988189,23.242126 -35.177165 0.31988189,
  23.245215 -35.210102 0.31988189,23.262657 -35.259949 0.31988189,
  23.294017 -35.30244 0.31988189,23.336507 -35.3338 0.31988189,
  23.386354 -35.351242 0.31988189,23.419291 -35.354331 0.31988189,
  23.773622 -35.354331 0.31988189,23.806559 -35.351242 0.31988189,
  23.856406 -35.3338 0.31988189,23.898897 -35.30244 0.31988189,
  23.930257 -35.259949 0.31988189,23.947699 -35.210102 0.31988189,
  23.950787 -35.177165 0.31988189,23.950787 -34.665354 0.31988189,
  23.947699 -34.632417 0.31988189,23.930257 -34.58257 0.31988189,
  23.898897 -34.54008 0.31988189,23.856406 -34.50872 0.31988189,
  23.806559 -34.491278 0.31988189,23.773622 -34.488189 0.31988189,
  23.537402 -34.92126 0.31988189,23.540963 -34.901062 0.31988189,
  23.551218 -34.8833 0.31988189,23.566929 -34.870117 0.31988189,
  23.586202 -34.863102 0.31988189,23.606712 -34.863102 0.31988189,
  23.625984 -34.870117 0.31988189,23.641696 -34.8833 0.31988189,
  23.65195 -34.901062 0.31988189,23.655512 -34.92126 0.31988189,
  23.65195 -34.941458 0.31988189,23.641696 -34.95922 0.31988189,
  23.625984 -34.972403 0.31988189,23.606712 -34.979418 0.31988189,
  23.586202 -34.979418 0.31988189,23.566929 -34.972403 0.31988189,
  23.551218 -34.95922 0.31988189,23.540963 -34.941458 0.31988189,
  24.419291 -45.11811 0.31988189,24.386354 -45.121199 0.31988189,
  24.336507 -45.138641 0.31988189,24.294017 -45.170001 0.31988189,
  24.262657 -45.212492 0.31988189,24.245215 -45.262339 0.31988189,
  24.242126 -45.295276 0.31988189,24.242126 -45.807087 0.31988189,
  24.245215 -45.840024 0.31988189,24.262657 -45.88987 0.31988189,
  24.294017 -45.932361 0.31988189,24.336507 -45.963721 0.31988189,
  24.386354 -45.981163 0.31988189,24.419291 -45.984252 0.31988189,
  24.773622 -45.984252 0.31988189,24.806559 -45.981163 0.31988189,
  24.856406 -45.963721 0.31988189,24.898897 -45.932361 0.31988189,
  24.930257 -45.88987 0.31988189,24.947699 -45.840024 0.31988189,
  24.950787 -45.807087 0.31988189,24.950787 -45.295276 0.31988189,
  24.947699 -45.262339 0.31988189,24.930257 -45.212492 0.31988189,
  24.898897 -45.170001 0.31988189,24.856406 -45.138641 0.31988189,
  24.806559 -45.121199 0.31988189,24.773622 -45.11811 0.31988189,
  24.537402 -45.551181 0.31988189,24.540963 -45.530983 0.31988189,
  24.551218 -45.513221 0.31988189,24.566929 -45.500038 0.31988189,
  24.586202 -45.493023 0.31988189,24.606712 -45.493023 0.31988189,
  24.625984 -45.500038 0.31988189,24.641696 -45.513221 0.31988189,
  24.65195 -45.530983 0.31988189,24.655512 -45.551181 0.31988189,
  24.65195 -45.571379 0.31988189,24.641696 -45.589141 0.31988189,
  24.625984 -45.602324 0.31988189,24.606712 -45.609339 0.31988189,
  24.586202 -45.609339 0.31988189,24.566929 -45.602324 0.31988189,
  24.551218 -45.589141 0.31988189,24.540963 -45.571379 0.31988189,
  21.419291 -34.488189 0.31988189,21.386354 -34.491278 0.31988189,
  21.336507 -34.50872 0.31988189,21.294017 -34.54008 0.31988189,
  21.262657 -34.58257 0.31988189,21.245215 -34.632417 0.31988189,
  21.242126 -34.665354 0.31988189,21.242126 -35.177165 0.31988189,
  21.245215 -35.210102 0.31988189,21.262657 -35.259949 0.31988189,
  21.294017 -35.30244 0.31988189,21.336507 -35.3338 0.31988189,
  21.386354 -35.351242 0.31988189,21.419291 -35.354331 0.31988189,
  21.773622 -35.354331 0.31988189,21.806559 -35.351242 0.31988189,
  21.856406 -35.3338 0.31988189,21.898897 -35.30244 0.31988189,
  21.930257 -35.259949 0.31988189,21.947699 -35.210102 0.31988189,
  21.950787 -35.177165 0.31988189,21.950787 -34.665354 0.31988189,
  21.947699 -34.632417 0.31988189,21.930257 -34.58257 0.31988189,
  21.898897 -34.54008 0.31988189,21.856406 -34.50872 0.31988189,
  21.806559 -34.491278 0.31988189,21.773622 -34.488189 0.31988189,
  21.537402 -34.92126 0.31988189,21.540963 -34.901062 0.31988189,
  21.551218 -34.8833 0.31988189,21.566929 -34.870117 0.31988189,
  21.586202 -34.863102 0.31988189,21.606712 -34.863102 0.31988189,
  21.625984 -34.870117 0.31988189,21.641696 -34.8833 0.31988189,
  21.65195 -34.901062 0.31988189,21.655512 -34.92126 0.31988189,
  21.65195 -34.941458 0.31988189,21.641696 -34.95922 0.31988189,
  21.625984 -34.972403 0.31988189,21.606712 -34.979418 0.31988189,
  21.586202 -34.979418 0.31988189,21.566929 -34.972403 0.31988189,
  21.551218 -34.95922 0.31988189,21.540963 -34.941458 0.31988189,
  23.419291 -45.11811 0.31988189,23.386354 -45.121199 0.31988189,
  23.336507 -45.138641 0.31988189,23.294017 -45.170001 0.31988189,
  23.262657 -45.212492 0.31988189,23.245215 -45.262339 0.31988189,
  23.242126 -45.295276 0.31988189,23.242126 -45.807087 0.31988189,
  23.245215 -45.840024 0.31988189,23.262657 -45.88987 0.31988189,
  23.294017 -45.932361 0.31988189,23.336507 -45.963721 0.31988189,
  23.386354 -45.981163 0.31988189,23.419291 -45.984252 0.31988189,
  23.773622 -45.984252 0.31988189,23.806559 -45.981163 0.31988189,
  23.856406 -45.963721 0.31988189,23.898897 -45.932361 0.31988189,
  23.930257 -45.88987 0.31988189,23.947699 -45.840024 0.31988189,
  23.950787 -45.807087 0.31988189,23.950787 -45.295276 0.31988189,
  23.947699 -45.262339 0.31988189,23.930257 -45.212492 0.31988189,
  23.898897 -45.170001 0.31988189,23.856406 -45.138641 0.31988189,
  23.806559 -45.121199 0.31988189,23.773622 -45.11811 0.31988189,
  23.537402 -45.551181 0.31988189,23.540963 -45.530983 0.31988189,
  23.551218 -45.513221 0.31988189,23.566929 -45.500038 0.31988189,
  23.586202 -45.493023 0.31988189,23.606712 -45.493023 0.31988189,
  23.625984 -45.500038 0.31988189,23.641696 -45.513221 0.31988189,
  23.65195 -45.530983 0.31988189,23.655512 -45.551181 0.31988189,
  23.65195 -45.571379 0.31988189,23.641696 -45.589141 0.31988189,
  23.625984 -45.602324 0.31988189,23.606712 -45.609339 0.31988189,
  23.586202 -45.609339 0.31988189,23.566929 -45.602324 0.31988189,
  23.551218 -45.589141 0.31988189,23.540963 -45.571379 0.31988189,
  27.072835 -34.488189 0.31988189,27.039898 -34.491278 0.31988189,
  26.990051 -34.50872 0.31988189,26.94756 -34.54008 0.31988189,
  26.9162 -34.58257 0.31988189,26.898758 -34.632417 0.31988189,
  26.895669 -34.665354 0.31988189,26.895669 -35.177165 0.31988189,
  26.898758 -35.210102 0.31988189,26.9162 -35.259949 0.31988189,
  26.94756 -35.30244 0.31988189,26.990051 -35.3338 0.31988189,
  27.039898 -35.351242 0.31988189,27.072835 -35.354331 0.31988189,
  27.427165 -35.354331 0.31988189,27.460102 -35.351242 0.31988189,
  27.509949 -35.3338 0.31988189,27.55244 -35.30244 0.31988189,
  27.5838 -35.259949 0.31988189,27.601242 -35.210102 0.31988189,
  27.604331 -35.177165 0.31988189,27.604331 -34.665354 0.31988189,
  27.601242 -34.632417 0.31988189,27.5838 -34.58257 0.31988189,
  27.55244 -34.54008 0.31988189,27.509949 -34.50872 0.31988189,
  27.460102 -34.491278 0.31988189,27.427165 -34.488189 0.31988189,
  27.190945 -34.92126 0.31988189,27.194506 -34.901062 0.31988189,
  27.204761 -34.8833 0.31988189,27.220472 -34.870117 0.31988189,
  27.239745 -34.863102 0.31988189,27.260255 -34.863102 0.31988189,
  27.279528 -34.870117 0.31988189,27.295239 -34.8833 0.31988189,
  27.305494 -34.901062 0.31988189,27.309055 -34.92126 0.31988189,
  27.305494 -34.941458 0.31988189,27.295239 -34.95922 0.31988189,
  27.279528 -34.972403 0.31988189,27.260255 -34.979418 0.31988189,
  27.239745 -34.979418 0.31988189,27.220472 -34.972403 0.31988189,
  27.204761 -34.95922 0.31988189,27.194506 -34.941458 0.31988189,
  30.072835 -34.488189 0.31988189,30.039898 -34.491278 0.31988189,
  29.990051 -34.50872 0.31988189,29.94756 -34.54008 0.31988189,
  29.9162 -34.58257 0.31988189,29.898758 -34.632417 0.31988189,
  29.895669 -34.665354 0.31988189,29.895669 -35.177165 0.31988189,
  29.898758 -35.210102 0.31988189,29.9162 -35.259949 0.31988189,
  29.94756 -35.30244 0.31988189,29.990051 -35.3338 0.31988189,
  30.039898 -35.351242 0.31988189,30.072835 -35.354331 0.31988189,
  30.427165 -35.354331 0.31988189,30.460102 -35.351242 0.31988189,
  30.509949 -35.3338 0.31988189,30.55244 -35.30244 0.31988189,
  30.5838 -35.259949 0.31988189,30.601242 -35.210102 0.31988189,
  30.604331 -35.177165 0.31988189,30.604331 -34.665354 0.31988189,
  30.601242 -34.632417 0.31988189,30.5838 -34.58257 0.31988189,
  30.55244 -34.54008 0.31988189,30.509949 -34.50872 0.31988189,
  30.460102 -34.491278 0.31988189,30.427165 -34.488189 0.31988189,
  30.190945 -34.92126 0.31988189,30.194506 -34.901062 0.31988189,
  30.204761 -34.8833 0.31988189,30.220472 -34.870117 0.31988189,
  30.239745 -34.863102 0.31988189,30.260255 -34.863102 0.31988189,
  30.279528 -34.870117 0.31988189,30.295239 -34.8833 0.31988189,
  30.305494 -34.901062 0.31988189,30.309055 -34.92126 0.31988189,
  30.305494 -34.941458 0.31988189,30.295239 -34.95922 0.31988189,
  30.279528 -34.972403 0.31988189,30.260255 -34.979418 0.31988189,
  30.239745 -34.979418 0.31988189,30.220472 -34.972403 0.31988189,
  30.204761 -34.95922 0.31988189,30.194506 -34.941458 0.31988189,
  28.072835 -45.11811 0.31988189,28.039898 -45.121199 0.31988189,
  27.990051 -45.138641 0.31988189,27.94756 -45.170001 0.31988189,
  27.9162 -45.212492 0.31988189,27.898758 -45.262339 0.31988189,
  27.895669 -45.295276 0.31988189,27.895669 -45.807087 0.31988189,
  27.898758 -45.840024 0.31988189,27.9162 -45.88987 0.31988189,
  27.94756 -45.932361 0.31988189,27.990051 -45.963721 0.31988189,
  28.039898 -45.981163 0.31988189,28.072835 -45.984252 0.31988189,
  28.427165 -45.984252 0.31988189,28.460102 -45.981163 0.31988189,
  28.509949 -45.963721 0.31988189,28.55244 -45.932361 0.31988189,
  28.5838 -45.88987 0.31988189,28.601242 -45.840024 0.31988189,
  28.604331 -45.807087 0.31988189,28.604331 -45.295276 0.31988189,
  28.601242 -45.262339 0.31988189,28.5838 -45.212492 0.31988189,
  28.55244 -45.170001 0.31988189,28.509949 -45.138641 0.31988189,
  28.460102 -45.121199 0.31988189,28.427165 -45.11811 0.31988189,
  28.190945 -45.551181 0.31988189,28.194506 -45.530983 0.31988189,
  28.204761 -45.513221 0.31988189,28.220472 -45.500038 0.31988189,
  28.239745 -45.493023 0.31988189,28.260255 -45.493023 0.31988189,
  28.279528 -45.500038 0.31988189,28.295239 -45.513221 0.31988189,
  28.305494 -45.530983 0.31988189,28.309055 -45.551181 0.31988189,
  28.305494 -45.571379 0.31988189,28.295239 -45.589141 0.31988189,
  28.279528 -45.602324 0.31988189,28.260255 -45.609339 0.31988189,
  28.239745 -45.609339 0.31988189,28.220472 -45.602324 0.31988189,
  28.204761 -45.589141 0.31988189,28.194506 -45.571379 0.31988189,
  31.072835 -45.11811 0.31988189,31.039898 -45.121199 0.31988189,
  30.990051 -45.138641 0.31988189,30.94756 -45.170001 0.31988189,
  30.9162 -45.212492 0.31988189,30.898758 -45.262339 0.31988189,
  30.895669 -45.295276 0.31988189,30.895669 -45.807087 0.31988189,
  30.898758 -45.840024 0.31988189,30.9162 -45.88987 0.31988189,
  30.94756 -45.932361 0.31988189,30.990051 -45.963721 0.31988189,
  31.039898 -45.981163 0.31988189,31.072835 -45.984252 0.31988189,
  31.427165 -45.984252 0.31988189,31.460102 -45.981163 0.31988189,
  31.509949 -45.963721 0.31988189,31.55244 -45.932361 0.31988189,
  31.5838 -45.88987 0.31988189,31.601242 -45.840024 0.31988189,
  31.604331 -45.807087 0.31988189,31.604331 -45.295276 0.31988189,
  31.601242 -45.262339 0.31988189,31.5838 -45.212492 0.31988189,
  31.55244 -45.170001 0.31988189,31.509949 -45.138641 0.31988189,
  31.460102 -45.121199 0.31988189,31.427165 -45.11811 0.31988189,
  31.190945 -45.551181 0.31988189,31.194506 -45.530983 0.31988189,
  31.204761 -45.513221 0.31988189,31.220472 -45.500038 0.31988189,
  31.239745 -45.493023 0.31988189,31.260255 -45.493023 0.31988189,
  31.279528 -45.500038 0.31988189,31.295239 -45.513221 0.31988189,
  31.305494 -45.530983 0.31988189,31.309055 -45.551181 0.31988189,
  31.305494 -45.571379 0.31988189,31.295239 -45.589141 0.31988189,
  31.279528 -45.602324 0.31988189,31.260255 -45.609339 0.31988189,
  31.239745 -45.609339 0.31988189,31.220472 -45.602324 0.31988189,
  31.204761 -45.589141 0.31988189,31.194506 -45.571379 0.31988189,
  30.072835 -45.11811 0.31988189,30.039898 -45.121199 0.31988189,
  29.990051 -45.138641 0.31988189,29.94756 -45.170001 0.31988189,
  29.9162 -45.212492 0.31988189,29.898758 -45.262339 0.31988189,
  29.895669 -45.295276 0.31988189,29.895669 -45.807087 0.31988189,
  29.898758 -45.840024 0.31988189,29.9162 -45.88987 0.31988189,
  29.94756 -45.932361 0.31988189,29.990051 -45.963721 0.31988189,
  30.039898 -45.981163 0.31988189,30.072835 -45.984252 0.31988189,
  30.427165 -45.984252 0.31988189,30.460102 -45.981163 0.31988189,
  30.509949 -45.963721 0.31988189,30.55244 -45.932361 0.31988189,
  30.5838 -45.88987 0.31988189,30.601242 -45.840024 0.31988189,
  30.604331 -45.807087 0.31988189,30.604331 -45.295276 0.31988189,
  30.601242 -45.262339 0.31988189,30.5838 -45.212492 0.31988189,
  30.55244 -45.170001 0.31988189,30.509949 -45.138641 0.31988189,
  30.460102 -45.121199 0.31988189,30.427165 -45.11811 0.31988189,
  30.190945 -45.551181 0.31988189,30.194506 -45.530983 0.31988189,
  30.204761 -45.513221 0.31988189,30.220472 -45.500038 0.31988189,
  30.239745 -45.493023 0.31988189,30.260255 -45.493023 0.31988189,
  30.279528 -45.500038 0.31988189,30.295239 -45.513221 0.31988189,
  30.305494 -45.530983 0.31988189,30.309055 -45.551181 0.31988189,
  30.305494 -45.571379 0.31988189,30.295239 -45.589141 0.31988189,
  30.279528 -45.602324 0.31988189,30.260255 -45.609339 0.31988189,
  30.239745 -45.609339 0.31988189,30.220472 -45.602324 0.31988189,
  30.204761 -45.589141 0.31988189,30.194506 -45.571379 0.31988189,
  28.072835 -34.488189 0.31988189,28.039898 -34.491278 0.31988189,
  27.990051 -34.50872 0.31988189,27.94756 -34.54008 0.31988189,
  27.9162 -34.58257 0.31988189,27.898758 -34.632417 0.31988189,
  27.895669 -34.665354 0.31988189,27.895669 -35.177165 0.31988189,
  27.898758 -35.210102 0.31988189,27.9162 -35.259949 0.31988189,
  27.94756 -35.30244 0.31988189,27.990051 -35.3338 0.31988189,
  28.039898 -35.351242 0.31988189,28.072835 -35.354331 0.31988189,
  28.427165 -35.354331 0.31988189,28.460102 -35.351242 0.31988189,
  28.509949 -35.3338 0.31988189,28.55244 -35.30244 0.31988189,
  28.5838 -35.259949 0.31988189,28.601242 -35.210102 0.31988189,
  28.604331 -35.177165 0.31988189,28.604331 -34.665354 0.31988189,
  28.601242 -34.632417 0.31988189,28.5838 -34.58257 0.31988189,
  28.55244 -34.54008 0.31988189,28.509949 -34.50872 0.31988189,
  28.460102 -34.491278 0.31988189,28.427165 -34.488189 0.31988189,
  28.190945 -34.92126 0.31988189,28.194506 -34.901062 0.31988189,
  28.204761 -34.8833 0.31988189,28.220472 -34.870117 0.31988189,
  28.239745 -34.863102 0.31988189,28.260255 -34.863102 0.31988189,
  28.279528 -34.870117 0.31988189,28.295239 -34.8833 0.31988189,
  28.305494 -34.901062 0.31988189,28.309055 -34.92126 0.31988189,
  28.305494 -34.941458 0.31988189,28.295239 -34.95922 0.31988189,
  28.279528 -34.972403 0.31988189,28.260255 -34.979418 0.31988189,
  28.239745 -34.979418 0.31988189,28.220472 -34.972403 0.31988189,
  28.204761 -34.95922 0.31988189,28.194506 -34.941458 0.31988189] }
 coordIndex [
  13,15,12,-1,12,15,16,-1,12,16,11,-1,11,16,17,-1,11,17,10,-1,10,17,18,-1,10,18,9,-1,9,18,19,-1,
  9,19,8,-1,8,19,20,-1,8,20,7,-1,7,20,21,-1,7,21,6,-1,6,21,22,-1,6,22,5,-1,5,22,23,-1,
  5,23,4,-1,4,23,24,-1,4,24,3,-1,3,24,25,-1,3,25,2,-1,2,25,26,-1,2,26,1,-1,1,26,27,-1,
  1,27,0,-1,41,43,40,-1,40,43,44,-1,40,44,39,-1,39,44,45,-1,39,45,38,-1,38,45,46,-1,38,46,37,-1,
  37,46,47,-1,37,47,36,-1,36,47,48,-1,36,48,35,-1,35,48,49,-1,35,49,34,-1,34,49,50,-1,34,50,33,-1,
  33,50,51,-1,33,51,32,-1,32,51,52,-1,32,52,31,-1,31,52,53,-1,31,53,30,-1,30,53,54,-1,30,54,29,-1,
  29,54,55,-1,29,55,28,-1,69,71,68,-1,68,71,72,-1,68,72,67,-1,67,72,73,-1,67,73,66,-1,66,73,74,-1,
  66,74,65,-1,65,74,75,-1,65,75,64,-1,64,75,76,-1,64,76,63,-1,63,76,77,-1,63,77,62,-1,62,77,78,-1,
  62,78,61,-1,61,78,79,-1,61,79,60,-1,60,79,80,-1,60,80,59,-1,59,80,81,-1,59,81,58,-1,58,81,82,-1,
  58,82,57,-1,57,82,83,-1,57,83,56,-1,97,99,96,-1,96,99,100,-1,96,100,95,-1,95,100,101,-1,95,101,94,-1,
  94,101,102,-1,94,102,93,-1,93,102,103,-1,93,103,92,-1,92,103,104,-1,92,104,91,-1,91,104,105,-1,91,105,90,-1,
  90,105,106,-1,90,106,89,-1,89,106,107,-1,89,107,88,-1,88,107,108,-1,88,108,87,-1,87,108,109,-1,87,109,86,-1,
  86,109,110,-1,86,110,85,-1,85,110,111,-1,85,111,84,-1,125,127,124,-1,124,127,128,-1,124,128,123,-1,123,128,129,-1,
  123,129,122,-1,122,129,130,-1,122,130,121,-1,121,130,131,-1,121,131,120,-1,120,131,132,-1,120,132,119,-1,119,132,133,-1,
  119,133,118,-1,118,133,134,-1,118,134,117,-1,117,134,135,-1,117,135,116,-1,116,135,136,-1,116,136,115,-1,115,136,137,-1,
  115,137,114,-1,114,137,138,-1,114,138,113,-1,113,138,139,-1,113,139,112,-1,153,155,152,-1,152,155,156,-1,152,156,151,-1,
  151,156,157,-1,151,157,150,-1,150,157,158,-1,150,158,149,-1,149,158,159,-1,149,159,148,-1,148,159,160,-1,148,160,147,-1,
  147,160,161,-1,147,161,146,-1,146,161,162,-1,146,162,145,-1,145,162,163,-1,145,163,144,-1,144,163,164,-1,144,164,143,-1,
  143,164,165,-1,143,165,142,-1,142,165,166,-1,142,166,141,-1,141,166,167,-1,141,167,140,-1,181,183,180,-1,180,183,184,-1,
  180,184,179,-1,179,184,185,-1,179,185,178,-1,178,185,186,-1,178,186,177,-1,177,186,187,-1,177,187,176,-1,176,187,188,-1,
  176,188,175,-1,175,188,189,-1,175,189,174,-1,174,189,190,-1,174,190,173,-1,173,190,191,-1,173,191,172,-1,172,191,192,-1,
  172,192,171,-1,171,192,193,-1,171,193,170,-1,170,193,194,-1,170,194,169,-1,169,194,195,-1,169,195,168,-1,209,211,208,-1,
  208,211,212,-1,208,212,207,-1,207,212,213,-1,207,213,206,-1,206,213,214,-1,206,214,205,-1,205,214,215,-1,205,215,204,-1,
  204,215,216,-1,204,216,203,-1,203,216,217,-1,203,217,202,-1,202,217,218,-1,202,218,201,-1,201,218,219,-1,201,219,200,-1,
  200,219,220,-1,200,220,199,-1,199,220,221,-1,199,221,198,-1,198,221,222,-1,198,222,197,-1,197,222,223,-1,197,223,196,-1,
  261,238,251,-1,251,238,239,-1,251,239,250,-1,250,239,240,-1,250,240,249,-1,249,240,241,-1,249,241,248,-1,248,241,242,-1,
  248,242,247,-1,247,242,243,-1,247,243,246,-1,246,243,244,-1,246,244,245,-1,251,224,253,-1,251,253,254,-1,251,254,255,-1,
  251,255,256,-1,251,256,257,-1,251,257,258,-1,251,258,259,-1,251,259,260,-1,251,260,261,-1,224,225,237,-1,224,237,269,-1,
  224,269,252,-1,224,252,253,-1,238,261,262,-1,238,262,263,-1,238,263,264,-1,238,264,265,-1,238,265,266,-1,238,266,267,-1,
  238,267,268,-1,238,268,269,-1,238,269,237,-1,237,225,236,-1,236,225,226,-1,236,226,235,-1,235,226,227,-1,235,227,234,-1,
  234,227,228,-1,234,228,233,-1,233,228,229,-1,233,229,232,-1,232,229,230,-1,232,230,231,-1,307,284,297,-1,297,284,285,-1,
  297,285,296,-1,296,285,286,-1,296,286,295,-1,295,286,287,-1,295,287,294,-1,294,287,288,-1,294,288,293,-1,293,288,289,-1,
  293,289,292,-1,292,289,290,-1,292,290,291,-1,297,270,299,-1,297,299,300,-1,297,300,301,-1,297,301,302,-1,297,302,303,-1,
  297,303,304,-1,297,304,305,-1,297,305,306,-1,297,306,307,-1,270,271,283,-1,270,283,315,-1,270,315,298,-1,270,298,299,-1,
  284,307,308,-1,284,308,309,-1,284,309,310,-1,284,310,311,-1,284,311,312,-1,284,312,313,-1,284,313,314,-1,284,314,315,-1,
  284,315,283,-1,283,271,282,-1,282,271,272,-1,282,272,281,-1,281,272,273,-1,281,273,280,-1,280,273,274,-1,280,274,279,-1,
  279,274,275,-1,279,275,278,-1,278,275,276,-1,278,276,277,-1,353,330,343,-1,343,330,331,-1,343,331,342,-1,342,331,332,-1,
  342,332,341,-1,341,332,333,-1,341,333,340,-1,340,333,334,-1,340,334,339,-1,339,334,335,-1,339,335,338,-1,338,335,336,-1,
  338,336,337,-1,343,316,345,-1,343,345,346,-1,343,346,347,-1,343,347,348,-1,343,348,349,-1,343,349,350,-1,343,350,351,-1,
  343,351,352,-1,343,352,353,-1,316,317,329,-1,316,329,361,-1,316,361,344,-1,316,344,345,-1,330,353,354,-1,330,354,355,-1,
  330,355,356,-1,330,356,357,-1,330,357,358,-1,330,358,359,-1,330,359,360,-1,330,360,361,-1,330,361,329,-1,329,317,328,-1,
  328,317,318,-1,328,318,327,-1,327,318,319,-1,327,319,326,-1,326,319,320,-1,326,320,325,-1,325,320,321,-1,325,321,324,-1,
  324,321,322,-1,324,322,323,-1,399,376,389,-1,389,376,377,-1,389,377,388,-1,388,377,378,-1,388,378,387,-1,387,378,379,-1,
  387,379,386,-1,386,379,380,-1,386,380,385,-1,385,380,381,-1,385,381,384,-1,384,381,382,-1,384,382,383,-1,389,362,391,-1,
  389,391,392,-1,389,392,393,-1,389,393,394,-1,389,394,395,-1,389,395,396,-1,389,396,397,-1,389,397,398,-1,389,398,399,-1,
  362,363,375,-1,362,375,407,-1,362,407,390,-1,362,390,391,-1,376,399,400,-1,376,400,401,-1,376,401,402,-1,376,402,403,-1,
  376,403,404,-1,376,404,405,-1,376,405,406,-1,376,406,407,-1,376,407,375,-1,375,363,374,-1,374,363,364,-1,374,364,373,-1,
  373,364,365,-1,373,365,372,-1,372,365,366,-1,372,366,371,-1,371,366,367,-1,371,367,370,-1,370,367,368,-1,370,368,369,-1,
  445,422,435,-1,435,422,423,-1,435,423,434,-1,434,423,424,-1,434,424,433,-1,433,424,425,-1,433,425,432,-1,432,425,426,-1,
  432,426,431,-1,431,426,427,-1,431,427,430,-1,430,427,428,-1,430,428,429,-1,435,408,437,-1,435,437,438,-1,435,438,439,-1,
  435,439,440,-1,435,440,441,-1,435,441,442,-1,435,442,443,-1,435,443,444,-1,435,444,445,-1,408,409,421,-1,408,421,453,-1,
  408,453,436,-1,408,436,437,-1,422,445,446,-1,422,446,447,-1,422,447,448,-1,422,448,449,-1,422,449,450,-1,422,450,451,-1,
  422,451,452,-1,422,452,453,-1,422,453,421,-1,421,409,420,-1,420,409,410,-1,420,410,419,-1,419,410,411,-1,419,411,418,-1,
  418,411,412,-1,418,412,417,-1,417,412,413,-1,417,413,416,-1,416,413,414,-1,416,414,415,-1,491,468,481,-1,481,468,469,-1,
  481,469,480,-1,480,469,470,-1,480,470,479,-1,479,470,471,-1,479,471,478,-1,478,471,472,-1,478,472,477,-1,477,472,473,-1,
  477,473,476,-1,476,473,474,-1,476,474,475,-1,481,454,483,-1,481,483,484,-1,481,484,485,-1,481,485,486,-1,481,486,487,-1,
  481,487,488,-1,481,488,489,-1,481,489,490,-1,481,490,491,-1,454,455,467,-1,454,467,499,-1,454,499,482,-1,454,482,483,-1,
  468,491,492,-1,468,492,493,-1,468,493,494,-1,468,494,495,-1,468,495,496,-1,468,496,497,-1,468,497,498,-1,468,498,499,-1,
  468,499,467,-1,467,455,466,-1,466,455,456,-1,466,456,465,-1,465,456,457,-1,465,457,464,-1,464,457,458,-1,464,458,463,-1,
  463,458,459,-1,463,459,462,-1,462,459,460,-1,462,460,461,-1,537,514,527,-1,527,514,515,-1,527,515,526,-1,526,515,516,-1,
  526,516,525,-1,525,516,517,-1,525,517,524,-1,524,517,518,-1,524,518,523,-1,523,518,519,-1,523,519,522,-1,522,519,520,-1,
  522,520,521,-1,527,500,529,-1,527,529,530,-1,527,530,531,-1,527,531,532,-1,527,532,533,-1,527,533,534,-1,527,534,535,-1,
  527,535,536,-1,527,536,537,-1,500,501,513,-1,500,513,545,-1,500,545,528,-1,500,528,529,-1,514,537,538,-1,514,538,539,-1,
  514,539,540,-1,514,540,541,-1,514,541,542,-1,514,542,543,-1,514,543,544,-1,514,544,545,-1,514,545,513,-1,513,501,512,-1,
  512,501,502,-1,512,502,511,-1,511,502,503,-1,511,503,510,-1,510,503,504,-1,510,504,509,-1,509,504,505,-1,509,505,508,-1,
  508,505,506,-1,508,506,507,-1,583,560,573,-1,573,560,561,-1,573,561,572,-1,572,561,562,-1,572,562,571,-1,571,562,563,-1,
  571,563,570,-1,570,563,564,-1,570,564,569,-1,569,564,565,-1,569,565,568,-1,568,565,566,-1,568,566,567,-1,573,546,575,-1,
  573,575,576,-1,573,576,577,-1,573,577,578,-1,573,578,579,-1,573,579,580,-1,573,580,581,-1,573,581,582,-1,573,582,583,-1,
  546,547,559,-1,546,559,591,-1,546,591,574,-1,546,574,575,-1,560,583,584,-1,560,584,585,-1,560,585,586,-1,560,586,587,-1,
  560,587,588,-1,560,588,589,-1,560,589,590,-1,560,590,591,-1,560,591,559,-1,559,547,558,-1,558,547,548,-1,558,548,557,-1,
  557,548,549,-1,557,549,556,-1,556,549,550,-1,556,550,555,-1,555,550,551,-1,555,551,554,-1,554,551,552,-1,554,552,553,-1,
  629,606,619,-1,619,606,607,-1,619,607,618,-1,618,607,608,-1,618,608,617,-1,617,608,609,-1,617,609,616,-1,616,609,610,-1,
  616,610,615,-1,615,610,611,-1,615,611,614,-1,614,611,612,-1,614,612,613,-1,619,592,621,-1,619,621,622,-1,619,622,623,-1,
  619,623,624,-1,619,624,625,-1,619,625,626,-1,619,626,627,-1,619,627,628,-1,619,628,629,-1,592,593,605,-1,592,605,637,-1,
  592,637,620,-1,592,620,621,-1,606,629,630,-1,606,630,631,-1,606,631,632,-1,606,632,633,-1,606,633,634,-1,606,634,635,-1,
  606,635,636,-1,606,636,637,-1,606,637,605,-1,605,593,604,-1,604,593,594,-1,604,594,603,-1,603,594,595,-1,603,595,602,-1,
  602,595,596,-1,602,596,601,-1,601,596,597,-1,601,597,600,-1,600,597,598,-1,600,598,599,-1,675,652,665,-1,665,652,653,-1,
  665,653,664,-1,664,653,654,-1,664,654,663,-1,663,654,655,-1,663,655,662,-1,662,655,656,-1,662,656,661,-1,661,656,657,-1,
  661,657,660,-1,660,657,658,-1,660,658,659,-1,665,638,667,-1,665,667,668,-1,665,668,669,-1,665,669,670,-1,665,670,671,-1,
  665,671,672,-1,665,672,673,-1,665,673,674,-1,665,674,675,-1,638,639,651,-1,638,651,683,-1,638,683,666,-1,638,666,667,-1,
  652,675,676,-1,652,676,677,-1,652,677,678,-1,652,678,679,-1,652,679,680,-1,652,680,681,-1,652,681,682,-1,652,682,683,-1,
  652,683,651,-1,651,639,650,-1,650,639,640,-1,650,640,649,-1,649,640,641,-1,649,641,648,-1,648,641,642,-1,648,642,647,-1,
  647,642,643,-1,647,643,646,-1,646,643,644,-1,646,644,645,-1,721,698,711,-1,711,698,699,-1,711,699,710,-1,710,699,700,-1,
  710,700,709,-1,709,700,701,-1,709,701,708,-1,708,701,702,-1,708,702,707,-1,707,702,703,-1,707,703,706,-1,706,703,704,-1,
  706,704,705,-1,711,684,713,-1,711,713,714,-1,711,714,715,-1,711,715,716,-1,711,716,717,-1,711,717,718,-1,711,718,719,-1,
  711,719,720,-1,711,720,721,-1,684,685,697,-1,684,697,729,-1,684,729,712,-1,684,712,713,-1,698,721,722,-1,698,722,723,-1,
  698,723,724,-1,698,724,725,-1,698,725,726,-1,698,726,727,-1,698,727,728,-1,698,728,729,-1,698,729,697,-1,697,685,696,-1,
  696,685,686,-1,696,686,695,-1,695,686,687,-1,695,687,694,-1,694,687,688,-1,694,688,693,-1,693,688,689,-1,693,689,692,-1,
  692,689,690,-1,692,690,691,-1,767,744,757,-1,757,744,745,-1,757,745,756,-1,756,745,746,-1,756,746,755,-1,755,746,747,-1,
  755,747,754,-1,754,747,748,-1,754,748,753,-1,753,748,749,-1,753,749,752,-1,752,749,750,-1,752,750,751,-1,757,730,759,-1,
  757,759,760,-1,757,760,761,-1,757,761,762,-1,757,762,763,-1,757,763,764,-1,757,764,765,-1,757,765,766,-1,757,766,767,-1,
  730,731,743,-1,730,743,775,-1,730,775,758,-1,730,758,759,-1,744,767,768,-1,744,768,769,-1,744,769,770,-1,744,770,771,-1,
  744,771,772,-1,744,772,773,-1,744,773,774,-1,744,774,775,-1,744,775,743,-1,743,731,742,-1,742,731,732,-1,742,732,741,-1,
  741,732,733,-1,741,733,740,-1,740,733,734,-1,740,734,739,-1,739,734,735,-1,739,735,738,-1,738,735,736,-1,738,736,737,-1,
  211,209,210,-1,183,181,182,-1,155,153,154,-1,127,125,126,-1,99,97,98,-1,71,69,70,-1,43,41,42,-1,15,13,14,-1]
  normalPerVertex TRUE
  normal DEF NORM_4 Normal { vector [
  0 0 1,0 0 1,
  0 0 1,0 0 1,
  0 0 1,0 0 1,
  0 0 1,0 0 1,
  0 0 1,0 0 1,
  0 0 1,0 0 1,
  0 0 1,0 0 1,
  0 0 1,0 0 1,
  0 0 1,0 0 1,
  0 0 1,0 0 1,
  0 0 1,0 0 1,
  0 0 1,0 0 1,
  0 0 1,0 0 1,
  0 0 1,0 0 1,
  0 0 1,0 0 1,
  0 0 1,0 0 1,
  0 0 1,0 0 1,
  0 0 1,0 0 1,
  0 0 1,0 0 1,
  0 0 1,0 0 1,
  0 0 1,0 0 1,
  0 0 1,0 0 1,
  0 0 1,0 0 1,
  0 0 1,0 0 1,
  0 0 1,0 0 1,
  0 0 1,0 0 1,
  0 0 1,0 0 1,
  0 0 1,0 0 1,
  0 0 1,0 0 1,
  0 0 1,0 0 1,
  0 0 1,0 0 1,
  0 0 1,0 0 1,
  0 0 1,0 0 1,
  0 0 1,0 0 1,
  0 0 1,0 0 1,
  0 0 1,0 0 1,
  0 0 1,0 0 1,
  0 0 1,0 0 1,
  0 0 1,0 0 1,
  0 0 1,0 0 1,
  0 0 1,0 0 1,
  0 0 1,0 0 1,
  0 0 1,0 0 1,
  0 0 1,0 0 1,
  0 0 1,0 0 1,
  0 0 1,0 0 1,
  0 0 1,0 0 1,
  0 0 1,0 0 1,
  0 0 1,0 0 1,
  0 0 1,0 0 1,
  0 0 1,0 0 1,
  0 0 1,0 0 1,
  0 0 1,0 0 1,
  0 0 1,0 0 1,
  0 0 1,0 0 1,
  0 0 1,0 0 1,
  0 0 1,0 0 1,
  0 0 1,0 0 1,
  0 0 1,0 0 1,
  0 0 1,0 0 1,
  0 0 1,0 0 1,
  0 0 1,0 0 1,
  0 0 1,0 0 1,
  0 0 1,0 0 1,
  0 0 1,0 0 1,
  0 0 1,0 0 1,
  0 0 1,0 0 1,
  0 0 1,0 0 1,
  0 0 1,0 0 1,
  0 0 1,0 0 1,
  0 0 1,0 0 1,
  0 0 1,0 0 1,
  0 0 1,0 0 1,
  0 0 1,0 0 1,
  0 0 1,0 0 1,
  0 0 1,0 0 1,
  0 0 1,0 0 1,
  0 0 1,0 0 1,
  0 0 1,0 0 1,
  0 0 1,0 0 1,
  0 0 1,0 0 1,
  0 0 1,0 0 1,
  0 0 1,0 0 1,
  0 0 1,0 0 1,
  0 0 1,0 0 1,
  0 0 1,0 0 1,
  0 0 1,0 0 1,
  0 0 1,0 0 1,
  0 0 1,0 0 1,
  0 0 1,0 0 1,
  0 0 1,0 0 1,
  0 0 1,0 0 1,
  0 0 1,0 0 1,
  0 0 1,0 0 1,
  0 0 1,0 0 1,
  0 0 1,0 0 1,
  0 0 1,0 0 1,
  0 0 1,0 0 1,
  0 0 1,0 0 1,
  0 0 1,0 0 1,
  0 0 1,0 0 1,
  0 0 1,0 0 1,
  0 0 1,0 0 1,
  0 0 1,0 0 1,
  0 0 1,0 0 1,
  0 0 1,0 0 1,
  0 0 1,0 0 1,
  0 0 1,0 0 1,
  0 0 1,0 0 1,
  0 0 1,0 0 1,
  0 0 1,0 0 1,
  0 0 1,0 0 1,
  0 0 1,0 0 1,
  0 0 1,0 0 1,
  0 0 1,0 0 1,
  0 0 1,0 0 1,
  0 0 1,0 0 1,
  0 0 1,0 0 1,
  0 0 1,0 0 1,
  0 0 1,0 0 1,
  0 0 1,0 0 1,
  0 0 1,0 0 1,
  0 0 1,0 0 1,
  0 0 1,0 0 1,
  0 0 1,0 0 1,
  0 0 1,0 0 1,
  0 0 1,0 0 1,
  0 0 1,0 0 1,
  0 0 1,0 0 1,
  0 0 1,0 0 1,
  0 0 1,0 0 1,
  0 0 1,0 0 1,
  0 0 1,0 0 1,
  0 0 1,0 0 1,
  0 0 1,0 0 1,
  0 0 1,0 0 1,
  0 0 1,0 0 1,
  0 0 1,0 0 1,
  0 0 1,0 0 1,
  0 0 1,0 0 1,
  0 0 1,0 0 1,
  0 0 1,0 0 1,
  0 0 1,0 0 1,
  0 0 1,0 0 1,
  0 0 1,0 0 1,
  0 0 1,0 0 1,
  0 0 1,0 0 1,
  0 0 1,0 0 1,
  0 0 1,0 0 1,
  0 0 1,0 0 1,
  0 0 1,0 0 1,
  0 0 1,0 0 1,
  0 0 1,0 0 1,
  0 0 1,0 0 1,
  0 0 1,0 0 1,
  0 0 1,0 0 1,
  0 0 1,0 0 1,
  0 0 1,0 0 1,
  0 0 1,0 0 1,
  0 0 1,0 0 1,
  0 0 1,0 0 1,
  0 0 1,0 0 1,
  0 0 1,0 0 1,
  0 0 1,0 0 1,
  0 0 1,0 0 1,
  0 0 1,0 0 1,
  0 0 1,0 0 1,
  0 0 1,0 0 1,
  0 0 1,0 0 1,
  0 0 1,0 0 1,
  0 0 1,0 0 1,
  0 0 1,0 0 1,
  0 0 1,0 0 1,
  0 0 1,0 0 1,
  0 0 1,0 0 1,
  0 0 1,0 0 1,
  0 0 1,0 0 1,
  0 0 1,0 0 1,
  0 0 1,0 0 1,
  0 0 1,0 0 1,
  0 0 1,0 0 1,
  0 0 1,0 0 1,
  0 0 1,0 0 1,
  0 0 1,0 0 1,
  0 0 1,0 0 1,
  0 0 1,0 0 1,
  0 0 1,0 0 1,
  0 0 1,0 0 1,
  0 0 1,0 0 1,
  0 0 1,0 0 1,
  0 0 1,0 0 1,
  0 0 1,0 0 1,
  0 0 1,0 0 1,
  0 0 1,0 0 1,
  0 0 1,0 0 1,
  0 0 1,0 0 1,
  0 0 1,0 0 1,
  0 0 1,0 0 1,
  0 0 1,0 0 1,
  0 0 1,0 0 1,
  0 0 1,0 0 1,
  0 0 1,0 0 1,
  0 0 1,0 0 1,
  0 0 1,0 0 1,
  0 0 1,0 0 1,
  0 0 1,0 0 1,
  0 0 1,0 0 1,
  0 0 1,0 0 1,
  0 0 1,0 0 1,
  0 0 1,0 0 1,
  0 0 1,0 0 1,
  0 0 1,0 0 1,
  0 0 1,0 0 1,
  0 0 1,0 0 1,
  0 0 1,0 0 1,
  0 0 1,0 0 1,
  0 0 1,0 0 1,
  0 0 1,0 0 1,
  0 0 1,0 0 1,
  0 0 1,0 0 1,
  0 0 1,0 0 1,
  0 0 1,0 0 1,
  0 0 1,0 0 1,
  0 0 1,0 0 1,
  0 0 1,0 0 1,
  0 0 1,0 0 1,
  0 0 1,0 0 1,
  0 0 1,0 0 1,
  0 0 1,0 0 1,
  0 0 1,0 0 1,
  0 0 1,0 0 1,
  0 0 1,0 0 1,
  0 0 1,0 0 1,
  0 0 1,0 0 1,
  0 0 1,0 0 1,
  0 0 1,0 0 1,
  0 0 1,0 0 1,
  0 0 1,0 0 1,
  0 0 1,0 0 1,
  0 0 1,0 0 1,
  0 0 1,0 0 1,
  0 0 1,0 0 1,
  0 0 1,0 0 1,
  0 0 1,0 0 1,
  0 0 1,0 0 1,
  0 0 1,0 0 1,
  0 0 1,0 0 1,
  0 0 1,0 0 1,
  0 0 1,0 0 1,
  0 0 1,0 0 1,
  0 0 1,0 0 1,
  0 0 1,0 0 1,
  0 0 1,0 0 1,
  0 0 1,0 0 1,
  0 0 1,0 0 1,
  0 0 1,0 0 1,
  0 0 1,0 0 1,
  0 0 1,0 0 1,
  0 0 1,0 0 1,
  0 0 1,0 0 1,
  0 0 1,0 0 1,
  0 0 1,0 0 1,
  0 0 1,0 0 1,
  0 0 1,0 0 1,
  0 0 1,0 0 1,
  0 0 1,0 0 1,
  0 0 1,0 0 1,
  0 0 1,0 0 1,
  0 0 1,0 0 1,
  0 0 1,0 0 1,
  0 0 1,0 0 1,
  0 0 1,0 0 1,
  0 0 1,0 0 1,
  0 0 1,0 0 1,
  0 0 1,0 0 1,
  0 0 1,0 0 1,
  0 0 1,0 0 1,
  0 0 1,0 0 1,
  0 0 1,0 0 1,
  0 0 1,0 0 1,
  0 0 1,0 0 1,
  0 0 1,0 0 1,
  0 0 1,0 0 1,
  0 0 1,0 0 1,
  0 0 1,0 0 1,
  0 0 1,0 0 1,
  0 0 1,0 0 1,
  0 0 1,0 0 1,
  0 0 1,0 0 1,
  0 0 1,0 0 1,
  0 0 1,0 0 1,
  0 0 1,0 0 1,
  0 0 1,0 0 1,
  0 0 1,0 0 1,
  0 0 1,0 0 1,
  0 0 1,0 0 1,
  0 0 1,0 0 1,
  0 0 1,0 0 1,
  0 0 1,0 0 1,
  0 0 1,0 0 1,
  0 0 1,0 0 1,
  0 0 1,0 0 1,
  0 0 1,0 0 1,
  0 0 1,0 0 1,
  0 0 1,0 0 1,
  0 0 1,0 0 1,
  0 0 1,0 0 1,
  0 0 1,0 0 1,
  0 0 1,0 0 1,
  0 0 1,0 0 1,
  0 0 1,0 0 1,
  0 0 1,0 0 1,
  0 0 1,0 0 1,
  0 0 1,0 0 1,
  0 0 1,0 0 1,
  0 0 1,0 0 1,
  0 0 1,0 0 1,
  0 0 1,0 0 1,
  0 0 1,0 0 1,
  0 0 1,0 0 1,
  0 0 1,0 0 1,
  0 0 1,0 0 1,
  0 0 1,0 0 1,
  0 0 1,0 0 1,
  0 0 1,0 0 1,
  0 0 1,0 0 1,
  0 0 1,0 0 1,
  0 0 1,0 0 1,
  0 0 1,0 0 1,
  0 0 1,0 0 1,
  0 0 1,0 0 1,
  0 0 1,0 0 1,
  0 0 1,0 0 1,
  0 0 1,0 0 1,
  0 0 1,0 0 1,
  0 0 1,0 0 1,
  0 0 1,0 0 1,
  0 0 1,0 0 1,
  0 0 1,0 0 1,
  0 0 1,0 0 1,
  0 0 1,0 0 1,
  0 0 1,0 0 1,
  0 0 1,0 0 1,
  0 0 1,0 0 1,
  0 0 1,0 0 1,
  0 0 1,0 0 1,
  0 0 1,0 0 1,
  0 0 1,0 0 1,
  0 0 1,0 0 1,
  0 0 1,0 0 1,
  0 0 1,0 0 1,
  0 0 1,0 0 1,
  0 0 1,0 0 1,
  0 0 1,0 0 1,
  0 0 1,0 0 1,
  0 0 1,0 0 1,
  0 0 1,0 0 1,
  0 0 1,0 0 1,
  0 0 1,0 0 1,
  0 0 1,0 0 1,
  0 0 1,0 0 1,
  0 0 1,0 0 1,
  0 0 1,0 0 1,
  0 0 1,0 0 1,
  0 0 1,0 0 1,
  0 0 1,0 0 1,
  0 0 1,0 0 1,
  0 0 1,0 0 1,
  0 0 1,0 0 1,
  0 0 1,0 0 1,
  0 0 1,0 0 1,
  0 0 1,0 0 1,
  0 0 1,0 0 1,
  0 0 1,0 0 1,
  0 0 1,0 0 1,
  0 0 1,0 0 1,
  0 0 1,0 0 1,
  0 0 1,0 0 1,
  0 0 1,0 0 1,
  0 0 1,0 0 1,
  0 0 1,0 0 1,
  0 0 1,0 0 1,
  0 0 1,0 0 1,
  0 0 1,0 0 1,
  0 0 1,0 0 1,
  0 0 1,0 0 1,
  0 0 1,0 0 1,
  0 0 1,0 0 1] }
}
}
] }
DEF TXFM_5 Transform {
  center 0 0 0
  rotation 0 0 1 0
  scale 1 1 1
  scaleOrientation 0 0 1 0
  translation 0 0 0
 children [
DEF SHAPE_5 Shape {
 appearance DEF APP_4 Appearance {
  material Material {
   ambientIntensity 1
   diffuseColor 0.078431375 0.2 0.14117648
   emissiveColor 0 0 0
   shininess 0.30000001
   specularColor 0.35490197 0.44 0.39882353
   transparency 0.17
} }
 geometry DEF FACE_5 IndexedFaceSet {
  coord DEF COORD_5 Coordinate { point [
  20.950787 -35.177165 0.31988189,20.947699 -35.210102 0.31988189,
  20.930257 -35.259949 0.31988189,20.898897 -35.30244 0.31988189,
  20.856406 -35.3338 0.31988189,20.806559 -35.351242 0.31988189,
  20.773622 -35.354331 0.31988189,20.419291 -35.354331 0.31988189,
  20.386354 -35.351242 0.31988189,20.336507 -35.3338 0.31988189,
  20.294017 -35.30244 0.31988189,20.262657 -35.259949 0.31988189,
  20.245215 -35.210102 0.31988189,20.242126 -35.177165 0.31988189,
  20.242126 -34.665354 0.31988189,20.245215 -34.632417 0.31988189,
  20.262657 -34.58257 0.31988189,20.294017 -34.54008 0.31988189,
  20.336507 -34.50872 0.31988189,20.386354 -34.491278 0.31988189,
  20.419291 -34.488189 0.31988189,20.773622 -34.488189 0.31988189,
  20.806559 -34.491278 0.31988189,20.856406 -34.50872 0.31988189,
  20.898897 -34.54008 0.31988189,20.930257 -34.58257 0.31988189,
  20.947699 -34.632417 0.31988189,20.950787 -34.665354 0.31988189,
  20.950787 -45.295276 0.31988189,20.950787 -45.807087 0.31988189,
  20.947699 -45.840024 0.31988189,20.930257 -45.88987 0.31988189,
  20.898897 -45.932361 0.31988189,20.856406 -45.963721 0.31988189,
  20.806559 -45.981163 0.31988189,20.773622 -45.984252 0.31988189,
  20.419291 -45.984252 0.31988189,20.386354 -45.981163 0.31988189,
  20.336507 -45.963721 0.31988189,20.294017 -45.932361 0.31988189,
  20.262657 -45.88987 0.31988189,20.245215 -45.840024 0.31988189,
  20.242126 -45.807087 0.31988189,20.242126 -45.295276 0.31988189,
  20.245215 -45.262339 0.31988189,20.262657 -45.212492 0.31988189,
  20.294017 -45.170001 0.31988189,20.336507 -45.138641 0.31988189,
  20.386354 -45.121199 0.31988189,20.419291 -45.11811 0.31988189,
  20.773622 -45.11811 0.31988189,20.806559 -45.121199 0.31988189,
  20.856406 -45.138641 0.31988189,20.898897 -45.170001 0.31988189,
  20.930257 -45.212492 0.31988189,20.947699 -45.262339 0.31988189,
  22.773622 -45.11811 0.31988189,22.806559 -45.121199 0.31988189,
  22.856406 -45.138641 0.31988189,22.898897 -45.170001 0.31988189,
  22.930257 -45.212492 0.31988189,22.947699 -45.262339 0.31988189,
  22.950787 -45.295276 0.31988189,22.950787 -45.807087 0.31988189,
  22.947699 -45.840024 0.31988189,22.930257 -45.88987 0.31988189,
  22.898897 -45.932361 0.31988189,22.856406 -45.963721 0.31988189,
  22.806559 -45.981163 0.31988189,22.773622 -45.984252 0.31988189,
  22.419291 -45.984252 0.31988189,22.386354 -45.981163 0.31988189,
  22.336507 -45.963721 0.31988189,22.294017 -45.932361 0.31988189,
  22.262657 -45.88987 0.31988189,22.245215 -45.840024 0.31988189,
  22.242126 -45.807087 0.31988189,22.242126 -45.295276 0.31988189,
  22.245215 -45.262339 0.31988189,22.262657 -45.212492 0.31988189,
  22.294017 -45.170001 0.31988189,22.336507 -45.138641 0.31988189,
  22.386354 -45.121199 0.31988189,22.419291 -45.11811 0.31988189,
  22.419291 -35.354331 0.31988189,22.386354 -35.351242 0.31988189,
  22.336507 -35.3338 0.31988189,22.294017 -35.30244 0.31988189,
  22.262657 -35.259949 0.31988189,22.245215 -35.210102 0.31988189,
  22.242126 -35.177165 0.31988189,22.242126 -34.665354 0.31988189,
  22.245215 -34.632417 0.31988189,22.262657 -34.58257 0.31988189,
  22.294017 -34.54008 0.31988189,22.336507 -34.50872 0.31988189,
  22.386354 -34.491278 0.31988189,22.419291 -34.488189 0.31988189,
  22.773622 -34.488189 0.31988189,22.806559 -34.491278 0.31988189,
  22.856406 -34.50872 0.31988189,22.898897 -34.54008 0.31988189,
  22.930257 -34.58257 0.31988189,22.947699 -34.632417 0.31988189,
  22.950787 -34.665354 0.31988189,22.950787 -35.177165 0.31988189,
  22.947699 -35.210102 0.31988189,22.930257 -35.259949 0.31988189,
  22.898897 -35.30244 0.31988189,22.856406 -35.3338 0.31988189,
  22.806559 -35.351242 0.31988189,22.773622 -35.354331 0.31988189,
  22.557087 -40.255906 0.31988189,22.560648 -40.235707 0.31988189,
  22.570903 -40.217946 0.31988189,22.586614 -40.204762 0.31988189,
  22.605887 -40.197748 0.31988189,22.626397 -40.197748 0.31988189,
  22.645669 -40.204762 0.31988189,22.661381 -40.217946 0.31988189,
  22.671635 -40.235707 0.31988189,22.675197 -40.255906 0.31988189,
  22.671635 -40.276104 0.31988189,22.661381 -40.293865 0.31988189,
  22.645669 -40.307049 0.31988189,22.626397 -40.314063 0.31988189,
  22.605887 -40.314063 0.31988189,22.586614 -40.307049 0.31988189,
  22.570903 -40.293865 0.31988189,22.560648 -40.276104 0.31988189,
  29.427165 -45.11811 0.31988189,29.460102 -45.121199 0.31988189,
  29.509949 -45.138641 0.31988189,29.55244 -45.170001 0.31988189,
  29.5838 -45.212492 0.31988189,29.601242 -45.262339 0.31988189,
  29.604331 -45.295276 0.31988189,29.604331 -45.807087 0.31988189,
  29.601242 -45.840024 0.31988189,29.5838 -45.88987 0.31988189,
  29.55244 -45.932361 0.31988189,29.509949 -45.963721 0.31988189,
  29.460102 -45.981163 0.31988189,29.427165 -45.984252 0.31988189,
  29.072835 -45.984252 0.31988189,29.039898 -45.981163 0.31988189,
  28.990051 -45.963721 0.31988189,28.94756 -45.932361 0.31988189,
  28.9162 -45.88987 0.31988189,28.898758 -45.840024 0.31988189,
  28.895669 -45.807087 0.31988189,28.895669 -45.295276 0.31988189,
  28.898758 -45.262339 0.31988189,28.9162 -45.212492 0.31988189,
  28.94756 -45.170001 0.31988189,28.990051 -45.138641 0.31988189,
  29.039898 -45.121199 0.31988189,29.072835 -45.11811 0.31988189,
  29.072835 -35.354331 0.31988189,29.039898 -35.351242 0.31988189,
  28.990051 -35.3338 0.31988189,28.94756 -35.30244 0.31988189,
  28.9162 -35.259949 0.31988189,28.898758 -35.210102 0.31988189,
  28.895669 -35.177165 0.31988189,28.895669 -34.665354 0.31988189,
  28.898758 -34.632417 0.31988189,28.9162 -34.58257 0.31988189,
  28.94756 -34.54008 0.31988189,28.990051 -34.50872 0.31988189,
  29.039898 -34.491278 0.31988189,29.072835 -34.488189 0.31988189,
  29.427165 -34.488189 0.31988189,29.460102 -34.491278 0.31988189,
  29.509949 -34.50872 0.31988189,29.55244 -34.54008 0.31988189,
  29.5838 -34.58257 0.31988189,29.601242 -34.632417 0.31988189,
  29.604331 -34.665354 0.31988189,29.604331 -35.177165 0.31988189,
  29.601242 -35.210102 0.31988189,29.5838 -35.259949 0.31988189,
  29.55244 -35.30244 0.31988189,29.509949 -35.3338 0.31988189,
  29.460102 -35.351242 0.31988189,29.427165 -35.354331 0.31988189,
  29.190945 -40.314961 0.31988189,29.194506 -40.294763 0.31988189,
  29.204761 -40.277001 0.31988189,29.220472 -40.263817 0.31988189,
  29.239745 -40.256803 0.31988189,29.260255 -40.256803 0.31988189,
  29.279528 -40.263817 0.31988189,29.295239 -40.277001 0.31988189,
  29.305494 -40.294763 0.31988189,29.309055 -40.314961 0.31988189,
  29.305494 -40.335159 0.31988189,29.295239 -40.352921 0.31988189,
  29.279528 -40.366104 0.31988189,29.260255 -40.373119 0.31988189,
  29.239745 -40.373119 0.31988189,29.220472 -40.366104 0.31988189,
  29.204761 -40.352921 0.31988189,29.194506 -40.335159 0.31988189,
  21.773622 -45.11811 0.31988189,21.806559 -45.121199 0.31988189,
  21.856406 -45.138641 0.31988189,21.898897 -45.170001 0.31988189,
  21.930257 -45.212492 0.31988189,21.947699 -45.262339 0.31988189,
  21.950787 -45.295276 0.31988189,21.950787 -45.807087 0.31988189,
  21.947699 -45.840024 0.31988189,21.930257 -45.88987 0.31988189,
  21.898897 -45.932361 0.31988189,21.856406 -45.963721 0.31988189,
  21.806559 -45.981163 0.31988189,21.773622 -45.984252 0.31988189,
  21.419291 -45.984252 0.31988189,21.386354 -45.981163 0.31988189,
  21.336507 -45.963721 0.31988189,21.294017 -45.932361 0.31988189,
  21.262657 -45.88987 0.31988189,21.245215 -45.840024 0.31988189,
  21.242126 -45.807087 0.31988189,21.242126 -45.295276 0.31988189,
  21.245215 -45.262339 0.31988189,21.262657 -45.212492 0.31988189,
  21.294017 -45.170001 0.31988189,21.336507 -45.138641 0.31988189,
  21.386354 -45.121199 0.31988189,21.419291 -45.11811 0.31988189,
  21.419291 -35.354331 0.31988189,21.386354 -35.351242 0.31988189,
  21.336507 -35.3338 0.31988189,21.294017 -35.30244 0.31988189,
  21.262657 -35.259949 0.31988189,21.245215 -35.210102 0.31988189,
  21.242126 -35.177165 0.31988189,21.242126 -34.665354 0.31988189,
  21.245215 -34.632417 0.31988189,21.262657 -34.58257 0.31988189,
  21.294017 -34.54008 0.31988189,21.336507 -34.50872 0.31988189,
  21.386354 -34.491278 0.31988189,21.419291 -34.488189 0.31988189,
  21.773622 -34.488189 0.31988189,21.806559 -34.491278 0.31988189,
  21.856406 -34.50872 0.31988189,21.898897 -34.54008 0.31988189,
  21.930257 -34.58257 0.31988189,21.947699 -34.632417 0.31988189,
  21.950787 -34.665354 0.31988189,21.950787 -35.177165 0.31988189,
  21.947699 -35.210102 0.31988189,21.930257 -35.259949 0.31988189,
  21.898897 -35.30244 0.31988189,21.856406 -35.3338 0.31988189,
  21.806559 -35.351242 0.31988189,21.773622 -35.354331 0.31988189,
  21.474409 -43.976378 0.31988189,21.477971 -43.95618 0.31988189,
  21.488226 -43.938418 0.31988189,21.503937 -43.925235 0.31988189,
  21.52321 -43.91822 0.31988189,21.543719 -43.91822 0.31988189,
  21.562992 -43.925235 0.31988189,21.578703 -43.938418 0.31988189,
  21.588958 -43.95618 0.31988189,21.59252 -43.976378 0.31988189,
  21.588958 -43.996576 0.31988189,21.578703 -44.014338 0.31988189,
  21.562992 -44.027521 0.31988189,21.543719 -44.034536 0.31988189,
  21.52321 -44.034536 0.31988189,21.503937 -44.027521 0.31988189,
  21.488226 -44.014338 0.31988189,21.477971 -43.996576 0.31988189,
  27.604331 -34.665354 0.31988189,27.604331 -35.177165 0.31988189,
  27.601242 -35.210102 0.31988189,27.5838 -35.259949 0.31988189,
  27.55244 -35.30244 0.31988189,27.509949 -35.3338 0.31988189,
  27.460102 -35.351242 0.31988189,27.427165 -35.354331 0.31988189,
  27.072835 -35.354331 0.31988189,27.039898 -35.351242 0.31988189,
  26.990051 -35.3338 0.31988189,26.94756 -35.30244 0.31988189,
  26.9162 -35.259949 0.31988189,26.898758 -35.210102 0.31988189,
  26.895669 -35.177165 0.31988189,26.895669 -34.665354 0.31988189,
  26.898758 -34.632417 0.31988189,26.9162 -34.58257 0.31988189,
  26.94756 -34.54008 0.31988189,26.990051 -34.50872 0.31988189,
  27.039898 -34.491278 0.31988189,27.072835 -34.488189 0.31988189,
  27.427165 -34.488189 0.31988189,27.460102 -34.491278 0.31988189,
  27.509949 -34.50872 0.31988189,27.55244 -34.54008 0.31988189,
  27.5838 -34.58257 0.31988189,27.601242 -34.632417 0.31988189,
  26.895669 -45.295276 0.31988189,26.898758 -45.262339 0.31988189,
  26.9162 -45.212492 0.31988189,26.94756 -45.170001 0.31988189,
  26.990051 -45.138641 0.31988189,27.039898 -45.121199 0.31988189,
  27.072835 -45.11811 0.31988189,27.427165 -45.11811 0.31988189,
  27.460102 -45.121199 0.31988189,27.509949 -45.138641 0.31988189,
  27.55244 -45.170001 0.31988189,27.5838 -45.212492 0.31988189,
  27.601242 -45.262339 0.31988189,27.604331 -45.295276 0.31988189,
  27.604331 -45.807087 0.31988189,27.601242 -45.840024 0.31988189,
  27.5838 -45.88987 0.31988189,27.55244 -45.932361 0.31988189,
  27.509949 -45.963721 0.31988189,27.460102 -45.981163 0.31988189,
  27.427165 -45.984252 0.31988189,27.072835 -45.984252 0.31988189,
  27.039898 -45.981163 0.31988189,26.990051 -45.963721 0.31988189,
  26.94756 -45.932361 0.31988189,26.9162 -45.88987 0.31988189,
  26.898758 -45.840024 0.31988189,26.895669 -45.807087 0.31988189,
  20.145212 -34.218495 0.31988189,20.020096 -34.262275 0.31988189,
  19.900669 -34.319788 0.31988189,19.788432 -34.390311 0.31988189,
  19.684797 -34.472957 0.31988189,19.591067 -34.566687 0.31988189,
  19.512383 -34.665354 0.31988189,19.508421 -34.670322 0.31988189,
  19.437898 -34.782559 0.31988189,19.380385 -34.901986 0.31988189,
  19.336605 -35.027102 0.31988189,19.307109 -35.156333 0.31988189,
  19.292268 -35.288054 0.31988189,19.291339 -35.354331 0.31988189,
  19.291339 -45.11811 0.31988189,19.292268 -45.184387 0.31988189,
  19.304762 -45.295276 0.31988189,19.307109 -45.316108 0.31988189,
  19.336605 -45.445339 0.31988189,19.380385 -45.570455 0.31988189,
  19.437898 -45.689882 0.31988189,19.508421 -45.802119 0.31988189,
  19.591067 -45.905754 0.31988189,19.684797 -45.999484 0.31988189,
  19.788432 -46.08213 0.31988189,19.900669 -46.152653 0.31988189,
  20.020096 -46.210166 0.31988189,20.145212 -46.253946 0.31988189,
  20.274443 -46.283442 0.31988189,20.406164 -46.298283 0.31988189,
  20.472441 -46.299213 0.31988189,25.23622 -46.299213 0.31988189,
  25.276065 -46.254223 0.31988189,25.365636 -46.1741 0.31988189,
  25.465 -46.1065 0.31988189,25.572417 -46.052608 0.31988189,
  25.686007 -46.013367 0.31988189,25.803784 -45.989463 0.31988189,
  25.923686 -45.981314 0.31988189,26.043614 -45.989064 0.31988189,
  26.161469 -46.012576 0.31988189,26.27519 -46.051439 0.31988189,
  26.382786 -46.104974 0.31988189,26.482374 -46.172242 0.31988189,
  26.572211 -46.252067 0.31988189,26.612205 -46.296924 0.31988189,
  31.375984 -46.299213 0.31988189,31.442335 -46.298424 0.31988189,
  31.574222 -46.283771 0.31988189,31.703636 -46.254428 0.31988189,
  31.828945 -46.210764 0.31988189,31.948571 -46.15333 0.31988189,
  32.061006 -46.082851 0.31988189,32.164833 -46.000213 0.31988189,
  32.258743 -45.906459 0.31988189,32.341554 -45.80277 0.31988189,
  32.41222 -45.690454 0.31988189,32.469853 -45.570923 0.31988189,
  32.513726 -45.445687 0.31988189,32.543285 -45.316322 0.31988189,
  32.558158 -45.184459 0.31988189,32.559055 -45.11811 0.31988189,
  32.559055 -35.354331 0.31988189,32.558126 -35.288054 0.31988189,
  32.543285 -35.156333 0.31988189,32.513789 -35.027102 0.31988189,
  32.470009 -34.901986 0.31988189,32.412496 -34.782559 0.31988189,
  32.341972 -34.670322 0.31988189,32.259326 -34.566687 0.31988189,
  32.165596 -34.472957 0.31988189,32.061961 -34.390311 0.31988189,
  31.949724 -34.319788 0.31988189,31.830297 -34.262275 0.31988189,
  31.705181 -34.218495 0.31988189,31.575951 -34.188999 0.31988189,
  31.44423 -34.174157 0.31988189,31.377953 -34.173228 0.31988189,
  26.612205 -34.173228 0.31988189,26.57236 -34.218217 0.31988189,
  26.482789 -34.298341 0.31988189,26.383426 -34.365941 0.31988189,
  26.276009 -34.419832 0.31988189,26.162418 -34.459074 0.31988189,
  26.044641 -34.482978 0.31988189,25.924739 -34.491127 0.31988189,
  25.804811 -34.483377 0.31988189,25.686956 -34.459865 0.31988189,
  25.573235 -34.421002 0.31988189,25.465639 -34.367467 0.31988189,
  25.366052 -34.300199 0.31988189,25.276215 -34.220373 0.31988189,
  25.23622 -34.175517 0.31988189,20.472441 -34.173228 0.31988189,
  20.406164 -34.174157 0.31988189,20.274443 -34.188999 0.31988189,
  23.773622 -45.11811 0.31988189,23.806559 -45.121199 0.31988189,
  23.856406 -45.138641 0.31988189,23.898897 -45.170001 0.31988189,
  23.930257 -45.212492 0.31988189,23.947699 -45.262339 0.31988189,
  23.950787 -45.295276 0.31988189,23.950787 -45.807087 0.31988189,
  23.947699 -45.840024 0.31988189,23.930257 -45.88987 0.31988189,
  23.898897 -45.932361 0.31988189,23.856406 -45.963721 0.31988189,
  23.806559 -45.981163 0.31988189,23.773622 -45.984252 0.31988189,
  23.419291 -45.984252 0.31988189,23.386354 -45.981163 0.31988189,
  23.336507 -45.963721 0.31988189,23.294017 -45.932361 0.31988189,
  23.262657 -45.88987 0.31988189,23.245215 -45.840024 0.31988189,
  23.242126 -45.807087 0.31988189,23.242126 -45.295276 0.31988189,
  23.245215 -45.262339 0.31988189,23.262657 -45.212492 0.31988189,
  23.294017 -45.170001 0.31988189,23.336507 -45.138641 0.31988189,
  23.386354 -45.121199 0.31988189,23.419291 -45.11811 0.31988189,
  23.419291 -35.354331 0.31988189,23.386354 -35.351242 0.31988189,
  23.336507 -35.3338 0.31988189,23.294017 -35.30244 0.31988189,
  23.262657 -35.259949 0.31988189,23.245215 -35.210102 0.31988189,
  23.242126 -35.177165 0.31988189,23.242126 -34.665354 0.31988189,
  23.245215 -34.632417 0.31988189,23.262657 -34.58257 0.31988189,
  23.294017 -34.54008 0.31988189,23.336507 -34.50872 0.31988189,
  23.386354 -34.491278 0.31988189,23.419291 -34.488189 0.31988189,
  23.773622 -34.488189 0.31988189,23.806559 -34.491278 0.31988189,
  23.856406 -34.50872 0.31988189,23.898897 -34.54008 0.31988189,
  23.930257 -34.58257 0.31988189,23.947699 -34.632417 0.31988189,
  23.950787 -34.665354 0.31988189,23.950787 -35.177165 0.31988189,
  23.947699 -35.210102 0.31988189,23.930257 -35.259949 0.31988189,
  23.898897 -35.30244 0.31988189,23.856406 -35.3338 0.31988189,
  23.806559 -35.351242 0.31988189,23.773622 -35.354331 0.31988189,
  23.482283 -36.259843 0.31988189,23.485845 -36.239644 0.31988189,
  23.4961 -36.221883 0.31988189,23.511811 -36.208699 0.31988189,
  23.531084 -36.201685 0.31988189,23.551593 -36.201685 0.31988189,
  23.570866 -36.208699 0.31988189,23.586577 -36.221883 0.31988189,
  23.596832 -36.239644 0.31988189,23.600394 -36.259843 0.31988189,
  23.596832 -36.280041 0.31988189,23.586577 -36.297802 0.31988189,
  23.570866 -36.310986 0.31988189,23.551593 -36.318 0.31988189,
  23.531084 -36.318 0.31988189,23.511811 -36.310986 0.31988189,
  23.4961 -36.297802 0.31988189,23.485845 -36.280041 0.31988189,
  24.242126 -35.177165 0.31988189,24.242126 -34.665354 0.31988189,
  24.245215 -34.632417 0.31988189,24.262657 -34.58257 0.31988189,
  24.294017 -34.54008 0.31988189,24.336507 -34.50872 0.31988189,
  24.386354 -34.491278 0.31988189,24.419291 -34.488189 0.31988189,
  24.773622 -34.488189 0.31988189,24.806559 -34.491278 0.31988189,
  24.856406 -34.50872 0.31988189,24.898897 -34.54008 0.31988189,
  24.930257 -34.58257 0.31988189,24.947699 -34.632417 0.31988189,
  24.950787 -34.665354 0.31988189,24.950787 -35.177165 0.31988189,
  24.947699 -35.210102 0.31988189,24.930257 -35.259949 0.31988189,
  24.898897 -35.30244 0.31988189,24.856406 -35.3338 0.31988189,
  24.806559 -35.351242 0.31988189,24.773622 -35.354331 0.31988189,
  24.419291 -35.354331 0.31988189,24.386354 -35.351242 0.31988189,
  24.336507 -35.3338 0.31988189,24.294017 -35.30244 0.31988189,
  24.262657 -35.259949 0.31988189,24.245215 -35.210102 0.31988189,
  24.242126 -45.295276 0.31988189,24.245215 -45.262339 0.31988189,
  24.262657 -45.212492 0.31988189,24.294017 -45.170001 0.31988189,
  24.336507 -45.138641 0.31988189,24.386354 -45.121199 0.31988189,
  24.419291 -45.11811 0.31988189,24.773622 -45.11811 0.31988189,
  24.806559 -45.121199 0.31988189,24.856406 -45.138641 0.31988189,
  24.898897 -45.170001 0.31988189,24.930257 -45.212492 0.31988189,
  24.947699 -45.262339 0.31988189,24.950787 -45.295276 0.31988189,
  24.950787 -45.807087 0.31988189,24.947699 -45.840024 0.31988189,
  24.930257 -45.88987 0.31988189,24.898897 -45.932361 0.31988189,
  24.856406 -45.963721 0.31988189,24.806559 -45.981163 0.31988189,
  24.773622 -45.984252 0.31988189,24.419291 -45.984252 0.31988189,
  24.386354 -45.981163 0.31988189,24.336507 -45.963721 0.31988189,
  24.294017 -45.932361 0.31988189,24.262657 -45.88987 0.31988189,
  24.245215 -45.840024 0.31988189,24.242126 -45.807087 0.31988189,
  30.427165 -45.11811 0.31988189,30.460102 -45.121199 0.31988189,
  30.509949 -45.138641 0.31988189,30.55244 -45.170001 0.31988189,
  30.5838 -45.212492 0.31988189,30.601242 -45.262339 0.31988189,
  30.604331 -45.295276 0.31988189,30.604331 -45.807087 0.31988189,
  30.601242 -45.840024 0.31988189,30.5838 -45.88987 0.31988189,
  30.55244 -45.932361 0.31988189,30.509949 -45.963721 0.31988189,
  30.460102 -45.981163 0.31988189,30.427165 -45.984252 0.31988189,
  30.072835 -45.984252 0.31988189,30.039898 -45.981163 0.31988189,
  29.990051 -45.963721 0.31988189,29.94756 -45.932361 0.31988189,
  29.9162 -45.88987 0.31988189,29.898758 -45.840024 0.31988189,
  29.895669 -45.807087 0.31988189,29.895669 -45.295276 0.31988189,
  29.898758 -45.262339 0.31988189,29.9162 -45.212492 0.31988189,
  29.94756 -45.170001 0.31988189,29.990051 -45.138641 0.31988189,
  30.039898 -45.121199 0.31988189,30.072835 -45.11811 0.31988189,
  30.072835 -35.354331 0.31988189,30.039898 -35.351242 0.31988189,
  29.990051 -35.3338 0.31988189,29.94756 -35.30244 0.31988189,
  29.9162 -35.259949 0.31988189,29.898758 -35.210102 0.31988189,
  29.895669 -35.177165 0.31988189,29.895669 -34.665354 0.31988189,
  29.898758 -34.632417 0.31988189,29.9162 -34.58257 0.31988189,
  29.94756 -34.54008 0.31988189,29.990051 -34.50872 0.31988189,
  30.039898 -34.491278 0.31988189,30.072835 -34.488189 0.31988189,
  30.427165 -34.488189 0.31988189,30.460102 -34.491278 0.31988189,
  30.509949 -34.50872 0.31988189,30.55244 -34.54008 0.31988189,
  30.5838 -34.58257 0.31988189,30.601242 -34.632417 0.31988189,
  30.604331 -34.665354 0.31988189,30.604331 -35.177165 0.31988189,
  30.601242 -35.210102 0.31988189,30.5838 -35.259949 0.31988189,
  30.55244 -35.30244 0.31988189,30.509949 -35.3338 0.31988189,
  30.460102 -35.351242 0.31988189,30.427165 -35.354331 0.31988189,
  30.135827 -36.338583 0.31988189,30.139388 -36.318385 0.31988189,
  30.149643 -36.300623 0.31988189,30.165354 -36.287439 0.31988189,
  30.184627 -36.280425 0.31988189,30.205137 -36.280425 0.31988189,
  30.224409 -36.287439 0.31988189,30.240121 -36.300623 0.31988189,
  30.250376 -36.318385 0.31988189,30.253937 -36.338583 0.31988189,
  30.250376 -36.358781 0.31988189,30.240121 -36.376543 0.31988189,
  30.224409 -36.389726 0.31988189,30.205137 -36.396741 0.31988189,
  30.184627 -36.396741 0.31988189,30.165354 -36.389726 0.31988189,
  30.149643 -36.376543 0.31988189,30.139388 -36.358781 0.31988189,
  30.895669 -35.177165 0.31988189,30.895669 -34.665354 0.31988189,
  30.898758 -34.632417 0.31988189,30.9162 -34.58257 0.31988189,
  30.94756 -34.54008 0.31988189,30.990051 -34.50872 0.31988189,
  31.039898 -34.491278 0.31988189,31.072835 -34.488189 0.31988189,
  31.427165 -34.488189 0.31988189,31.460102 -34.491278 0.31988189,
  31.509949 -34.50872 0.31988189,31.55244 -34.54008 0.31988189,
  31.5838 -34.58257 0.31988189,31.601242 -34.632417 0.31988189,
  31.604331 -34.665354 0.31988189,31.604331 -35.177165 0.31988189,
  31.601242 -35.210102 0.31988189,31.5838 -35.259949 0.31988189,
  31.55244 -35.30244 0.31988189,31.509949 -35.3338 0.31988189,
  31.460102 -35.351242 0.31988189,31.427165 -35.354331 0.31988189,
  31.072835 -35.354331 0.31988189,31.039898 -35.351242 0.31988189,
  30.990051 -35.3338 0.31988189,30.94756 -35.30244 0.31988189,
  30.9162 -35.259949 0.31988189,30.898758 -35.210102 0.31988189,
  30.895669 -45.295276 0.31988189,30.898758 -45.262339 0.31988189,
  30.9162 -45.212492 0.31988189,30.94756 -45.170001 0.31988189,
  30.990051 -45.138641 0.31988189,31.039898 -45.121199 0.31988189,
  31.072835 -45.11811 0.31988189,31.427165 -45.11811 0.31988189,
  31.460102 -45.121199 0.31988189,31.509949 -45.138641 0.31988189,
  31.55244 -45.170001 0.31988189,31.5838 -45.212492 0.31988189,
  31.601242 -45.262339 0.31988189,31.604331 -45.295276 0.31988189,
  31.604331 -45.807087 0.31988189,31.601242 -45.840024 0.31988189,
  31.5838 -45.88987 0.31988189,31.55244 -45.932361 0.31988189,
  31.509949 -45.963721 0.31988189,31.460102 -45.981163 0.31988189,
  31.427165 -45.984252 0.31988189,31.072835 -45.984252 0.31988189,
  31.039898 -45.981163 0.31988189,30.990051 -45.963721 0.31988189,
  30.94756 -45.932361 0.31988189,30.9162 -45.88987 0.31988189,
  30.898758 -45.840024 0.31988189,30.895669 -45.807087 0.31988189,
  28.427165 -45.11811 0.31988189,28.460102 -45.121199 0.31988189,
  28.509949 -45.138641 0.31988189,28.55244 -45.170001 0.31988189,
  28.5838 -45.212492 0.31988189,28.601242 -45.262339 0.31988189,
  28.604331 -45.295276 0.31988189,28.604331 -45.807087 0.31988189,
  28.601242 -45.840024 0.31988189,28.5838 -45.88987 0.31988189,
  28.55244 -45.932361 0.31988189,28.509949 -45.963721 0.31988189,
  28.460102 -45.981163 0.31988189,28.427165 -45.984252 0.31988189,
  28.072835 -45.984252 0.31988189,28.039898 -45.981163 0.31988189,
  27.990051 -45.963721 0.31988189,27.94756 -45.932361 0.31988189,
  27.9162 -45.88987 0.31988189,27.898758 -45.840024 0.31988189,
  27.895669 -45.807087 0.31988189,27.895669 -45.295276 0.31988189,
  27.898758 -45.262339 0.31988189,27.9162 -45.212492 0.31988189,
  27.94756 -45.170001 0.31988189,27.990051 -45.138641 0.31988189,
  28.039898 -45.121199 0.31988189,28.072835 -45.11811 0.31988189,
  28.072835 -35.354331 0.31988189,28.039898 -35.351242 0.31988189,
  27.990051 -35.3338 0.31988189,27.94756 -35.30244 0.31988189,
  27.9162 -35.259949 0.31988189,27.898758 -35.210102 0.31988189,
  27.895669 -35.177165 0.31988189,27.895669 -34.665354 0.31988189,
  27.898758 -34.632417 0.31988189,27.9162 -34.58257 0.31988189,
  27.94756 -34.54008 0.31988189,27.990051 -34.50872 0.31988189,
  28.039898 -34.491278 0.31988189,28.072835 -34.488189 0.31988189,
  28.427165 -34.488189 0.31988189,28.460102 -34.491278 0.31988189,
  28.509949 -34.50872 0.31988189,28.55244 -34.54008 0.31988189,
  28.5838 -34.58257 0.31988189,28.601242 -34.632417 0.31988189,
  28.604331 -34.665354 0.31988189,28.604331 -35.177165 0.31988189,
  28.601242 -35.210102 0.31988189,28.5838 -35.259949 0.31988189,
  28.55244 -35.30244 0.31988189,28.509949 -35.3338 0.31988189,
  28.460102 -35.351242 0.31988189,28.427165 -35.354331 0.31988189,
  28.127953 -44.015748 0.31988189,28.131514 -43.99555 0.31988189,
  28.141769 -43.977788 0.31988189,28.15748 -43.964605 0.31988189,
  28.176753 -43.95759 0.31988189,28.197263 -43.95759 0.31988189,
  28.216535 -43.964605 0.31988189,28.232247 -43.977788 0.31988189,
  28.242502 -43.99555 0.31988189,28.246063 -44.015748 0.31988189,
  28.242502 -44.035946 0.31988189,28.232247 -44.053708 0.31988189,
  28.216535 -44.066891 0.31988189,28.197263 -44.073906 0.31988189,
  28.176753 -44.073906 0.31988189,28.15748 -44.066891 0.31988189,
  28.141769 -44.053708 0.31988189,28.131514 -44.035946 0.31988189] }
 coordIndex [
  340,356,339,-1,339,356,357,-1,339,357,338,-1,338,357,358,-1,338,358,337,-1,337,358,359,-1,337,359,336,-1,336,359,360,-1,
  336,360,335,-1,335,360,361,-1,335,361,334,-1,334,361,42,-1,334,42,14,-1,14,42,43,-1,14,43,13,-1,13,43,44,-1,
  13,44,12,-1,12,44,45,-1,12,45,11,-1,11,45,46,-1,11,46,10,-1,10,46,47,-1,10,47,9,-1,9,47,48,-1,
  9,48,8,-1,8,48,49,-1,8,49,7,-1,7,49,50,-1,7,50,6,-1,6,50,51,-1,6,51,5,-1,5,51,52,-1,
  5,52,4,-1,4,52,53,-1,4,53,3,-1,3,53,54,-1,3,54,2,-1,2,54,55,-1,2,55,1,-1,1,55,28,-1,
  1,28,0,-1,0,28,224,-1,0,224,27,-1,27,224,239,-1,27,239,240,-1,121,56,111,-1,111,56,57,-1,111,57,110,-1,
  110,57,58,-1,110,58,109,-1,109,58,59,-1,109,59,108,-1,108,59,60,-1,108,60,107,-1,107,60,61,-1,107,61,106,-1,
  106,61,62,-1,106,62,105,-1,105,62,450,-1,105,450,104,-1,104,450,465,-1,104,465,466,-1,111,84,112,-1,111,112,113,-1,
  111,113,114,-1,111,114,115,-1,111,115,116,-1,111,116,117,-1,111,117,118,-1,111,118,119,-1,111,119,120,-1,111,120,121,-1,
  56,121,122,-1,56,122,123,-1,56,123,124,-1,56,124,125,-1,56,125,126,-1,56,126,127,-1,56,127,128,-1,56,128,129,-1,
  56,129,112,-1,56,112,83,-1,112,84,83,-1,83,84,85,-1,83,85,82,-1,82,85,86,-1,82,86,81,-1,81,86,87,-1,
  81,87,80,-1,80,87,88,-1,80,88,79,-1,79,88,89,-1,79,89,78,-1,78,89,90,-1,78,90,77,-1,77,90,91,-1,
  77,91,76,-1,76,91,252,-1,76,252,253,-1,195,130,185,-1,185,130,131,-1,185,131,184,-1,184,131,132,-1,184,132,183,-1,
  183,132,133,-1,183,133,182,-1,182,133,134,-1,182,134,181,-1,181,134,135,-1,181,135,180,-1,180,135,136,-1,180,136,179,-1,
  179,136,580,-1,179,580,178,-1,178,580,595,-1,178,595,596,-1,185,158,186,-1,185,186,187,-1,185,187,188,-1,185,188,189,-1,
  185,189,190,-1,185,190,191,-1,185,191,192,-1,185,192,193,-1,185,193,194,-1,185,194,195,-1,130,195,196,-1,130,196,197,-1,
  130,197,198,-1,130,198,199,-1,130,199,200,-1,130,200,201,-1,130,201,202,-1,130,202,203,-1,130,203,186,-1,130,186,157,-1,
  186,158,157,-1,157,158,159,-1,157,159,156,-1,156,159,160,-1,156,160,155,-1,155,160,161,-1,155,161,154,-1,154,161,162,-1,
  154,162,153,-1,153,162,163,-1,153,163,152,-1,152,163,164,-1,152,164,151,-1,151,164,165,-1,151,165,150,-1,150,165,738,-1,
  150,738,739,-1,76,253,210,-1,210,253,254,-1,210,254,209,-1,209,254,255,-1,209,255,208,-1,208,255,256,-1,208,256,207,-1,
  207,256,257,-1,207,257,206,-1,206,257,258,-1,206,258,205,-1,205,258,259,-1,205,259,204,-1,204,259,269,-1,204,269,270,-1,
  259,232,260,-1,259,260,261,-1,259,261,262,-1,259,262,263,-1,259,263,264,-1,259,264,265,-1,259,265,266,-1,259,266,267,-1,
  259,267,268,-1,259,268,269,-1,204,270,271,-1,204,271,272,-1,204,272,273,-1,204,273,274,-1,204,274,275,-1,204,275,276,-1,
  204,276,277,-1,204,277,231,-1,231,277,260,-1,231,260,232,-1,231,232,233,-1,231,233,230,-1,239,225,238,-1,238,225,226,-1,
  238,226,237,-1,237,226,227,-1,237,227,236,-1,236,227,228,-1,236,228,235,-1,235,228,229,-1,235,229,234,-1,234,229,230,-1,
  234,230,233,-1,518,365,426,-1,426,365,366,-1,426,366,425,-1,425,366,367,-1,425,367,424,-1,424,367,368,-1,424,368,423,-1,
  423,368,369,-1,423,369,422,-1,422,369,370,-1,422,370,421,-1,421,370,371,-1,421,371,420,-1,420,371,372,-1,420,372,419,-1,
  419,372,373,-1,419,373,418,-1,418,373,374,-1,418,374,417,-1,417,374,375,-1,417,375,416,-1,416,375,376,-1,416,376,415,-1,
  415,376,377,-1,415,377,414,-1,414,377,378,-1,414,378,413,-1,413,378,379,-1,413,379,412,-1,412,379,333,-1,412,333,293,-1,
  293,333,306,-1,293,306,292,-1,292,306,307,-1,292,307,291,-1,291,307,308,-1,291,308,290,-1,290,308,309,-1,290,309,289,-1,
  289,309,310,-1,289,310,288,-1,288,310,311,-1,288,311,287,-1,287,311,312,-1,287,312,286,-1,286,312,313,-1,286,313,285,-1,
  285,313,314,-1,285,314,284,-1,284,314,315,-1,284,315,283,-1,283,315,316,-1,283,316,282,-1,282,316,317,-1,282,317,281,-1,
  281,317,318,-1,281,318,280,-1,280,318,319,-1,280,319,279,-1,279,319,710,-1,279,710,278,-1,278,710,725,-1,278,725,726,-1,
  495,430,485,-1,485,430,431,-1,485,431,484,-1,484,431,432,-1,484,432,483,-1,483,432,433,-1,483,433,482,-1,482,433,434,-1,
  482,434,481,-1,481,434,435,-1,481,435,480,-1,480,435,436,-1,480,436,479,-1,479,436,559,-1,479,559,478,-1,478,559,505,-1,
  478,505,506,-1,485,458,487,-1,485,487,488,-1,485,488,489,-1,485,489,490,-1,485,490,491,-1,485,491,492,-1,485,492,493,-1,
  485,493,494,-1,485,494,495,-1,458,459,457,-1,458,457,430,-1,458,430,486,-1,458,486,487,-1,505,532,504,-1,504,532,533,-1,
  504,533,531,-1,531,533,534,-1,531,534,530,-1,530,534,535,-1,530,535,529,-1,529,535,536,-1,529,536,528,-1,528,536,537,-1,
  528,537,527,-1,527,537,538,-1,527,538,526,-1,526,538,539,-1,526,539,525,-1,525,539,540,-1,525,540,524,-1,524,540,541,-1,
  524,541,523,-1,523,541,542,-1,523,542,522,-1,522,542,543,-1,522,543,521,-1,521,543,544,-1,521,544,520,-1,520,544,545,-1,
  520,545,519,-1,519,545,365,-1,519,365,518,-1,365,545,546,-1,365,546,547,-1,365,547,548,-1,365,548,549,-1,365,549,550,-1,
  365,550,551,-1,365,551,552,-1,365,552,553,-1,365,553,554,-1,365,554,555,-1,365,555,438,-1,365,438,439,-1,365,439,440,-1,
  365,440,441,-1,365,441,442,-1,365,442,443,-1,365,443,444,-1,365,444,445,-1,365,445,66,-1,365,66,67,-1,365,67,68,-1,
  365,68,69,-1,365,69,70,-1,365,70,71,-1,365,71,214,-1,365,214,215,-1,365,215,216,-1,365,216,217,-1,365,217,218,-1,
  365,218,33,-1,365,33,34,-1,365,34,35,-1,365,35,364,-1,555,556,437,-1,437,556,557,-1,437,557,436,-1,436,557,558,-1,
  436,558,559,-1,446,447,63,-1,63,447,448,-1,63,448,62,-1,62,448,449,-1,62,449,450,-1,64,65,445,-1,64,445,446,-1,
  64,446,63,-1,72,73,211,-1,211,73,74,-1,211,74,210,-1,210,74,75,-1,210,75,76,-1,212,213,71,-1,212,71,72,-1,
  212,72,211,-1,220,221,29,-1,29,221,222,-1,29,222,28,-1,28,222,223,-1,28,223,224,-1,30,31,219,-1,30,219,220,-1,
  30,220,29,-1,219,31,32,-1,219,32,33,-1,219,33,218,-1,36,37,363,-1,36,363,364,-1,36,364,35,-1,37,38,363,-1,
  363,38,39,-1,363,39,362,-1,362,39,40,-1,362,40,41,-1,42,361,362,-1,42,362,41,-1,350,351,345,-1,345,351,352,-1,
  345,352,344,-1,344,352,353,-1,344,353,343,-1,343,353,354,-1,343,354,342,-1,342,354,355,-1,342,355,341,-1,341,355,356,-1,
  341,356,340,-1,346,347,349,-1,346,349,350,-1,346,350,345,-1,430,495,496,-1,430,496,497,-1,430,497,498,-1,430,498,499,-1,
  430,499,500,-1,430,500,501,-1,430,501,502,-1,430,502,503,-1,430,503,486,-1,457,459,456,-1,456,459,460,-1,456,460,455,-1,
  455,460,461,-1,455,461,454,-1,454,461,462,-1,454,462,453,-1,453,462,463,-1,453,463,452,-1,452,463,464,-1,452,464,451,-1,
  451,464,465,-1,451,465,450,-1,625,560,615,-1,615,560,561,-1,615,561,614,-1,614,561,562,-1,614,562,613,-1,613,562,563,-1,
  613,563,612,-1,612,563,564,-1,612,564,611,-1,611,564,565,-1,611,565,610,-1,610,565,566,-1,610,566,609,-1,609,566,689,-1,
  609,689,608,-1,608,689,635,-1,608,635,636,-1,615,588,617,-1,615,617,618,-1,615,618,619,-1,615,619,620,-1,615,620,621,-1,
  615,621,622,-1,615,622,623,-1,615,623,624,-1,615,624,625,-1,588,589,587,-1,588,587,560,-1,588,560,616,-1,588,616,617,-1,
  646,647,408,-1,408,647,648,-1,408,648,383,-1,383,648,649,-1,383,649,675,-1,675,649,650,-1,675,650,674,-1,674,650,651,-1,
  674,651,673,-1,673,651,652,-1,673,652,672,-1,672,652,653,-1,672,653,671,-1,671,653,654,-1,671,654,670,-1,670,654,655,-1,
  670,655,669,-1,669,655,656,-1,669,656,668,-1,668,656,657,-1,668,657,667,-1,667,657,658,-1,667,658,666,-1,666,658,659,-1,
  666,659,665,-1,665,659,660,-1,665,660,664,-1,664,660,661,-1,664,661,663,-1,663,661,634,-1,663,634,662,-1,662,634,635,-1,
  662,635,689,-1,394,395,396,-1,394,396,397,-1,394,397,398,-1,394,398,393,-1,408,384,407,-1,407,384,385,-1,407,385,406,-1,
  406,385,386,-1,406,386,405,-1,405,386,387,-1,405,387,404,-1,404,387,388,-1,404,388,403,-1,403,388,389,-1,403,389,402,-1,
  402,389,390,-1,402,390,401,-1,401,390,391,-1,401,391,400,-1,400,391,392,-1,400,392,399,-1,399,392,393,-1,399,393,398,-1,
  409,410,643,-1,409,643,644,-1,409,644,645,-1,409,645,646,-1,409,646,408,-1,640,641,411,-1,411,641,642,-1,411,642,410,-1,
  410,642,643,-1,411,412,299,-1,411,299,300,-1,411,300,301,-1,411,301,302,-1,411,302,730,-1,411,730,731,-1,411,731,732,-1,
  411,732,733,-1,411,733,734,-1,411,734,735,-1,411,735,170,-1,411,170,171,-1,411,171,172,-1,411,172,173,-1,411,173,174,-1,
  411,174,175,-1,411,175,176,-1,411,176,600,-1,411,600,601,-1,411,601,602,-1,411,602,603,-1,411,603,604,-1,411,604,605,-1,
  411,605,606,-1,411,606,607,-1,411,607,608,-1,411,608,638,-1,411,638,639,-1,411,639,640,-1,637,638,608,-1,637,608,636,-1,
  587,589,586,-1,586,589,590,-1,586,590,585,-1,585,590,591,-1,585,591,584,-1,584,591,592,-1,584,592,583,-1,583,592,593,-1,
  583,593,582,-1,582,593,594,-1,582,594,581,-1,581,594,595,-1,581,595,580,-1,178,596,597,-1,178,597,598,-1,178,598,599,-1,
  178,599,177,-1,600,176,177,-1,600,177,599,-1,738,165,166,-1,738,166,167,-1,738,167,168,-1,738,168,169,-1,738,169,737,-1,
  170,735,736,-1,170,736,737,-1,170,737,169,-1,725,711,724,-1,724,711,712,-1,724,712,723,-1,723,712,713,-1,723,713,722,-1,
  722,713,714,-1,722,714,721,-1,721,714,715,-1,721,715,720,-1,720,715,716,-1,720,716,719,-1,719,716,717,-1,719,717,718,-1,
  718,717,746,-1,718,746,745,-1,745,746,747,-1,745,747,748,-1,278,726,727,-1,278,727,728,-1,278,728,729,-1,278,729,305,-1,
  730,302,303,-1,730,303,304,-1,730,304,305,-1,730,305,729,-1,412,293,294,-1,412,294,295,-1,412,295,296,-1,412,296,297,-1,
  412,297,298,-1,412,298,299,-1,383,675,676,-1,383,676,677,-1,383,677,678,-1,383,678,382,-1,382,678,679,-1,382,679,680,-1,
  382,680,681,-1,382,681,381,-1,682,683,380,-1,682,380,381,-1,682,381,681,-1,380,683,684,-1,380,684,685,-1,380,685,686,-1,
  380,686,567,-1,380,567,568,-1,380,568,569,-1,380,569,570,-1,380,570,571,-1,380,571,572,-1,380,572,573,-1,380,573,574,-1,
  380,574,575,-1,380,575,139,-1,380,139,140,-1,380,140,141,-1,380,141,142,-1,380,142,143,-1,380,143,144,-1,380,144,145,-1,
  380,145,700,-1,380,700,701,-1,380,701,702,-1,380,702,703,-1,380,703,704,-1,380,704,705,-1,380,705,324,-1,380,324,325,-1,
  380,325,326,-1,380,326,327,-1,380,327,379,-1,566,567,687,-1,566,687,688,-1,566,688,689,-1,576,577,137,-1,137,577,578,-1,
  137,578,136,-1,136,578,579,-1,136,579,580,-1,138,139,575,-1,138,575,576,-1,138,576,137,-1,150,739,696,-1,696,739,740,-1,
  696,740,695,-1,695,740,741,-1,695,741,694,-1,694,741,742,-1,694,742,693,-1,693,742,743,-1,693,743,692,-1,692,743,744,-1,
  692,744,691,-1,691,744,745,-1,691,745,690,-1,690,745,755,-1,690,755,756,-1,146,147,697,-1,697,147,148,-1,697,148,696,-1,
  696,148,149,-1,696,149,150,-1,698,699,145,-1,698,145,146,-1,698,146,697,-1,706,707,320,-1,320,707,708,-1,320,708,319,-1,
  319,708,709,-1,319,709,710,-1,321,322,705,-1,321,705,706,-1,321,706,320,-1,323,324,705,-1,323,705,322,-1,379,327,328,-1,
  379,328,329,-1,379,329,330,-1,379,330,331,-1,379,331,332,-1,379,332,333,-1,426,427,21,-1,426,21,22,-1,426,22,23,-1,
  426,23,245,-1,426,245,246,-1,426,246,247,-1,426,247,248,-1,426,248,249,-1,426,249,96,-1,426,96,97,-1,426,97,98,-1,
  426,98,99,-1,426,99,100,-1,426,100,101,-1,426,101,470,-1,426,470,471,-1,426,471,472,-1,426,472,473,-1,426,473,474,-1,
  426,474,475,-1,426,475,476,-1,426,476,477,-1,426,477,509,-1,426,509,510,-1,426,510,511,-1,426,511,512,-1,426,512,513,-1,
  426,513,514,-1,426,514,515,-1,426,515,516,-1,426,516,517,-1,426,517,518,-1,478,506,507,-1,478,507,508,-1,478,508,509,-1,
  478,509,477,-1,104,466,467,-1,104,467,468,-1,104,468,469,-1,104,469,103,-1,470,101,102,-1,470,102,103,-1,470,103,469,-1,
  252,91,92,-1,252,92,93,-1,252,93,94,-1,252,94,95,-1,252,95,251,-1,96,249,250,-1,96,250,251,-1,96,251,95,-1,
  27,240,241,-1,27,241,242,-1,27,242,243,-1,27,243,26,-1,244,245,23,-1,244,23,24,-1,244,24,25,-1,244,25,26,-1,
  244,26,243,-1,18,19,428,-1,428,19,20,-1,428,20,427,-1,427,20,21,-1,15,16,429,-1,429,16,17,-1,429,17,428,-1,
  428,17,18,-1,429,334,14,-1,429,14,15,-1,560,625,626,-1,560,626,627,-1,560,627,628,-1,560,628,629,-1,560,629,630,-1,
  560,630,631,-1,560,631,632,-1,560,632,633,-1,560,633,616,-1,745,748,749,-1,745,749,750,-1,745,750,751,-1,745,751,752,-1,
  745,752,753,-1,745,753,754,-1,745,754,755,-1,690,756,757,-1,690,757,758,-1,690,758,759,-1,690,759,760,-1,690,760,761,-1,
  690,761,762,-1,690,762,763,-1,690,763,717,-1,746,717,763,-1,239,224,225,-1,505,559,532,-1,700,145,699,-1,567,686,687,-1,
  725,710,711,-1,408,383,384,-1,349,347,348,-1,214,71,213,-1,66,445,65,-1,438,555,437,-1]
  normalPerVertex TRUE
  normal DEF NORM_5 Normal { vector [
  0 0 1,0 0 1,
  0 0 1,0 0 1,
  0 0 1,0 0 1,
  0 0 1,0 0 1,
  0 0 1,0 0 1,
  0 0 1,0 0 1,
  0 0 1,0 0 1,
  0 0 1,0 0 1,
  0 0 1,0 0 1,
  0 0 1,0 0 1,
  0 0 1,0 0 1,
  0 0 1,0 0 1,
  0 0 1,0 0 1,
  0 0 1,0 0 1,
  0 0 1,0 0 1,
  0 0 1,0 0 1,
  0 0 1,0 0 1,
  0 0 1,0 0 1,
  0 0 1,0 0 1,
  0 0 1,0 0 1,
  0 0 1,0 0 1,
  0 0 1,0 0 1,
  0 0 1,0 0 1,
  0 0 1,0 0 1,
  0 0 1,0 0 1,
  0 0 1,0 0 1,
  0 0 1,0 0 1,
  0 0 1,0 0 1,
  0 0 1,0 0 1,
  0 0 1,0 0 1,
  0 0 1,0 0 1,
  0 0 1,0 0 1,
  0 0 1,0 0 1,
  0 0 1,0 0 1,
  0 0 1,0 0 1,
  0 0 1,0 0 1,
  0 0 1,0 0 1,
  0 0 1,0 0 1,
  0 0 1,0 0 1,
  0 0 1,0 0 1,
  0 0 1,0 0 1,
  0 0 1,0 0 1,
  0 0 1,0 0 1,
  0 0 1,0 0 1,
  0 0 1,0 0 1,
  0 0 1,0 0 1,
  0 0 1,0 0 1,
  0 0 1,0 0 1,
  0 0 1,0 0 1,
  0 0 1,0 0 1,
  0 0 1,0 0 1,
  0 0 1,0 0 1,
  0 0 1,0 0 1,
  0 0 1,0 0 1,
  0 0 1,0 0 1,
  0 0 1,0 0 1,
  0 0 1,0 0 1,
  0 0 1,0 0 1,
  0 0 1,0 0 1,
  0 0 1,0 0 1,
  0 0 1,0 0 1,
  0 0 1,0 0 1,
  0 0 1,0 0 1,
  0 0 1,0 0 1,
  0 0 1,0 0 1,
  0 0 1,0 0 1,
  0 0 1,0 0 1,
  0 0 1,0 0 1,
  0 0 1,0 0 1,
  0 0 1,0 0 1,
  0 0 1,0 0 1,
  0 0 1,0 0 1,
  0 0 1,0 0 1,
  0 0 1,0 0 1,
  0 0 1,0 0 1,
  0 0 1,0 0 1,
  0 0 1,0 0 1,
  0 0 1,0 0 1,
  0 0 1,0 0 1,
  0 0 1,0 0 1,
  0 0 1,0 0 1,
  0 0 1,0 0 1,
  0 0 1,0 0 1,
  0 0 1,0 0 1,
  0 0 1,0 0 1,
  0 0 1,0 0 1,
  0 0 1,0 0 1,
  0 0 1,0 0 1,
  0 0 1,0 0 1,
  0 0 1,0 0 1,
  0 0 1,0 0 1,
  0 0 1,0 0 1,
  0 0 1,0 0 1,
  0 0 1,0 0 1,
  0 0 1,0 0 1,
  0 0 1,0 0 1,
  0 0 1,0 0 1,
  0 0 1,0 0 1,
  0 0 1,0 0 1,
  0 0 1,0 0 1,
  0 0 1,0 0 1,
  0 0 1,0 0 1,
  0 0 1,0 0 1,
  0 0 1,0 0 1,
  0 0 1,0 0 1,
  0 0 1,0 0 1,
  0 0 1,0 0 1,
  0 0 1,0 0 1,
  0 0 1,0 0 1,
  0 0 1,0 0 1,
  0 0 1,0 0 1,
  0 0 1,0 0 1,
  0 0 1,0 0 1,
  0 0 1,0 0 1,
  0 0 1,0 0 1,
  0 0 1,0 0 1,
  0 0 1,0 0 1,
  0 0 1,0 0 1,
  0 0 1,0 0 1,
  0 0 1,0 0 1,
  0 0 1,0 0 1,
  0 0 1,0 0 1,
  0 0 1,0 0 1,
  0 0 1,0 0 1,
  0 0 1,0 0 1,
  0 0 1,0 0 1,
  0 0 1,0 0 1,
  0 0 1,0 0 1,
  0 0 1,0 0 1,
  0 0 1,0 0 1,
  0 0 1,0 0 1,
  0 0 1,0 0 1,
  0 0 1,0 0 1,
  0 0 1,0 0 1,
  0 0 1,0 0 1,
  0 0 1,0 0 1,
  0 0 1,0 0 1,
  0 0 1,0 0 1,
  0 0 1,0 0 1,
  0 0 1,0 0 1,
  0 0 1,0 0 1,
  0 0 1,0 0 1,
  0 0 1,0 0 1,
  0 0 1,0 0 1,
  0 0 1,0 0 1,
  0 0 1,0 0 1,
  0 0 1,0 0 1,
  0 0 1,0 0 1,
  0 0 1,0 0 1,
  0 0 1,0 0 1,
  0 0 1,0 0 1,
  0 0 1,0 0 1,
  0 0 1,0 0 1,
  0 0 1,0 0 1,
  0 0 1,0 0 1,
  0 0 1,0 0 1,
  0 0 1,0 0 1,
  0 0 1,0 0 1,
  0 0 1,0 0 1,
  0 0 1,0 0 1,
  0 0 1,0 0 1,
  0 0 1,0 0 1,
  0 0 1,0 0 1,
  0 0 1,0 0 1,
  0 0 1,0 0 1,
  0 0 1,0 0 1,
  0 0 1,0 0 1,
  0 0 1,0 0 1,
  0 0 1,0 0 1,
  0 0 1,0 0 1,
  0 0 1,0 0 1,
  0 0 1,0 0 1,
  0 0 1,0 0 1,
  0 0 1,0 0 1,
  0 0 1,0 0 1,
  0 0 1,0 0 1,
  0 0 1,0 0 1,
  0 0 1,0 0 1,
  0 0 1,0 0 1,
  0 0 1,0 0 1,
  0 0 1,0 0 1,
  0 0 1,0 0 1,
  0 0 1,0 0 1,
  0 0 1,0 0 1,
  0 0 1,0 0 1,
  0 0 1,0 0 1,
  0 0 1,0 0 1,
  0 0 1,0 0 1,
  0 0 1,0 0 1,
  0 0 1,0 0 1,
  0 0 1,0 0 1,
  0 0 1,0 0 1,
  0 0 1,0 0 1,
  0 0 1,0 0 1,
  0 0 1,0 0 1,
  0 0 1,0 0 1,
  0 0 1,0 0 1,
  0 0 1,0 0 1,
  0 0 1,0 0 1,
  0 0 1,0 0 1,
  0 0 1,0 0 1,
  0 0 1,0 0 1,
  0 0 1,0 0 1,
  0 0 1,0 0 1,
  0 0 1,0 0 1,
  0 0 1,0 0 1,
  0 0 1,0 0 1,
  0 0 1,0 0 1,
  0 0 1,0 0 1,
  0 0 1,0 0 1,
  0 0 1,0 0 1,
  0 0 1,0 0 1,
  0 0 1,0 0 1,
  0 0 1,0 0 1,
  0 0 1,0 0 1,
  0 0 1,0 0 1,
  0 0 1,0 0 1,
  0 0 1,0 0 1,
  0 0 1,0 0 1,
  0 0 1,0 0 1,
  0 0 1,0 0 1,
  0 0 1,0 0 1,
  0 0 1,0 0 1,
  0 0 1,0 0 1,
  0 0 1,0 0 1,
  0 0 1,0 0 1,
  0 0 1,0 0 1,
  0 0 1,0 0 1,
  0 0 1,0 0 1,
  0 0 1,0 0 1,
  0 0 1,0 0 1,
  0 0 1,0 0 1,
  0 0 1,0 0 1,
  0 0 1,0 0 1,
  0 0 1,0 0 1,
  0 0 1,0 0 1,
  0 0 1,0 0 1,
  0 0 1,0 0 1,
  0 0 1,0 0 1,
  0 0 1,0 0 1,
  0 0 1,0 0 1,
  0 0 1,0 0 1,
  0 0 1,0 0 1,
  0 0 1,0 0 1,
  0 0 1,0 0 1,
  0 0 1,0 0 1,
  0 0 1,0 0 1,
  0 0 1,0 0 1,
  0 0 1,0 0 1,
  0 0 1,0 0 1,
  0 0 1,0 0 1,
  0 0 1,0 0 1,
  0 0 1,0 0 1,
  0 0 1,0 0 1,
  0 0 1,0 0 1,
  0 0 1,0 0 1,
  0 0 1,0 0 1,
  0 0 1,0 0 1,
  0 0 1,0 0 1,
  0 0 1,0 0 1,
  0 0 1,0 0 1,
  0 0 1,0 0 1,
  0 0 1,0 0 1,
  0 0 1,0 0 1,
  0 0 1,0 0 1,
  0 0 1,0 0 1,
  0 0 1,0 0 1,
  0 0 1,0 0 1,
  0 0 1,0 0 1,
  0 0 1,0 0 1,
  0 0 1,0 0 1,
  0 0 1,0 0 1,
  0 0 1,0 0 1,
  0 0 1,0 0 1,
  0 0 1,0 0 1,
  0 0 1,0 0 1,
  0 0 1,0 0 1,
  0 0 1,0 0 1,
  0 0 1,0 0 1,
  0 0 1,0 0 1,
  0 0 1,0 0 1,
  0 0 1,0 0 1,
  0 0 1,0 0 1,
  0 0 1,0 0 1,
  0 0 1,0 0 1,
  0 0 1,0 0 1,
  0 0 1,0 0 1,
  0 0 1,0 0 1,
  0 0 1,0 0 1,
  0 0 1,0 0 1,
  0 0 1,0 0 1,
  0 0 1,0 0 1,
  0 0 1,0 0 1,
  0 0 1,0 0 1,
  0 0 1,0 0 1,
  0 0 1,0 0 1,
  0 0 1,0 0 1,
  0 0 1,0 0 1,
  0 0 1,0 0 1,
  0 0 1,0 0 1,
  0 0 1,0 0 1,
  0 0 1,0 0 1,
  0 0 1,0 0 1,
  0 0 1,0 0 1,
  0 0 1,0 0 1,
  0 0 1,0 0 1,
  0 0 1,0 0 1,
  0 0 1,0 0 1,
  0 0 1,0 0 1,
  0 0 1,0 0 1,
  0 0 1,0 0 1,
  0 0 1,0 0 1,
  0 0 1,0 0 1,
  0 0 1,0 0 1,
  0 0 1,0 0 1,
  0 0 1,0 0 1,
  0 0 1,0 0 1,
  0 0 1,0 0 1,
  0 0 1,0 0 1,
  0 0 1,0 0 1,
  0 0 1,0 0 1,
  0 0 1,0 0 1,
  0 0 1,0 0 1,
  0 0 1,0 0 1,
  0 0 1,0 0 1,
  0 0 1,0 0 1,
  0 0 1,0 0 1,
  0 0 1,0 0 1,
  0 0 1,0 0 1,
  0 0 1,0 0 1,
  0 0 1,0 0 1,
  0 0 1,0 0 1,
  0 0 1,0 0 1,
  0 0 1,0 0 1,
  0 0 1,0 0 1,
  0 0 1,0 0 1,
  0 0 1,0 0 1,
  0 0 1,0 0 1,
  0 0 1,0 0 1,
  0 0 1,0 0 1,
  0 0 1,0 0 1,
  0 0 1,0 0 1,
  0 0 1,0 0 1,
  0 0 1,0 0 1,
  0 0 1,0 0 1,
  0 0 1,0 0 1,
  0 0 1,0 0 1,
  0 0 1,0 0 1,
  0 0 1,0 0 1,
  0 0 1,0 0 1,
  0 0 1,0 0 1,
  0 0 1,0 0 1,
  0 0 1,0 0 1,
  0 0 1,0 0 1,
  0 0 1,0 0 1,
  0 0 1,0 0 1,
  0 0 1,0 0 1,
  0 0 1,0 0 1,
  0 0 1,0 0 1,
  0 0 1,0 0 1,
  0 0 1,0 0 1,
  0 0 1,0 0 1,
  0 0 1,0 0 1,
  0 0 1,0 0 1,
  0 0 1,0 0 1,
  0 0 1,0 0 1,
  0 0 1,0 0 1,
  0 0 1,0 0 1,
  0 0 1,0 0 1,
  0 0 1,0 0 1,
  0 0 1,0 0 1,
  0 0 1,0 0 1,
  0 0 1,0 0 1,
  0 0 1,0 0 1,
  0 0 1,0 0 1,
  0 0 1,0 0 1,
  0 0 1,0 0 1,
  0 0 1,0 0 1,
  0 0 1,0 0 1,
  0 0 1,0 0 1,
  0 0 1,0 0 1,
  0 0 1,0 0 1] }
}
}
] }
DEF TXFM_6 Transform {
  center 0 0 0
  rotation 0 0 1 0
  scale 1 1 1
  scaleOrientation 0 0 1 0
  translation 0 0 0
 children [
DEF SHAPE_6 Shape {
 appearance USE APP_2
 geometry DEF FACE_6 IndexedFaceSet {
  coord DEF COORD_6 Coordinate { point [
  21.59373 -44.121871 -0.31496063,21.629333 -44.101315 -0.31496063,
  21.658402 -44.072246 -0.31496063,21.678957 -44.036643 -0.31496063,
  21.689598 -43.996933 -0.31496063,21.689598 -43.955823 -0.31496063,
  21.678957 -43.916113 -0.31496063,21.658402 -43.88051 -0.31496063,
  21.629333 -43.851441 -0.31496063,21.59373 -43.830885 -0.31496063,
  21.55402 -43.820245 -0.31496063,21.533465 -43.818898 -0.31496063,
  20.824803 -43.818898 -0.31496063,20.804248 -43.820245 -0.31496063,
  20.764538 -43.830885 -0.31496063,20.728935 -43.851441 -0.31496063,
  20.713448 -43.865022 -0.31496063,20.485101 -44.093369 -0.31496063,
  20.471519 -44.108856 -0.31496063,20.450964 -44.144459 -0.31496063,
  20.450964 -44.144459 -0.31496063,20.440324 -44.184169 -0.31496063,
  20.438976 -44.204724 -0.31496063,20.438976 -44.96063 -0.31496063,
  20.419291 -44.96063 -0.31496063,20.386354 -44.963719 -0.31496063,
  20.336507 -44.981161 -0.31496063,20.294017 -45.01252 -0.31496063,
  20.262657 -45.055011 -0.31496063,20.245215 -45.104858 -0.31496063,
  20.242126 -45.137795 -0.31496063,20.242126 -46.276066 -0.31496063,
  20.274443 -46.283442 -0.31496063,20.406164 -46.298283 -0.31496063,
  20.472441 -46.299213 -0.31496063,20.950787 -46.299213 -0.31496063,
  20.950787 -45.137795 -0.31496063,20.947699 -45.104858 -0.31496063,
  20.930257 -45.055011 -0.31496063,20.898897 -45.01252 -0.31496063,
  20.856406 -44.981161 -0.31496063,20.806559 -44.963719 -0.31496063,
  20.773622 -44.96063 -0.31496063,20.753937 -44.96063 -0.31496063,
  20.753937 -44.269955 -0.31496063,20.890034 -44.133858 -0.31496063,
  21.533465 -44.133858 -0.31496063,21.55402 -44.132511 -0.31496063,
  21.59252 -43.976378 -0.31496063,21.588958 -43.996576 -0.31496063,
  21.578703 -44.014338 -0.31496063,21.562992 -44.027521 -0.31496063,
  21.543719 -44.034536 -0.31496063,21.52321 -44.034536 -0.31496063,
  21.503937 -44.027521 -0.31496063,21.488226 -44.014338 -0.31496063,
  21.477971 -43.996576 -0.31496063,21.474409 -43.976378 -0.31496063,
  21.477971 -43.95618 -0.31496063,21.488226 -43.938418 -0.31496063,
  21.503937 -43.925235 -0.31496063,21.52321 -43.91822 -0.31496063,
  21.543719 -43.91822 -0.31496063,21.562992 -43.925235 -0.31496063,
  21.578703 -43.938418 -0.31496063,21.588958 -43.95618 -0.31496063,
  21.773622 -35.511811 -0.31496063,21.806559 -35.508722 -0.31496063,
  21.856406 -35.49128 -0.31496063,21.898897 -35.45992 -0.31496063,
  21.930257 -35.41743 -0.31496063,21.947699 -35.367583 -0.31496063,
  21.950787 -35.334646 -0.31496063,21.950787 -34.173938 -0.31496063,
  21.242126 -34.173598 -0.31496063,21.242126 -35.334646 -0.31496063,
  21.245215 -35.367583 -0.31496063,21.262657 -35.41743 -0.31496063,
  21.294017 -35.45992 -0.31496063,21.336507 -35.49128 -0.31496063,
  21.386354 -35.508722 -0.31496063,21.419291 -35.511811 -0.31496063,
  21.655512 -34.92126 -0.31496063,21.65195 -34.941458 -0.31496063,
  21.641696 -34.95922 -0.31496063,21.625984 -34.972403 -0.31496063,
  21.606712 -34.979418 -0.31496063,21.586202 -34.979418 -0.31496063,
  21.566929 -34.972403 -0.31496063,21.551218 -34.95922 -0.31496063,
  21.540963 -34.941458 -0.31496063,21.537402 -34.92126 -0.31496063,
  21.540963 -34.901062 -0.31496063,21.551218 -34.8833 -0.31496063,
  21.566929 -34.870117 -0.31496063,21.586202 -34.863102 -0.31496063,
  21.606712 -34.863102 -0.31496063,21.625984 -34.870117 -0.31496063,
  21.641696 -34.8833 -0.31496063,21.65195 -34.901062 -0.31496063,
  22.752759 -40.257612 -0.31496063,22.752759 -40.254198 -0.31496063,
  22.753937 -40.23622 -0.31496063,22.753937 -35.511811 -0.31496063,
  22.773622 -35.511811 -0.31496063,22.806559 -35.508722 -0.31496063,
  22.856406 -35.49128 -0.31496063,22.898897 -35.45992 -0.31496063,
  22.930257 -35.41743 -0.31496063,22.947699 -35.367583 -0.31496063,
  22.950787 -35.334646 -0.31496063,22.950787 -34.174419 -0.31496063,
  22.242126 -34.174078 -0.31496063,22.242126 -35.334646 -0.31496063,
  22.245215 -35.367583 -0.31496063,22.262657 -35.41743 -0.31496063,
  22.294017 -35.45992 -0.31496063,22.336507 -35.49128 -0.31496063,
  22.386354 -35.508722 -0.31496063,22.419291 -35.511811 -0.31496063,
  22.438976 -35.511811 -0.31496063,22.438976 -40.23622 -0.31496063,
  22.440267 -40.255906 -0.31496063,22.438976 -40.275591 -0.31496063,
  22.438976 -44.96063 -0.31496063,22.419291 -44.96063 -0.31496063,
  22.386354 -44.963719 -0.31496063,22.336507 -44.981161 -0.31496063,
  22.294017 -45.01252 -0.31496063,22.262657 -45.055011 -0.31496063,
  22.245215 -45.104858 -0.31496063,22.242126 -45.137795 -0.31496063,
  22.242126 -46.299213 -0.31496063,22.950787 -46.299213 -0.31496063,
  22.950787 -45.137795 -0.31496063,22.947699 -45.104858 -0.31496063,
  22.930257 -45.055011 -0.31496063,22.898897 -45.01252 -0.31496063,
  22.856406 -44.981161 -0.31496063,22.806559 -44.963719 -0.31496063,
  22.773622 -44.96063 -0.31496063,22.753937 -44.96063 -0.31496063,
  22.753937 -40.275591 -0.31496063,22.675197 -40.255906 -0.31496063,
  22.671635 -40.276104 -0.31496063,22.661381 -40.293865 -0.31496063,
  22.645669 -40.307049 -0.31496063,22.626397 -40.314063 -0.31496063,
  22.605887 -40.314063 -0.31496063,22.586614 -40.307049 -0.31496063,
  22.570903 -40.293865 -0.31496063,22.560648 -40.276104 -0.31496063,
  22.557087 -40.255906 -0.31496063,22.560648 -40.235707 -0.31496063,
  22.570903 -40.217946 -0.31496063,22.586614 -40.204762 -0.31496063,
  22.605887 -40.197748 -0.31496063,22.626397 -40.197748 -0.31496063,
  22.645669 -40.204762 -0.31496063,22.661381 -40.217946 -0.31496063,
  22.671635 -40.235707 -0.31496063,29.40619 -40.255906 -0.31496063,
  29.40748 -40.23622 -0.31496063,29.40748 -35.511811 -0.31496063,
  29.427165 -35.511811 -0.31496063,29.460102 -35.508722 -0.31496063,
  29.509949 -35.49128 -0.31496063,29.55244 -35.45992 -0.31496063,
  29.5838 -35.41743 -0.31496063,29.601242 -35.367583 -0.31496063,
  29.604331 -35.334646 -0.31496063,29.604331 -34.173228 -0.31496063,
  28.895669 -34.173228 -0.31496063,28.895669 -35.334646 -0.31496063,
  28.898758 -35.367583 -0.31496063,28.9162 -35.41743 -0.31496063,
  28.94756 -35.45992 -0.31496063,28.990051 -35.49128 -0.31496063,
  29.039898 -35.508722 -0.31496063,29.072835 -35.511811 -0.31496063,
  29.09252 -35.511811 -0.31496063,29.09252 -40.23622 -0.31496063,
  29.09381 -40.255906 -0.31496063,29.09252 -40.275591 -0.31496063,
  29.09252 -44.96063 -0.31496063,29.072835 -44.96063 -0.31496063,
  29.039898 -44.963719 -0.31496063,28.990051 -44.981161 -0.31496063,
  28.94756 -45.01252 -0.31496063,28.9162 -45.055011 -0.31496063,
  28.898758 -45.104858 -0.31496063,28.895669 -45.137795 -0.31496063,
  28.895669 -46.298021 -0.31496063,29.604331 -46.298361 -0.31496063,
  29.604331 -45.137795 -0.31496063,29.601242 -45.104858 -0.31496063,
  29.5838 -45.055011 -0.31496063,29.55244 -45.01252 -0.31496063,
  29.509949 -44.981161 -0.31496063,29.460102 -44.963719 -0.31496063,
  29.427165 -44.96063 -0.31496063,29.40748 -44.96063 -0.31496063,
  29.40748 -40.275591 -0.31496063,29.309055 -40.314961 -0.31496063,
  29.305494 -40.335159 -0.31496063,29.295239 -40.352921 -0.31496063,
  29.279528 -40.366104 -0.31496063,29.260255 -40.373119 -0.31496063,
  29.239745 -40.373119 -0.31496063,29.220472 -40.366104 -0.31496063,
  29.204761 -40.352921 -0.31496063,29.194506 -40.335159 -0.31496063,
  29.190945 -40.314961 -0.31496063,29.194506 -40.294763 -0.31496063,
  29.204761 -40.277001 -0.31496063,29.220472 -40.263817 -0.31496063,
  29.239745 -40.256803 -0.31496063,29.260255 -40.256803 -0.31496063,
  29.279528 -40.263817 -0.31496063,29.295239 -40.277001 -0.31496063,
  29.305494 -40.294763 -0.31496063,28.247273 -44.161241 -0.31496063,
  28.282876 -44.140685 -0.31496063,28.311945 -44.111616 -0.31496063,
  28.332501 -44.076013 -0.31496063,28.343141 -44.036303 -0.31496063,
  28.343141 -43.995193 -0.31496063,28.332501 -43.955483 -0.31496063,
  28.311945 -43.91988 -0.31496063,28.282876 -43.890811 -0.31496063,
  28.247273 -43.870255 -0.31496063,28.207563 -43.859615 -0.31496063,
  28.187008 -43.858268 -0.31496063,27.478346 -43.858268 -0.31496063,
  27.457791 -43.859615 -0.31496063,27.418081 -43.870255 -0.31496063,
  27.382478 -43.890811 -0.31496063,27.366991 -43.904393 -0.31496063,
  27.138644 -44.132739 -0.31496063,27.125063 -44.148226 -0.31496063,
  27.104507 -44.183829 -0.31496063,27.098908 -44.204724 -0.31496063,
  27.093867 -44.223539 -0.31496063,27.09252 -44.244094 -0.31496063,
  27.09252 -44.96063 -0.31496063,27.072835 -44.96063 -0.31496063,
  27.039898 -44.963719 -0.31496063,26.990051 -44.981161 -0.31496063,
  26.94756 -45.01252 -0.31496063,26.9162 -45.055011 -0.31496063,
  26.898758 -45.104858 -0.31496063,26.895669 -45.137795 -0.31496063,
  26.895669 -46.29706 -0.31496063,27.604331 -46.2974 -0.31496063,
  27.604331 -45.137795 -0.31496063,27.601242 -45.104858 -0.31496063,
  27.5838 -45.055011 -0.31496063,27.55244 -45.01252 -0.31496063,
  27.509949 -44.981161 -0.31496063,27.460102 -44.963719 -0.31496063,
  27.427165 -44.96063 -0.31496063,27.40748 -44.96063 -0.31496063,
  27.40748 -44.309325 -0.31496063,27.543577 -44.173228 -0.31496063,
  28.187008 -44.173228 -0.31496063,28.207563 -44.171881 -0.31496063,
  28.246063 -44.015748 -0.31496063,28.242502 -44.035946 -0.31496063,
  28.232247 -44.053708 -0.31496063,28.216535 -44.066891 -0.31496063,
  28.197263 -44.073906 -0.31496063,28.176753 -44.073906 -0.31496063,
  28.15748 -44.066891 -0.31496063,28.141769 -44.053708 -0.31496063,
  28.131514 -44.035946 -0.31496063,28.127953 -44.015748 -0.31496063,
  28.131514 -43.99555 -0.31496063,28.141769 -43.977788 -0.31496063,
  28.15748 -43.964605 -0.31496063,28.176753 -43.95759 -0.31496063,
  28.197263 -43.95759 -0.31496063,28.216535 -43.964605 -0.31496063,
  28.232247 -43.977788 -0.31496063,28.242502 -43.99555 -0.31496063,
  28.427165 -35.511811 -0.31496063,28.460102 -35.508722 -0.31496063,
  28.509949 -35.49128 -0.31496063,28.55244 -35.45992 -0.31496063,
  28.5838 -35.41743 -0.31496063,28.601242 -35.367583 -0.31496063,
  28.604331 -35.334646 -0.31496063,28.604331 -34.173228 -0.31496063,
  27.895669 -34.173228 -0.31496063,27.895669 -35.334646 -0.31496063,
  27.898758 -35.367583 -0.31496063,27.9162 -35.41743 -0.31496063,
  27.94756 -35.45992 -0.31496063,27.990051 -35.49128 -0.31496063,
  28.039898 -35.508722 -0.31496063,28.072835 -35.511811 -0.31496063,
  28.309055 -34.92126 -0.31496063,28.305494 -34.941458 -0.31496063,
  28.295239 -34.95922 -0.31496063,28.279528 -34.972403 -0.31496063,
  28.260255 -34.979418 -0.31496063,28.239745 -34.979418 -0.31496063,
  28.220472 -34.972403 -0.31496063,28.204761 -34.95922 -0.31496063,
  28.194506 -34.941458 -0.31496063,28.190945 -34.92126 -0.31496063,
  28.194506 -34.901062 -0.31496063,28.204761 -34.8833 -0.31496063,
  28.220472 -34.870117 -0.31496063,28.239745 -34.863102 -0.31496063,
  28.260255 -34.863102 -0.31496063,28.279528 -34.870117 -0.31496063,
  28.295239 -34.8833 -0.31496063,28.305494 -34.901062 -0.31496063,
  23.773622 -35.511811 -0.31496063,23.806559 -35.508722 -0.31496063,
  23.856406 -35.49128 -0.31496063,23.898897 -35.45992 -0.31496063,
  23.930257 -35.41743 -0.31496063,23.947699 -35.367583 -0.31496063,
  23.950787 -35.334646 -0.31496063,23.950787 -34.174899 -0.31496063,
  23.242126 -34.174559 -0.31496063,23.242126 -35.334646 -0.31496063,
  23.245215 -35.367583 -0.31496063,23.262657 -35.41743 -0.31496063,
  23.294017 -35.45992 -0.31496063,23.336507 -35.49128 -0.31496063,
  23.386354 -35.508722 -0.31496063,23.419291 -35.511811 -0.31496063,
  23.655512 -34.92126 -0.31496063,23.65195 -34.941458 -0.31496063,
  23.641696 -34.95922 -0.31496063,23.625984 -34.972403 -0.31496063,
  23.606712 -34.979418 -0.31496063,23.586202 -34.979418 -0.31496063,
  23.566929 -34.972403 -0.31496063,23.551218 -34.95922 -0.31496063,
  23.540963 -34.941458 -0.31496063,23.537402 -34.92126 -0.31496063,
  23.540963 -34.901062 -0.31496063,23.551218 -34.8833 -0.31496063,
  23.566929 -34.870117 -0.31496063,23.586202 -34.863102 -0.31496063,
  23.606712 -34.863102 -0.31496063,23.625984 -34.870117 -0.31496063,
  23.641696 -34.8833 -0.31496063,23.65195 -34.901062 -0.31496063,
  27.427165 -35.511811 -0.31496063,27.460102 -35.508722 -0.31496063,
  27.509949 -35.49128 -0.31496063,27.55244 -35.45992 -0.31496063,
  27.5838 -35.41743 -0.31496063,27.601242 -35.367583 -0.31496063,
  27.604331 -35.334646 -0.31496063,27.604331 -34.173228 -0.31496063,
  26.895669 -34.173228 -0.31496063,26.895669 -35.334646 -0.31496063,
  26.898758 -35.367583 -0.31496063,26.9162 -35.41743 -0.31496063,
  26.94756 -35.45992 -0.31496063,26.990051 -35.49128 -0.31496063,
  27.039898 -35.508722 -0.31496063,27.072835 -35.511811 -0.31496063,
  27.309055 -34.92126 -0.31496063,27.305494 -34.941458 -0.31496063,
  27.295239 -34.95922 -0.31496063,27.279528 -34.972403 -0.31496063,
  27.260255 -34.979418 -0.31496063,27.239745 -34.979418 -0.31496063,
  27.220472 -34.972403 -0.31496063,27.204761 -34.95922 -0.31496063,
  27.194506 -34.941458 -0.31496063,27.190945 -34.92126 -0.31496063,
  27.194506 -34.901062 -0.31496063,27.204761 -34.8833 -0.31496063,
  27.220472 -34.870117 -0.31496063,27.239745 -34.863102 -0.31496063,
  27.260255 -34.863102 -0.31496063,27.279528 -34.870117 -0.31496063,
  27.295239 -34.8833 -0.31496063,27.305494 -34.901062 -0.31496063,
  30.427165 -35.511811 -0.31496063,30.460102 -35.508722 -0.31496063,
  30.509949 -35.49128 -0.31496063,30.55244 -35.45992 -0.31496063,
  30.5838 -35.41743 -0.31496063,30.601242 -35.367583 -0.31496063,
  30.604331 -35.334646 -0.31496063,30.604331 -34.173228 -0.31496063,
  29.895669 -34.173228 -0.31496063,29.895669 -35.334646 -0.31496063,
  29.898758 -35.367583 -0.31496063,29.9162 -35.41743 -0.31496063,
  29.94756 -35.45992 -0.31496063,29.990051 -35.49128 -0.31496063,
  30.039898 -35.508722 -0.31496063,30.072835 -35.511811 -0.31496063,
  30.309055 -34.92126 -0.31496063,30.305494 -34.941458 -0.31496063,
  30.295239 -34.95922 -0.31496063,30.279528 -34.972403 -0.31496063,
  30.260255 -34.979418 -0.31496063,30.239745 -34.979418 -0.31496063,
  30.220472 -34.972403 -0.31496063,30.204761 -34.95922 -0.31496063,
  30.194506 -34.941458 -0.31496063,30.190945 -34.92126 -0.31496063,
  30.194506 -34.901062 -0.31496063,30.204761 -34.8833 -0.31496063,
  30.220472 -34.870117 -0.31496063,30.239745 -34.863102 -0.31496063,
  30.260255 -34.863102 -0.31496063,30.279528 -34.870117 -0.31496063,
  30.295239 -34.8833 -0.31496063,30.305494 -34.901062 -0.31496063,
  20.472441 -34.173228 -0.31496063,20.406164 -34.174157 -0.31496063,
  20.274443 -34.188999 -0.31496063,20.242126 -34.196375 -0.31496063,
  20.242126 -35.334646 -0.31496063,20.245215 -35.367583 -0.31496063,
  20.262657 -35.41743 -0.31496063,20.294017 -35.45992 -0.31496063,
  20.336507 -35.49128 -0.31496063,20.386354 -35.508722 -0.31496063,
  20.419291 -35.511811 -0.31496063,20.773622 -35.511811 -0.31496063,
  20.806559 -35.508722 -0.31496063,20.856406 -35.49128 -0.31496063,
  20.898897 -35.45992 -0.31496063,20.930257 -35.41743 -0.31496063,
  20.947699 -35.367583 -0.31496063,20.950787 -35.334646 -0.31496063,
  20.950787 -34.173458 -0.31496063,20.537402 -34.92126 -0.31496063,
  20.540963 -34.901062 -0.31496063,20.551218 -34.8833 -0.31496063,
  20.566929 -34.870117 -0.31496063,20.586202 -34.863102 -0.31496063,
  20.606712 -34.863102 -0.31496063,20.625984 -34.870117 -0.31496063,
  20.641696 -34.8833 -0.31496063,20.65195 -34.901062 -0.31496063,
  20.655512 -34.92126 -0.31496063,20.65195 -34.941458 -0.31496063,
  20.641696 -34.95922 -0.31496063,20.625984 -34.972403 -0.31496063,
  20.606712 -34.979418 -0.31496063,20.586202 -34.979418 -0.31496063,
  20.566929 -34.972403 -0.31496063,20.551218 -34.95922 -0.31496063,
  20.540963 -34.941458 -0.31496063,21.419291 -44.96063 -0.31496063,
  21.386354 -44.963719 -0.31496063,21.336507 -44.981161 -0.31496063,
  21.294017 -45.01252 -0.31496063,21.262657 -45.055011 -0.31496063,
  21.245215 -45.104858 -0.31496063,21.242126 -45.137795 -0.31496063,
  21.242126 -46.299213 -0.31496063,21.950787 -46.299213 -0.31496063,
  21.950787 -45.137795 -0.31496063,21.947699 -45.104858 -0.31496063,
  21.930257 -45.055011 -0.31496063,21.898897 -45.01252 -0.31496063,
  21.856406 -44.981161 -0.31496063,21.806559 -44.963719 -0.31496063,
  21.773622 -44.96063 -0.31496063,21.537402 -45.551181 -0.31496063,
  21.540963 -45.530983 -0.31496063,21.551218 -45.513221 -0.31496063,
  21.566929 -45.500038 -0.31496063,21.586202 -45.493023 -0.31496063,
  21.606712 -45.493023 -0.31496063,21.625984 -45.500038 -0.31496063,
  21.641696 -45.513221 -0.31496063,21.65195 -45.530983 -0.31496063,
  21.655512 -45.551181 -0.31496063,21.65195 -45.571379 -0.31496063,
  21.641696 -45.589141 -0.31496063,21.625984 -45.602324 -0.31496063,
  21.606712 -45.609339 -0.31496063,21.586202 -45.609339 -0.31496063,
  21.566929 -45.602324 -0.31496063,21.551218 -45.589141 -0.31496063,
  21.540963 -45.571379 -0.31496063,24.419291 -44.96063 -0.31496063,
  24.386354 -44.963719 -0.31496063,24.336507 -44.981161 -0.31496063,
  24.294017 -45.01252 -0.31496063,24.262657 -45.055011 -0.31496063,
  24.245215 -45.104858 -0.31496063,24.242126 -45.137795 -0.31496063,
  24.242126 -46.299213 -0.31496063,24.950787 -46.299213 -0.31496063,
  24.950787 -45.137795 -0.31496063,24.947699 -45.104858 -0.31496063,
  24.930257 -45.055011 -0.31496063,24.898897 -45.01252 -0.31496063,
  24.856406 -44.981161 -0.31496063,24.806559 -44.963719 -0.31496063,
  24.773622 -44.96063 -0.31496063,24.537402 -45.551181 -0.31496063,
  24.540963 -45.530983 -0.31496063,24.551218 -45.513221 -0.31496063,
  24.566929 -45.500038 -0.31496063,24.586202 -45.493023 -0.31496063,
  24.606712 -45.493023 -0.31496063,24.625984 -45.500038 -0.31496063,
  24.641696 -45.513221 -0.31496063,24.65195 -45.530983 -0.31496063,
  24.655512 -45.551181 -0.31496063,24.65195 -45.571379 -0.31496063,
  24.641696 -45.589141 -0.31496063,24.625984 -45.602324 -0.31496063,
  24.606712 -45.609339 -0.31496063,24.586202 -45.609339 -0.31496063,
  24.566929 -45.602324 -0.31496063,24.551218 -45.589141 -0.31496063,
  24.540963 -45.571379 -0.31496063,23.481074 -36.11435 -0.31496063,
  23.44547 -36.134905 -0.31496063,23.416401 -36.163974 -0.31496063,
  23.395846 -36.199578 -0.31496063,23.385206 -36.239287 -0.31496063,
  23.385206 -36.280398 -0.31496063,23.395846 -36.320107 -0.31496063,
  23.416401 -36.355711 -0.31496063,23.44547 -36.38478 -0.31496063,
  23.481074 -36.405335 -0.31496063,23.520783 -36.415976 -0.31496063,
  23.541339 -36.417323 -0.31496063,24.09252 -36.417323 -0.31496063,
  24.113075 -36.415976 -0.31496063,24.152785 -36.405335 -0.31496063,
  24.188388 -36.38478 -0.31496063,24.203875 -36.371198 -0.31496063,
  24.707812 -35.867261 -0.31496063,24.721394 -35.851774 -0.31496063,
  24.74195 -35.81617 -0.31496063,24.75259 -35.776461 -0.31496063,
  24.753937 -35.755906 -0.31496063,24.753937 -35.511811 -0.31496063,
  24.773622 -35.511811 -0.31496063,24.806559 -35.508722 -0.31496063,
  24.856406 -35.49128 -0.31496063,24.898897 -35.45992 -0.31496063,
  24.930257 -35.41743 -0.31496063,24.947699 -35.367583 -0.31496063,
  24.950787 -35.334646 -0.31496063,24.950787 -34.17538 -0.31496063,
  24.242126 -34.175039 -0.31496063,24.242126 -35.334646 -0.31496063,
  24.245215 -35.367583 -0.31496063,24.262657 -35.41743 -0.31496063,
  24.294017 -35.45992 -0.31496063,24.336507 -35.49128 -0.31496063,
  24.386354 -35.508722 -0.31496063,24.419291 -35.511811 -0.31496063,
  24.438976 -35.511811 -0.31496063,24.438976 -35.690675 -0.31496063,
  24.027289 -36.102362 -0.31496063,23.541339 -36.102362 -0.31496063,
  23.520783 -36.103709 -0.31496063,23.482283 -36.259843 -0.31496063,
  23.485845 -36.239644 -0.31496063,23.4961 -36.221883 -0.31496063,
  23.511811 -36.208699 -0.31496063,23.531084 -36.201685 -0.31496063,
  23.551593 -36.201685 -0.31496063,23.570866 -36.208699 -0.31496063,
  23.586577 -36.221883 -0.31496063,23.596832 -36.239644 -0.31496063,
  23.600394 -36.259843 -0.31496063,23.596832 -36.280041 -0.31496063,
  23.586577 -36.297802 -0.31496063,23.570866 -36.310986 -0.31496063,
  23.551593 -36.318 -0.31496063,23.531084 -36.318 -0.31496063,
  23.511811 -36.310986 -0.31496063,23.4961 -36.297802 -0.31496063,
  23.485845 -36.280041 -0.31496063,23.419291 -44.96063 -0.31496063,
  23.386354 -44.963719 -0.31496063,23.336507 -44.981161 -0.31496063,
  23.294017 -45.01252 -0.31496063,23.262657 -45.055011 -0.31496063,
  23.245215 -45.104858 -0.31496063,23.242126 -45.137795 -0.31496063,
  23.242126 -46.299213 -0.31496063,23.950787 -46.299213 -0.31496063,
  23.950787 -45.137795 -0.31496063,23.947699 -45.104858 -0.31496063,
  23.930257 -45.055011 -0.31496063,23.898897 -45.01252 -0.31496063,
  23.856406 -44.981161 -0.31496063,23.806559 -44.963719 -0.31496063,
  23.773622 -44.96063 -0.31496063,23.537402 -45.551181 -0.31496063,
  23.540963 -45.530983 -0.31496063,23.551218 -45.513221 -0.31496063,
  23.566929 -45.500038 -0.31496063,23.586202 -45.493023 -0.31496063,
  23.606712 -45.493023 -0.31496063,23.625984 -45.500038 -0.31496063,
  23.641696 -45.513221 -0.31496063,23.65195 -45.530983 -0.31496063,
  23.655512 -45.551181 -0.31496063,23.65195 -45.571379 -0.31496063,
  23.641696 -45.589141 -0.31496063,23.625984 -45.602324 -0.31496063,
  23.606712 -45.609339 -0.31496063,23.586202 -45.609339 -0.31496063,
  23.566929 -45.602324 -0.31496063,23.551218 -45.589141 -0.31496063,
  23.540963 -45.571379 -0.31496063,28.072835 -44.96063 -0.31496063,
  28.039898 -44.963719 -0.31496063,27.990051 -44.981161 -0.31496063,
  27.94756 -45.01252 -0.31496063,27.9162 -45.055011 -0.31496063,
  27.898758 -45.104858 -0.31496063,27.895669 -45.137795 -0.31496063,
  27.895669 -46.297541 -0.31496063,28.604331 -46.297881 -0.31496063,
  28.604331 -45.137795 -0.31496063,28.601242 -45.104858 -0.31496063,
  28.5838 -45.055011 -0.31496063,28.55244 -45.01252 -0.31496063,
  28.509949 -44.981161 -0.31496063,28.460102 -44.963719 -0.31496063,
  28.427165 -44.96063 -0.31496063,28.190945 -45.551181 -0.31496063,
  28.194506 -45.530983 -0.31496063,28.204761 -45.513221 -0.31496063,
  28.220472 -45.500038 -0.31496063,28.239745 -45.493023 -0.31496063,
  28.260255 -45.493023 -0.31496063,28.279528 -45.500038 -0.31496063,
  28.295239 -45.513221 -0.31496063,28.305494 -45.530983 -0.31496063,
  28.309055 -45.551181 -0.31496063,28.305494 -45.571379 -0.31496063,
  28.295239 -45.589141 -0.31496063,28.279528 -45.602324 -0.31496063,
  28.260255 -45.609339 -0.31496063,28.239745 -45.609339 -0.31496063,
  28.220472 -45.602324 -0.31496063,28.204761 -45.589141 -0.31496063,
  28.194506 -45.571379 -0.31496063,30.134617 -36.19309 -0.31496063,
  30.099014 -36.213645 -0.31496063,30.069944 -36.242715 -0.31496063,
  30.049389 -36.278318 -0.31496063,30.038749 -36.318028 -0.31496063,
  30.038749 -36.359138 -0.31496063,30.049389 -36.398848 -0.31496063,
  30.069944 -36.434451 -0.31496063,30.099014 -36.46352 -0.31496063,
  30.134617 -36.484076 -0.31496063,30.174327 -36.494716 -0.31496063,
  30.194882 -36.496063 -0.31496063,30.746063 -36.496063 -0.31496063,
  30.766618 -36.494716 -0.31496063,30.806328 -36.484076 -0.31496063,
  30.841931 -36.46352 -0.31496063,30.857419 -36.449938 -0.31496063,
  31.361355 -35.946001 -0.31496063,31.374937 -35.930514 -0.31496063,
  31.385604 -35.912039 -0.31496063,31.395493 -35.894911 -0.31496063,
  31.406133 -35.855201 -0.31496063,31.40748 -35.834646 -0.31496063,
  31.40748 -35.511811 -0.31496063,31.427165 -35.511811 -0.31496063,
  31.460102 -35.508722 -0.31496063,31.509949 -35.49128 -0.31496063,
  31.55244 -35.45992 -0.31496063,31.5838 -35.41743 -0.31496063,
  31.601242 -35.367583 -0.31496063,31.604331 -35.334646 -0.31496063,
  31.604331 -34.195476 -0.31496063,31.575951 -34.188999 -0.31496063,
  31.44423 -34.174157 -0.31496063,31.377953 -34.173228 -0.31496063,
  30.895669 -34.173228 -0.31496063,30.895669 -35.334646 -0.31496063,
  30.898758 -35.367583 -0.31496063,30.9162 -35.41743 -0.31496063,
  30.94756 -35.45992 -0.31496063,30.990051 -35.49128 -0.31496063,
  31.039898 -35.508722 -0.31496063,31.072835 -35.511811 -0.31496063,
  31.09252 -35.511811 -0.31496063,31.09252 -35.769415 -0.31496063,
  30.680832 -36.181102 -0.31496063,30.194882 -36.181102 -0.31496063,
  30.174327 -36.18245 -0.31496063,30.135827 -36.338583 -0.31496063,
  30.139388 -36.318385 -0.31496063,30.149643 -36.300623 -0.31496063,
  30.165354 -36.287439 -0.31496063,30.184627 -36.280425 -0.31496063,
  30.205137 -36.280425 -0.31496063,30.224409 -36.287439 -0.31496063,
  30.240121 -36.300623 -0.31496063,30.250376 -36.318385 -0.31496063,
  30.253937 -36.338583 -0.31496063,30.250376 -36.358781 -0.31496063,
  30.240121 -36.376543 -0.31496063,30.224409 -36.389726 -0.31496063,
  30.205137 -36.396741 -0.31496063,30.184627 -36.396741 -0.31496063,
  30.165354 -36.389726 -0.31496063,30.149643 -36.376543 -0.31496063,
  30.139388 -36.358781 -0.31496063,31.072835 -44.96063 -0.31496063,
  31.039898 -44.963719 -0.31496063,30.990051 -44.981161 -0.31496063,
  30.94756 -45.01252 -0.31496063,30.9162 -45.055011 -0.31496063,
  30.898758 -45.104858 -0.31496063,30.895669 -45.137795 -0.31496063,
  30.895669 -46.298981 -0.31496063,31.375984 -46.299213 -0.31496063,
  31.442335 -46.298424 -0.31496063,31.574222 -46.283771 -0.31496063,
  31.604331 -46.276944 -0.31496063,31.604331 -45.137795 -0.31496063,
  31.601242 -45.104858 -0.31496063,31.5838 -45.055011 -0.31496063,
  31.55244 -45.01252 -0.31496063,31.509949 -44.981161 -0.31496063,
  31.460102 -44.963719 -0.31496063,31.427165 -44.96063 -0.31496063,
  31.190945 -45.551181 -0.31496063,31.194506 -45.530983 -0.31496063,
  31.204761 -45.513221 -0.31496063,31.220472 -45.500038 -0.31496063,
  31.239745 -45.493023 -0.31496063,31.260255 -45.493023 -0.31496063,
  31.279528 -45.500038 -0.31496063,31.295239 -45.513221 -0.31496063,
  31.305494 -45.530983 -0.31496063,31.309055 -45.551181 -0.31496063,
  31.305494 -45.571379 -0.31496063,31.295239 -45.589141 -0.31496063,
  31.279528 -45.602324 -0.31496063,31.260255 -45.609339 -0.31496063,
  31.239745 -45.609339 -0.31496063,31.220472 -45.602324 -0.31496063,
  31.204761 -45.589141 -0.31496063,31.194506 -45.571379 -0.31496063,
  30.072835 -44.96063 -0.31496063,30.039898 -44.963719 -0.31496063,
  29.990051 -44.981161 -0.31496063,29.94756 -45.01252 -0.31496063,
  29.9162 -45.055011 -0.31496063,29.898758 -45.104858 -0.31496063,
  29.895669 -45.137795 -0.31496063,29.895669 -46.298501 -0.31496063,
  30.604331 -46.298842 -0.31496063,30.604331 -45.137795 -0.31496063,
  30.601242 -45.104858 -0.31496063,30.5838 -45.055011 -0.31496063,
  30.55244 -45.01252 -0.31496063,30.509949 -44.981161 -0.31496063,
  30.460102 -44.963719 -0.31496063,30.427165 -44.96063 -0.31496063,
  30.190945 -45.551181 -0.31496063,30.194506 -45.530983 -0.31496063,
  30.204761 -45.513221 -0.31496063,30.220472 -45.500038 -0.31496063,
  30.239745 -45.493023 -0.31496063,30.260255 -45.493023 -0.31496063,
  30.279528 -45.500038 -0.31496063,30.295239 -45.513221 -0.31496063,
  30.305494 -45.530983 -0.31496063,30.309055 -45.551181 -0.31496063,
  30.305494 -45.571379 -0.31496063,30.295239 -45.589141 -0.31496063,
  30.279528 -45.602324 -0.31496063,30.260255 -45.609339 -0.31496063,
  30.239745 -45.609339 -0.31496063,30.220472 -45.602324 -0.31496063,
  30.204761 -45.589141 -0.31496063,30.194506 -45.571379 -0.31496063] }
 coordIndex [
  0,48,9,-1,0,9,1,-1,1,9,8,-1,1,8,2,-1,2,8,7,-1,2,7,3,-1,3,7,6,-1,3,6,4,-1,
  4,6,5,-1,10,9,63,-1,63,9,64,-1,64,9,65,-1,65,9,48,-1,61,60,11,-1,61,11,62,-1,62,11,10,-1,
  62,10,63,-1,57,56,45,-1,57,45,58,-1,58,45,11,-1,58,11,59,-1,59,11,60,-1,11,45,12,-1,12,45,13,-1,
  13,45,14,-1,14,45,44,-1,44,43,15,-1,15,43,16,-1,16,43,17,-1,17,43,35,-1,35,43,42,-1,48,0,49,-1,
  49,0,50,-1,50,0,51,-1,51,0,47,-1,53,52,46,-1,46,52,47,-1,47,52,51,-1,53,46,54,-1,54,46,55,-1,
  55,46,56,-1,56,46,45,-1,74,73,76,-1,76,73,92,-1,92,73,93,-1,93,73,94,-1,94,73,95,-1,95,73,96,-1,
  96,73,97,-1,97,73,98,-1,98,73,99,-1,99,73,82,-1,82,73,66,-1,66,73,67,-1,67,73,68,-1,68,73,69,-1,
  69,73,70,-1,70,73,71,-1,71,73,72,-1,76,92,77,-1,77,92,78,-1,78,92,79,-1,79,92,80,-1,80,92,81,-1,
  81,92,91,-1,82,66,83,-1,83,66,84,-1,84,66,85,-1,85,66,86,-1,86,66,87,-1,87,66,88,-1,88,66,89,-1,
  89,66,90,-1,90,66,81,-1,36,35,37,-1,37,35,38,-1,38,35,39,-1,39,35,40,-1,40,35,41,-1,41,35,42,-1,
  35,34,17,-1,17,34,18,-1,18,34,19,-1,20,34,21,-1,21,34,22,-1,22,34,23,-1,23,34,24,-1,24,34,33,-1,
  24,33,25,-1,25,33,26,-1,26,33,27,-1,27,33,32,-1,27,32,28,-1,28,32,29,-1,29,32,30,-1,30,32,31,-1,
  112,111,114,-1,114,111,115,-1,115,111,116,-1,116,111,117,-1,117,111,118,-1,118,111,119,-1,119,111,120,-1,120,111,103,-1,
  103,111,104,-1,104,111,105,-1,105,111,106,-1,106,111,107,-1,107,111,108,-1,108,111,109,-1,109,111,110,-1,120,103,122,-1,
  122,103,152,-1,152,103,153,-1,153,103,154,-1,154,103,155,-1,155,103,156,-1,156,103,157,-1,157,103,158,-1,158,103,159,-1,
  159,103,160,-1,160,103,143,-1,143,103,101,-1,101,103,102,-1,144,143,141,-1,141,143,100,-1,100,143,101,-1,134,133,135,-1,
  135,133,136,-1,136,133,137,-1,137,133,138,-1,138,133,139,-1,139,133,140,-1,140,133,141,-1,141,133,124,-1,124,133,125,-1,
  125,133,126,-1,126,133,127,-1,127,133,128,-1,128,133,129,-1,129,133,130,-1,130,133,131,-1,131,133,132,-1,144,141,145,-1,
  145,141,146,-1,146,141,147,-1,147,141,148,-1,148,141,149,-1,149,141,150,-1,150,141,151,-1,151,141,152,-1,152,141,122,-1,
  122,141,123,-1,123,141,124,-1,172,171,174,-1,174,171,175,-1,175,171,176,-1,176,171,177,-1,177,171,178,-1,178,171,179,-1,
  179,171,180,-1,180,171,163,-1,163,171,164,-1,164,171,165,-1,165,171,166,-1,166,171,167,-1,167,171,168,-1,168,171,169,-1,
  169,171,170,-1,180,163,182,-1,182,163,212,-1,212,163,213,-1,213,163,214,-1,214,163,215,-1,215,163,216,-1,216,163,217,-1,
  217,163,218,-1,218,163,219,-1,219,163,220,-1,220,163,203,-1,203,163,161,-1,161,163,162,-1,202,201,161,-1,161,201,203,-1,
  203,201,204,-1,204,201,205,-1,205,201,206,-1,206,201,207,-1,207,201,208,-1,208,201,209,-1,209,201,210,-1,210,201,211,-1,
  211,201,212,-1,212,201,182,-1,182,201,183,-1,183,201,184,-1,184,201,193,-1,193,201,200,-1,194,193,195,-1,195,193,196,-1,
  196,193,197,-1,197,193,198,-1,198,193,199,-1,199,193,200,-1,184,193,185,-1,185,193,186,-1,186,193,187,-1,187,193,188,-1,
  188,193,189,-1,189,193,190,-1,190,193,191,-1,191,193,192,-1,221,266,230,-1,221,230,222,-1,222,230,229,-1,222,229,223,-1,
  223,229,228,-1,223,228,224,-1,224,228,227,-1,224,227,225,-1,225,227,226,-1,231,230,281,-1,281,230,282,-1,282,230,283,-1,
  283,230,266,-1,279,278,232,-1,279,232,280,-1,280,232,231,-1,280,231,281,-1,275,274,263,-1,275,263,276,-1,276,263,232,-1,
  276,232,277,-1,277,232,278,-1,232,263,233,-1,233,263,234,-1,234,263,235,-1,235,263,262,-1,262,261,236,-1,236,261,237,-1,
  237,261,238,-1,238,261,253,-1,253,261,260,-1,266,221,267,-1,267,221,268,-1,268,221,269,-1,269,221,265,-1,271,270,264,-1,
  264,270,265,-1,265,270,269,-1,271,264,272,-1,272,264,273,-1,273,264,274,-1,274,264,263,-1,292,291,294,-1,294,291,310,-1,
  310,291,311,-1,311,291,312,-1,312,291,313,-1,313,291,314,-1,314,291,315,-1,315,291,316,-1,316,291,317,-1,317,291,300,-1,
  300,291,284,-1,284,291,285,-1,285,291,286,-1,286,291,287,-1,287,291,288,-1,288,291,289,-1,289,291,290,-1,294,310,295,-1,
  295,310,296,-1,296,310,297,-1,297,310,298,-1,298,310,299,-1,299,310,309,-1,300,284,301,-1,301,284,302,-1,302,284,303,-1,
  303,284,304,-1,304,284,305,-1,305,284,306,-1,306,284,307,-1,307,284,308,-1,308,284,299,-1,254,253,255,-1,255,253,256,-1,
  256,253,257,-1,257,253,258,-1,258,253,259,-1,259,253,260,-1,238,253,239,-1,239,253,240,-1,240,253,241,-1,241,253,242,-1,
  242,253,243,-1,243,253,244,-1,244,253,245,-1,245,253,246,-1,246,253,247,-1,247,253,248,-1,248,253,249,-1,249,253,250,-1,
  250,253,251,-1,251,253,252,-1,326,325,328,-1,328,325,344,-1,344,325,345,-1,345,325,346,-1,346,325,347,-1,347,325,348,-1,
  348,325,349,-1,349,325,350,-1,350,325,351,-1,351,325,334,-1,334,325,318,-1,318,325,319,-1,319,325,320,-1,320,325,321,-1,
  321,325,322,-1,322,325,323,-1,323,325,324,-1,328,344,329,-1,329,344,330,-1,330,344,331,-1,331,344,332,-1,332,344,333,-1,
  333,344,343,-1,334,318,335,-1,335,318,336,-1,336,318,337,-1,337,318,338,-1,338,318,339,-1,339,318,340,-1,340,318,341,-1,
  341,318,342,-1,342,318,333,-1,360,359,362,-1,362,359,378,-1,378,359,379,-1,379,359,380,-1,380,359,381,-1,381,359,382,-1,
  382,359,383,-1,383,359,384,-1,384,359,385,-1,385,359,368,-1,368,359,352,-1,352,359,353,-1,353,359,354,-1,354,359,355,-1,
  355,359,356,-1,356,359,357,-1,357,359,358,-1,362,378,363,-1,363,378,364,-1,364,378,365,-1,365,378,366,-1,366,378,367,-1,
  367,378,377,-1,368,352,369,-1,369,352,370,-1,370,352,371,-1,371,352,372,-1,372,352,373,-1,373,352,374,-1,374,352,375,-1,
  375,352,376,-1,376,352,367,-1,394,393,396,-1,396,393,412,-1,412,393,413,-1,413,393,414,-1,414,393,415,-1,415,393,416,-1,
  416,393,417,-1,417,393,418,-1,418,393,419,-1,419,393,402,-1,402,393,386,-1,386,393,387,-1,387,393,388,-1,388,393,389,-1,
  389,393,390,-1,390,393,391,-1,391,393,392,-1,396,412,397,-1,397,412,398,-1,398,412,399,-1,399,412,400,-1,400,412,401,-1,
  401,412,411,-1,402,386,403,-1,403,386,404,-1,404,386,405,-1,405,386,406,-1,406,386,407,-1,407,386,408,-1,408,386,409,-1,
  409,386,410,-1,410,386,401,-1,420,438,440,-1,440,438,441,-1,441,438,442,-1,442,438,443,-1,443,438,444,-1,444,438,445,-1,
  445,438,446,-1,446,438,447,-1,447,438,448,-1,448,438,431,-1,431,438,432,-1,432,438,433,-1,433,438,434,-1,434,438,435,-1,
  435,438,436,-1,436,438,437,-1,455,454,431,-1,455,431,456,-1,456,431,430,-1,456,430,439,-1,439,430,420,-1,439,420,440,-1,
  448,431,449,-1,449,431,450,-1,450,431,451,-1,451,431,452,-1,452,431,453,-1,453,431,454,-1,422,421,427,-1,427,421,428,-1,
  428,421,429,-1,429,421,430,-1,430,421,420,-1,423,422,425,-1,425,422,426,-1,426,422,427,-1,457,472,474,-1,474,472,475,-1,
  475,472,476,-1,476,472,477,-1,477,472,478,-1,478,472,479,-1,479,472,480,-1,480,472,481,-1,481,472,482,-1,482,472,465,-1,
  465,472,471,-1,458,457,490,-1,490,457,473,-1,473,457,474,-1,466,465,467,-1,467,465,468,-1,468,465,469,-1,469,465,470,-1,
  470,465,471,-1,482,465,483,-1,483,465,484,-1,484,465,485,-1,485,465,486,-1,486,465,487,-1,487,465,488,-1,488,465,489,-1,
  489,465,490,-1,490,465,462,-1,462,465,463,-1,463,465,464,-1,458,490,459,-1,459,490,460,-1,460,490,461,-1,461,490,462,-1,
  491,506,508,-1,508,506,509,-1,509,506,510,-1,510,506,511,-1,511,506,512,-1,512,506,513,-1,513,506,514,-1,514,506,515,-1,
  515,506,516,-1,516,506,499,-1,499,506,505,-1,492,491,524,-1,524,491,507,-1,507,491,508,-1,500,499,501,-1,501,499,502,-1,
  502,499,503,-1,503,499,504,-1,504,499,505,-1,516,499,517,-1,517,499,518,-1,518,499,519,-1,519,499,520,-1,520,499,521,-1,
  521,499,522,-1,522,499,523,-1,523,499,524,-1,524,499,496,-1,496,499,497,-1,497,499,498,-1,492,524,493,-1,493,524,494,-1,
  494,524,495,-1,495,524,496,-1,567,566,574,-1,574,566,575,-1,575,566,576,-1,576,566,577,-1,577,566,578,-1,578,566,537,-1,
  537,566,565,-1,572,571,568,-1,572,568,573,-1,573,568,567,-1,573,567,574,-1,585,584,535,-1,585,535,586,-1,586,535,534,-1,
  586,534,569,-1,569,534,525,-1,569,525,570,-1,570,525,568,-1,570,568,571,-1,556,555,558,-1,558,555,559,-1,559,555,560,-1,
  560,555,561,-1,561,555,562,-1,562,555,563,-1,563,555,564,-1,564,555,547,-1,547,555,548,-1,548,555,549,-1,549,555,550,-1,
  550,555,551,-1,551,555,552,-1,552,555,553,-1,553,555,554,-1,564,547,542,-1,542,547,543,-1,543,547,544,-1,544,547,545,-1,
  545,547,546,-1,537,565,538,-1,538,565,539,-1,539,565,540,-1,540,565,541,-1,541,565,542,-1,542,565,564,-1,578,537,579,-1,
  579,537,580,-1,580,537,581,-1,581,537,582,-1,582,537,536,-1,584,583,535,-1,535,583,536,-1,536,583,582,-1,531,529,528,-1,
  531,528,532,-1,532,528,527,-1,532,527,533,-1,533,527,526,-1,533,526,534,-1,534,526,525,-1,587,602,604,-1,604,602,605,-1,
  605,602,606,-1,606,602,607,-1,607,602,608,-1,608,602,609,-1,609,602,610,-1,610,602,611,-1,611,602,612,-1,612,602,595,-1,
  595,602,601,-1,588,587,620,-1,620,587,603,-1,603,587,604,-1,596,595,597,-1,597,595,598,-1,598,595,599,-1,599,595,600,-1,
  600,595,601,-1,612,595,613,-1,613,595,614,-1,614,595,615,-1,615,595,616,-1,616,595,617,-1,617,595,618,-1,618,595,619,-1,
  619,595,620,-1,620,595,592,-1,592,595,593,-1,593,595,594,-1,588,620,589,-1,589,620,590,-1,590,620,591,-1,591,620,592,-1,
  621,636,638,-1,638,636,639,-1,639,636,640,-1,640,636,641,-1,641,636,642,-1,642,636,643,-1,643,636,644,-1,644,636,645,-1,
  645,636,646,-1,646,636,629,-1,629,636,635,-1,622,621,654,-1,654,621,637,-1,637,621,638,-1,630,629,631,-1,631,629,632,-1,
  632,629,633,-1,633,629,634,-1,634,629,635,-1,646,629,647,-1,647,629,648,-1,648,629,649,-1,649,629,650,-1,650,629,651,-1,
  651,629,652,-1,652,629,653,-1,653,629,654,-1,654,629,626,-1,626,629,627,-1,627,629,628,-1,622,654,623,-1,623,654,624,-1,
  624,654,625,-1,625,654,626,-1,701,700,708,-1,708,700,709,-1,709,700,710,-1,710,700,711,-1,711,700,712,-1,712,700,667,-1,
  667,700,699,-1,706,705,702,-1,706,702,707,-1,707,702,701,-1,707,701,708,-1,719,718,665,-1,719,665,720,-1,720,665,664,-1,
  720,664,703,-1,703,664,655,-1,703,655,704,-1,704,655,702,-1,704,702,705,-1,682,681,687,-1,682,687,683,-1,683,687,686,-1,
  683,686,684,-1,684,686,685,-1,679,678,688,-1,679,688,680,-1,680,688,687,-1,680,687,681,-1,673,672,689,-1,673,689,674,-1,
  674,689,688,-1,674,688,675,-1,675,688,678,-1,675,678,676,-1,676,678,677,-1,690,689,692,-1,692,689,693,-1,693,689,694,-1,
  694,689,695,-1,695,689,696,-1,696,689,697,-1,697,689,698,-1,698,689,672,-1,667,699,668,-1,668,699,669,-1,669,699,670,-1,
  670,699,671,-1,671,699,672,-1,672,699,698,-1,712,667,713,-1,713,667,714,-1,714,667,715,-1,715,667,716,-1,716,667,666,-1,
  718,717,665,-1,665,717,666,-1,666,717,716,-1,661,659,658,-1,661,658,662,-1,662,658,657,-1,662,657,663,-1,663,657,656,-1,
  663,656,664,-1,664,656,655,-1,734,733,732,-1,734,732,735,-1,735,732,731,-1,735,731,736,-1,736,731,737,-1,729,749,739,-1,
  729,739,730,-1,730,739,738,-1,730,738,731,-1,731,738,737,-1,721,739,741,-1,741,739,742,-1,742,739,743,-1,743,739,744,-1,
  744,739,745,-1,745,739,746,-1,746,739,747,-1,747,739,748,-1,748,739,749,-1,729,723,722,-1,729,722,757,-1,757,722,721,-1,
  757,721,740,-1,740,721,741,-1,749,729,750,-1,750,729,751,-1,751,729,752,-1,752,729,753,-1,753,729,754,-1,754,729,755,-1,
  755,729,756,-1,756,729,757,-1,723,729,724,-1,724,729,725,-1,725,729,726,-1,726,729,727,-1,727,729,728,-1,758,773,775,-1,
  775,773,776,-1,776,773,777,-1,777,773,778,-1,778,773,779,-1,779,773,780,-1,780,773,781,-1,781,773,782,-1,782,773,783,-1,
  783,773,766,-1,766,773,772,-1,759,758,791,-1,791,758,774,-1,774,758,775,-1,767,766,768,-1,768,766,769,-1,769,766,770,-1,
  770,766,771,-1,771,766,772,-1,783,766,784,-1,784,766,785,-1,785,766,786,-1,786,766,787,-1,787,766,788,-1,788,766,789,-1,
  789,766,790,-1,790,766,791,-1,791,766,763,-1,763,766,764,-1,764,766,765,-1,759,791,760,-1,760,791,761,-1,761,791,762,-1,
  762,791,763,-1,659,661,660,-1,690,692,691,-1,529,531,530,-1,556,558,557,-1,423,425,424,-1,410,401,411,-1,394,396,395,-1,
  376,367,377,-1,360,362,361,-1,342,333,343,-1,326,328,327,-1,308,299,309,-1,292,294,293,-1,262,236,235,-1,180,182,181,-1,
  172,174,173,-1,120,122,121,-1,100,142,141,-1,112,114,113,-1,90,81,91,-1,74,76,75,-1,44,15,14,-1]
  normalPerVertex TRUE
  normal DEF NORM_6 Normal { vector [
  0 0 -1,0 0 -1,
  0 0 -1,0 0 -1,
  0 0 -1,0 0 -1,
  0 0 -1,0 0 -1,
  0 0 -1,0 0 -1,
  0 0 -1,0 0 -1,
  0 0 -1,0 0 -1,
  0 0 -1,0 0 -1,
  0 0 -1,0 0 -1,
  0 0 -1,0 0 -1,
  0 0 -1,0 0 -1,
  0 0 -1,0 0 -1,
  0 0 -1,0 0 -1,
  0 0 -1,0 0 -1,
  0 0 -1,0 0 -1,
  0 0 -1,0 0 -1,
  0 0 -1,0 0 -1,
  0 0 -1,0 0 -1,
  0 0 -1,0 0 -1,
  0 0 -1,0 0 -1,
  0 0 -1,0 0 -1,
  0 0 -1,0 0 -1,
  0 0 -1,0 0 -1,
  0 0 -1,0 0 -1,
  0 0 -1,0 0 -1,
  0 0 -1,0 0 -1,
  0 0 -1,0 0 -1,
  0 0 -1,0 0 -1,
  0 0 -1,0 0 -1,
  0 0 -1,0 0 -1,
  0 0 -1,0 0 -1,
  0 0 -1,0 0 -1,
  0 0 -1,0 0 -1,
  0 0 -1,0 0 -1,
  0 0 -1,0 0 -1,
  0 0 -1,0 0 -1,
  0 0 -1,0 0 -1,
  0 0 -1,0 0 -1,
  0 0 -1,0 0 -1,
  0 0 -1,0 0 -1,
  0 0 -1,0 0 -1,
  0 0 -1,0 0 -1,
  0 0 -1,0 0 -1,
  0 0 -1,0 0 -1,
  0 0 -1,0 0 -1,
  0 0 -1,0 0 -1,
  0 0 -1,0 0 -1,
  0 0 -1,0 0 -1,
  0 0 -1,0 0 -1,
  0 0 -1,0 0 -1,
  0 0 -1,0 0 -1,
  0 0 -1,0 0 -1,
  0 0 -1,0 0 -1,
  0 0 -1,0 0 -1,
  0 0 -1,0 0 -1,
  0 0 -1,0 0 -1,
  0 0 -1,0 0 -1,
  0 0 -1,0 0 -1,
  0 0 -1,0 0 -1,
  0 0 -1,0 0 -1,
  0 0 -1,0 0 -1,
  0 0 -1,0 0 -1,
  0 0 -1,0 0 -1,
  0 0 -1,0 0 -1,
  0 0 -1,0 0 -1,
  0 0 -1,0 0 -1,
  0 0 -1,0 0 -1,
  0 0 -1,0 0 -1,
  0 0 -1,0 0 -1,
  0 0 -1,0 0 -1,
  0 0 -1,0 0 -1,
  0 0 -1,0 0 -1,
  0 0 -1,0 0 -1,
  0 0 -1,0 0 -1,
  0 0 -1,0 0 -1,
  0 0 -1,0 0 -1,
  0 0 -1,0 0 -1,
  0 0 -1,0 0 -1,
  0 0 -1,0 0 -1,
  0 0 -1,0 0 -1,
  0 0 -1,0 0 -1,
  0 0 -1,0 0 -1,
  0 0 -1,0 0 -1,
  0 0 -1,0 0 -1,
  0 0 -1,0 0 -1,
  0 0 -1,0 0 -1,
  0 0 -1,0 0 -1,
  0 0 -1,0 0 -1,
  0 0 -1,0 0 -1,
  0 0 -1,0 0 -1,
  0 0 -1,0 0 -1,
  0 0 -1,0 0 -1,
  0 0 -1,0 0 -1,
  0 0 -1,0 0 -1,
  0 0 -1,0 0 -1,
  0 0 -1,0 0 -1,
  0 0 -1,0 0 -1,
  0 0 -1,0 0 -1,
  0 0 -1,0 0 -1,
  0 0 -1,0 0 -1,
  0 0 -1,0 0 -1,
  0 0 -1,0 0 -1,
  0 0 -1,0 0 -1,
  0 0 -1,0 0 -1,
  0 0 -1,0 0 -1,
  0 0 -1,0 0 -1,
  0 0 -1,0 0 -1,
  0 0 -1,0 0 -1,
  0 0 -1,0 0 -1,
  0 0 -1,0 0 -1,
  0 0 -1,0 0 -1,
  0 0 -1,0 0 -1,
  0 0 -1,0 0 -1,
  0 0 -1,0 0 -1,
  0 0 -1,0 0 -1,
  0 0 -1,0 0 -1,
  0 0 -1,0 0 -1,
  0 0 -1,0 0 -1,
  0 0 -1,0 0 -1,
  0 0 -1,0 0 -1,
  0 0 -1,0 0 -1,
  0 0 -1,0 0 -1,
  0 0 -1,0 0 -1,
  0 0 -1,0 0 -1,
  0 0 -1,0 0 -1,
  0 0 -1,0 0 -1,
  0 0 -1,0 0 -1,
  0 0 -1,0 0 -1,
  0 0 -1,0 0 -1,
  0 0 -1,0 0 -1,
  0 0 -1,0 0 -1,
  0 0 -1,0 0 -1,
  0 0 -1,0 0 -1,
  0 0 -1,0 0 -1,
  0 0 -1,0 0 -1,
  0 0 -1,0 0 -1,
  0 0 -1,0 0 -1,
  0 0 -1,0 0 -1,
  0 0 -1,0 0 -1,
  0 0 -1,0 0 -1,
  0 0 -1,0 0 -1,
  0 0 -1,0 0 -1,
  0 0 -1,0 0 -1,
  0 0 -1,0 0 -1,
  0 0 -1,0 0 -1,
  0 0 -1,0 0 -1,
  0 0 -1,0 0 -1,
  0 0 -1,0 0 -1,
  0 0 -1,0 0 -1,
  0 0 -1,0 0 -1,
  0 0 -1,0 0 -1,
  0 0 -1,0 0 -1,
  0 0 -1,0 0 -1,
  0 0 -1,0 0 -1,
  0 0 -1,0 0 -1,
  0 0 -1,0 0 -1,
  0 0 -1,0 0 -1,
  0 0 -1,0 0 -1,
  0 0 -1,0 0 -1,
  0 0 -1,0 0 -1,
  0 0 -1,0 0 -1,
  0 0 -1,0 0 -1,
  0 0 -1,0 0 -1,
  0 0 -1,0 0 -1,
  0 0 -1,0 0 -1,
  0 0 -1,0 0 -1,
  0 0 -1,0 0 -1,
  0 0 -1,0 0 -1,
  0 0 -1,0 0 -1,
  0 0 -1,0 0 -1,
  0 0 -1,0 0 -1,
  0 0 -1,0 0 -1,
  0 0 -1,0 0 -1,
  0 0 -1,0 0 -1,
  0 0 -1,0 0 -1,
  0 0 -1,0 0 -1,
  0 0 -1,0 0 -1,
  0 0 -1,0 0 -1,
  0 0 -1,0 0 -1,
  0 0 -1,0 0 -1,
  0 0 -1,0 0 -1,
  0 0 -1,0 0 -1,
  0 0 -1,0 0 -1,
  0 0 -1,0 0 -1,
  0 0 -1,0 0 -1,
  0 0 -1,0 0 -1,
  0 0 -1,0 0 -1,
  0 0 -1,0 0 -1,
  0 0 -1,0 0 -1,
  0 0 -1,0 0 -1,
  0 0 -1,0 0 -1,
  0 0 -1,0 0 -1,
  0 0 -1,0 0 -1,
  0 0 -1,0 0 -1,
  0 0 -1,0 0 -1,
  0 0 -1,0 0 -1,
  0 0 -1,0 0 -1,
  0 0 -1,0 0 -1,
  0 0 -1,0 0 -1,
  0 0 -1,0 0 -1,
  0 0 -1,0 0 -1,
  0 0 -1,0 0 -1,
  0 0 -1,0 0 -1,
  0 0 -1,0 0 -1,
  0 0 -1,0 0 -1,
  0 0 -1,0 0 -1,
  0 0 -1,0 0 -1,
  0 0 -1,0 0 -1,
  0 0 -1,0 0 -1,
  0 0 -1,0 0 -1,
  0 0 -1,0 0 -1,
  0 0 -1,0 0 -1,
  0 0 -1,0 0 -1,
  0 0 -1,0 0 -1,
  0 0 -1,0 0 -1,
  0 0 -1,0 0 -1,
  0 0 -1,0 0 -1,
  0 0 -1,0 0 -1,
  0 0 -1,0 0 -1,
  0 0 -1,0 0 -1,
  0 0 -1,0 0 -1,
  0 0 -1,0 0 -1,
  0 0 -1,0 0 -1,
  0 0 -1,0 0 -1,
  0 0 -1,0 0 -1,
  0 0 -1,0 0 -1,
  0 0 -1,0 0 -1,
  0 0 -1,0 0 -1,
  0 0 -1,0 0 -1,
  0 0 -1,0 0 -1,
  0 0 -1,0 0 -1,
  0 0 -1,0 0 -1,
  0 0 -1,0 0 -1,
  0 0 -1,0 0 -1,
  0 0 -1,0 0 -1,
  0 0 -1,0 0 -1,
  0 0 -1,0 0 -1,
  0 0 -1,0 0 -1,
  0 0 -1,0 0 -1,
  0 0 -1,0 0 -1,
  0 0 -1,0 0 -1,
  0 0 -1,0 0 -1,
  0 0 -1,0 0 -1,
  0 0 -1,0 0 -1,
  0 0 -1,0 0 -1,
  0 0 -1,0 0 -1,
  0 0 -1,0 0 -1,
  0 0 -1,0 0 -1,
  0 0 -1,0 0 -1,
  0 0 -1,0 0 -1,
  0 0 -1,0 0 -1,
  0 0 -1,0 0 -1,
  0 0 -1,0 0 -1,
  0 0 -1,0 0 -1,
  0 0 -1,0 0 -1,
  0 0 -1,0 0 -1,
  0 0 -1,0 0 -1,
  0 0 -1,0 0 -1,
  0 0 -1,0 0 -1,
  0 0 -1,0 0 -1,
  0 0 -1,0 0 -1,
  0 0 -1,0 0 -1,
  0 0 -1,0 0 -1,
  0 0 -1,0 0 -1,
  0 0 -1,0 0 -1,
  0 0 -1,0 0 -1,
  0 0 -1,0 0 -1,
  0 0 -1,0 0 -1,
  0 0 -1,0 0 -1,
  0 0 -1,0 0 -1,
  0 0 -1,0 0 -1,
  0 0 -1,0 0 -1,
  0 0 -1,0 0 -1,
  0 0 -1,0 0 -1,
  0 0 -1,0 0 -1,
  0 0 -1,0 0 -1,
  0 0 -1,0 0 -1,
  0 0 -1,0 0 -1,
  0 0 -1,0 0 -1,
  0 0 -1,0 0 -1,
  0 0 -1,0 0 -1,
  0 0 -1,0 0 -1,
  0 0 -1,0 0 -1,
  0 0 -1,0 0 -1,
  0 0 -1,0 0 -1,
  0 0 -1,0 0 -1,
  0 0 -1,0 0 -1,
  0 0 -1,0 0 -1,
  0 0 -1,0 0 -1,
  0 0 -1,0 0 -1,
  0 0 -1,0 0 -1,
  0 0 -1,0 0 -1,
  0 0 -1,0 0 -1,
  0 0 -1,0 0 -1,
  0 0 -1,0 0 -1,
  0 0 -1,0 0 -1,
  0 0 -1,0 0 -1,
  0 0 -1,0 0 -1,
  0 0 -1,0 0 -1,
  0 0 -1,0 0 -1,
  0 0 -1,0 0 -1,
  0 0 -1,0 0 -1,
  0 0 -1,0 0 -1,
  0 0 -1,0 0 -1,
  0 0 -1,0 0 -1,
  0 0 -1,0 0 -1,
  0 0 -1,0 0 -1,
  0 0 -1,0 0 -1,
  0 0 -1,0 0 -1,
  0 0 -1,0 0 -1,
  0 0 -1,0 0 -1,
  0 0 -1,0 0 -1,
  0 0 -1,0 0 -1,
  0 0 -1,0 0 -1,
  0 0 -1,0 0 -1,
  0 0 -1,0 0 -1,
  0 0 -1,0 0 -1,
  0 0 -1,0 0 -1,
  0 0 -1,0 0 -1,
  0 0 -1,0 0 -1,
  0 0 -1,0 0 -1,
  0 0 -1,0 0 -1,
  0 0 -1,0 0 -1,
  0 0 -1,0 0 -1,
  0 0 -1,0 0 -1,
  0 0 -1,0 0 -1,
  0 0 -1,0 0 -1,
  0 0 -1,0 0 -1,
  0 0 -1,0 0 -1,
  0 0 -1,0 0 -1,
  0 0 -1,0 0 -1,
  0 0 -1,0 0 -1,
  0 0 -1,0 0 -1,
  0 0 -1,0 0 -1,
  0 0 -1,0 0 -1,
  0 0 -1,0 0 -1,
  0 0 -1,0 0 -1,
  0 0 -1,0 0 -1,
  0 0 -1,0 0 -1,
  0 0 -1,0 0 -1,
  0 0 -1,0 0 -1,
  0 0 -1,0 0 -1,
  0 0 -1,0 0 -1,
  0 0 -1,0 0 -1,
  0 0 -1,0 0 -1,
  0 0 -1,0 0 -1,
  0 0 -1,0 0 -1,
  0 0 -1,0 0 -1,
  0 0 -1,0 0 -1,
  0 0 -1,0 0 -1,
  0 0 -1,0 0 -1,
  0 0 -1,0 0 -1,
  0 0 -1,0 0 -1,
  0 0 -1,0 0 -1,
  0 0 -1,0 0 -1,
  0 0 -1,0 0 -1,
  0 0 -1,0 0 -1,
  0 0 -1,0 0 -1,
  0 0 -1,0 0 -1,
  0 0 -1,0 0 -1,
  0 0 -1,0 0 -1,
  0 0 -1,0 0 -1,
  0 0 -1,0 0 -1,
  0 0 -1,0 0 -1,
  0 0 -1,0 0 -1,
  0 0 -1,0 0 -1,
  0 0 -1,0 0 -1,
  0 0 -1,0 0 -1,
  0 0 -1,0 0 -1,
  0 0 -1,0 0 -1,
  0 0 -1,0 0 -1,
  0 0 -1,0 0 -1,
  0 0 -1,0 0 -1,
  0 0 -1,0 0 -1,
  0 0 -1,0 0 -1,
  0 0 -1,0 0 -1,
  0 0 -1,0 0 -1,
  0 0 -1,0 0 -1,
  0 0 -1,0 0 -1,
  0 0 -1,0 0 -1,
  0 0 -1,0 0 -1,
  0 0 -1,0 0 -1,
  0 0 -1,0 0 -1,
  0 0 -1,0 0 -1,
  0 0 -1,0 0 -1,
  0 0 -1,0 0 -1,
  0 0 -1,0 0 -1,
  0 0 -1,0 0 -1,
  0 0 -1,0 0 -1,
  0 0 -1,0 0 -1,
  0 0 -1,0 0 -1,
  0 0 -1,0 0 -1,
  0 0 -1,0 0 -1,
  0 0 -1,0 0 -1,
  0 0 -1,0 0 -1,
  0 0 -1,0 0 -1] }
}
}
] }
DEF TXFM_7 Transform {
  center 0 0 0
  rotation 0 0 1 0
  scale 1 1 1
  scaleOrientation 0 0 1 0
  translation 0 0 0
 children [
DEF SHAPE_7 Shape {
 appearance USE APP_3
 geometry DEF FACE_7 IndexedFaceSet {
  coord DEF COORD_7 Coordinate { point [
  20.950787 -45.137795 -0.31988189,20.947699 -45.104858 -0.31988189,
  20.930257 -45.055011 -0.31988189,20.898897 -45.01252 -0.31988189,
  20.856406 -44.981161 -0.31988189,20.806559 -44.963719 -0.31988189,
  20.773622 -44.96063 -0.31988189,20.419291 -44.96063 -0.31988189,
  20.386354 -44.963719 -0.31988189,20.336507 -44.981161 -0.31988189,
  20.294017 -45.01252 -0.31988189,20.262657 -45.055011 -0.31988189,
  20.245215 -45.104858 -0.31988189,20.242126 -45.137795 -0.31988189,
  20.242126 -46.276066 -0.31988189,20.274443 -46.283442 -0.31988189,
  20.406164 -46.298283 -0.31988189,20.472441 -46.299213 -0.31988189,
  20.950787 -46.299213 -0.31988189,22.950787 -45.137795 -0.31988189,
  22.947699 -45.104858 -0.31988189,22.930257 -45.055011 -0.31988189,
  22.898897 -45.01252 -0.31988189,22.856406 -44.981161 -0.31988189,
  22.806559 -44.963719 -0.31988189,22.773622 -44.96063 -0.31988189,
  22.419291 -44.96063 -0.31988189,22.386354 -44.963719 -0.31988189,
  22.336507 -44.981161 -0.31988189,22.294017 -45.01252 -0.31988189,
  22.262657 -45.055011 -0.31988189,22.245215 -45.104858 -0.31988189,
  22.242126 -45.137795 -0.31988189,22.242126 -46.299213 -0.31988189,
  22.950787 -46.299213 -0.31988189,29.604331 -45.137795 -0.31988189,
  29.601242 -45.104858 -0.31988189,29.5838 -45.055011 -0.31988189,
  29.55244 -45.01252 -0.31988189,29.509949 -44.981161 -0.31988189,
  29.460102 -44.963719 -0.31988189,29.427165 -44.96063 -0.31988189,
  29.072835 -44.96063 -0.31988189,29.039898 -44.963719 -0.31988189,
  28.990051 -44.981161 -0.31988189,28.94756 -45.01252 -0.31988189,
  28.9162 -45.055011 -0.31988189,28.898758 -45.104858 -0.31988189,
  28.895669 -45.137795 -0.31988189,28.895669 -46.298021 -0.31988189,
  29.604331 -46.298361 -0.31988189,27.604331 -45.137795 -0.31988189,
  27.601242 -45.104858 -0.31988189,27.5838 -45.055011 -0.31988189,
  27.55244 -45.01252 -0.31988189,27.509949 -44.981161 -0.31988189,
  27.460102 -44.963719 -0.31988189,27.427165 -44.96063 -0.31988189,
  27.072835 -44.96063 -0.31988189,27.039898 -44.963719 -0.31988189,
  26.990051 -44.981161 -0.31988189,26.94756 -45.01252 -0.31988189,
  26.9162 -45.055011 -0.31988189,26.898758 -45.104858 -0.31988189,
  26.895669 -45.137795 -0.31988189,26.895669 -46.29706 -0.31988189,
  27.604331 -46.2974 -0.31988189,21.773622 -35.511811 -0.31988189,
  21.806559 -35.508722 -0.31988189,21.856406 -35.49128 -0.31988189,
  21.898897 -35.45992 -0.31988189,21.930257 -35.41743 -0.31988189,
  21.947699 -35.367583 -0.31988189,21.950787 -35.334646 -0.31988189,
  21.950787 -34.173938 -0.31988189,21.242126 -34.173598 -0.31988189,
  21.242126 -35.334646 -0.31988189,21.245215 -35.367583 -0.31988189,
  21.262657 -35.41743 -0.31988189,21.294017 -35.45992 -0.31988189,
  21.336507 -35.49128 -0.31988189,21.386354 -35.508722 -0.31988189,
  21.419291 -35.511811 -0.31988189,21.655512 -34.92126 -0.31988189,
  21.65195 -34.941458 -0.31988189,21.641696 -34.95922 -0.31988189,
  21.625984 -34.972403 -0.31988189,21.606712 -34.979418 -0.31988189,
  21.586202 -34.979418 -0.31988189,21.566929 -34.972403 -0.31988189,
  21.551218 -34.95922 -0.31988189,21.540963 -34.941458 -0.31988189,
  21.537402 -34.92126 -0.31988189,21.540963 -34.901062 -0.31988189,
  21.551218 -34.8833 -0.31988189,21.566929 -34.870117 -0.31988189,
  21.586202 -34.863102 -0.31988189,21.606712 -34.863102 -0.31988189,
  21.625984 -34.870117 -0.31988189,21.641696 -34.8833 -0.31988189,
  21.65195 -34.901062 -0.31988189,22.950787 -34.174419 -0.31988189,
  22.242126 -34.174078 -0.31988189,22.242126 -35.334646 -0.31988189,
  22.245215 -35.367583 -0.31988189,22.262657 -35.41743 -0.31988189,
  22.294017 -35.45992 -0.31988189,22.336507 -35.49128 -0.31988189,
  22.386354 -35.508722 -0.31988189,22.419291 -35.511811 -0.31988189,
  22.773622 -35.511811 -0.31988189,22.806559 -35.508722 -0.31988189,
  22.856406 -35.49128 -0.31988189,22.898897 -35.45992 -0.31988189,
  22.930257 -35.41743 -0.31988189,22.947699 -35.367583 -0.31988189,
  22.950787 -35.334646 -0.31988189,23.773622 -35.511811 -0.31988189,
  23.806559 -35.508722 -0.31988189,23.856406 -35.49128 -0.31988189,
  23.898897 -35.45992 -0.31988189,23.930257 -35.41743 -0.31988189,
  23.947699 -35.367583 -0.31988189,23.950787 -35.334646 -0.31988189,
  23.950787 -34.174899 -0.31988189,23.242126 -34.174559 -0.31988189,
  23.242126 -35.334646 -0.31988189,23.245215 -35.367583 -0.31988189,
  23.262657 -35.41743 -0.31988189,23.294017 -35.45992 -0.31988189,
  23.336507 -35.49128 -0.31988189,23.386354 -35.508722 -0.31988189,
  23.419291 -35.511811 -0.31988189,23.655512 -34.92126 -0.31988189,
  23.65195 -34.941458 -0.31988189,23.641696 -34.95922 -0.31988189,
  23.625984 -34.972403 -0.31988189,23.606712 -34.979418 -0.31988189,
  23.586202 -34.979418 -0.31988189,23.566929 -34.972403 -0.31988189,
  23.551218 -34.95922 -0.31988189,23.540963 -34.941458 -0.31988189,
  23.537402 -34.92126 -0.31988189,23.540963 -34.901062 -0.31988189,
  23.551218 -34.8833 -0.31988189,23.566929 -34.870117 -0.31988189,
  23.586202 -34.863102 -0.31988189,23.606712 -34.863102 -0.31988189,
  23.625984 -34.870117 -0.31988189,23.641696 -34.8833 -0.31988189,
  23.65195 -34.901062 -0.31988189,24.950787 -34.17538 -0.31988189,
  24.242126 -34.175039 -0.31988189,24.242126 -35.334646 -0.31988189,
  24.245215 -35.367583 -0.31988189,24.262657 -35.41743 -0.31988189,
  24.294017 -35.45992 -0.31988189,24.336507 -35.49128 -0.31988189,
  24.386354 -35.508722 -0.31988189,24.419291 -35.511811 -0.31988189,
  24.773622 -35.511811 -0.31988189,24.806559 -35.508722 -0.31988189,
  24.856406 -35.49128 -0.31988189,24.898897 -35.45992 -0.31988189,
  24.930257 -35.41743 -0.31988189,24.947699 -35.367583 -0.31988189,
  24.950787 -35.334646 -0.31988189,27.427165 -35.511811 -0.31988189,
  27.460102 -35.508722 -0.31988189,27.509949 -35.49128 -0.31988189,
  27.55244 -35.45992 -0.31988189,27.5838 -35.41743 -0.31988189,
  27.601242 -35.367583 -0.31988189,27.604331 -35.334646 -0.31988189,
  27.604331 -34.173228 -0.31988189,26.895669 -34.173228 -0.31988189,
  26.895669 -35.334646 -0.31988189,26.898758 -35.367583 -0.31988189,
  26.9162 -35.41743 -0.31988189,26.94756 -35.45992 -0.31988189,
  26.990051 -35.49128 -0.31988189,27.039898 -35.508722 -0.31988189,
  27.072835 -35.511811 -0.31988189,27.309055 -34.92126 -0.31988189,
  27.305494 -34.941458 -0.31988189,27.295239 -34.95922 -0.31988189,
  27.279528 -34.972403 -0.31988189,27.260255 -34.979418 -0.31988189,
  27.239745 -34.979418 -0.31988189,27.220472 -34.972403 -0.31988189,
  27.204761 -34.95922 -0.31988189,27.194506 -34.941458 -0.31988189,
  27.190945 -34.92126 -0.31988189,27.194506 -34.901062 -0.31988189,
  27.204761 -34.8833 -0.31988189,27.220472 -34.870117 -0.31988189,
  27.239745 -34.863102 -0.31988189,27.260255 -34.863102 -0.31988189,
  27.279528 -34.870117 -0.31988189,27.295239 -34.8833 -0.31988189,
  27.305494 -34.901062 -0.31988189,28.427165 -35.511811 -0.31988189,
  28.460102 -35.508722 -0.31988189,28.509949 -35.49128 -0.31988189,
  28.55244 -35.45992 -0.31988189,28.5838 -35.41743 -0.31988189,
  28.601242 -35.367583 -0.31988189,28.604331 -35.334646 -0.31988189,
  28.604331 -34.173228 -0.31988189,27.895669 -34.173228 -0.31988189,
  27.895669 -35.334646 -0.31988189,27.898758 -35.367583 -0.31988189,
  27.9162 -35.41743 -0.31988189,27.94756 -35.45992 -0.31988189,
  27.990051 -35.49128 -0.31988189,28.039898 -35.508722 -0.31988189,
  28.072835 -35.511811 -0.31988189,28.309055 -34.92126 -0.31988189,
  28.305494 -34.941458 -0.31988189,28.295239 -34.95922 -0.31988189,
  28.279528 -34.972403 -0.31988189,28.260255 -34.979418 -0.31988189,
  28.239745 -34.979418 -0.31988189,28.220472 -34.972403 -0.31988189,
  28.204761 -34.95922 -0.31988189,28.194506 -34.941458 -0.31988189,
  28.190945 -34.92126 -0.31988189,28.194506 -34.901062 -0.31988189,
  28.204761 -34.8833 -0.31988189,28.220472 -34.870117 -0.31988189,
  28.239745 -34.863102 -0.31988189,28.260255 -34.863102 -0.31988189,
  28.279528 -34.870117 -0.31988189,28.295239 -34.8833 -0.31988189,
  28.305494 -34.901062 -0.31988189,29.604331 -34.173228 -0.31988189,
  28.895669 -34.173228 -0.31988189,28.895669 -35.334646 -0.31988189,
  28.898758 -35.367583 -0.31988189,28.9162 -35.41743 -0.31988189,
  28.94756 -35.45992 -0.31988189,28.990051 -35.49128 -0.31988189,
  29.039898 -35.508722 -0.31988189,29.072835 -35.511811 -0.31988189,
  29.427165 -35.511811 -0.31988189,29.460102 -35.508722 -0.31988189,
  29.509949 -35.49128 -0.31988189,29.55244 -35.45992 -0.31988189,
  29.5838 -35.41743 -0.31988189,29.601242 -35.367583 -0.31988189,
  29.604331 -35.334646 -0.31988189,30.427165 -35.511811 -0.31988189,
  30.460102 -35.508722 -0.31988189,30.509949 -35.49128 -0.31988189,
  30.55244 -35.45992 -0.31988189,30.5838 -35.41743 -0.31988189,
  30.601242 -35.367583 -0.31988189,30.604331 -35.334646 -0.31988189,
  30.604331 -34.173228 -0.31988189,29.895669 -34.173228 -0.31988189,
  29.895669 -35.334646 -0.31988189,29.898758 -35.367583 -0.31988189,
  29.9162 -35.41743 -0.31988189,29.94756 -35.45992 -0.31988189,
  29.990051 -35.49128 -0.31988189,30.039898 -35.508722 -0.31988189,
  30.072835 -35.511811 -0.31988189,30.309055 -34.92126 -0.31988189,
  30.305494 -34.941458 -0.31988189,30.295239 -34.95922 -0.31988189,
  30.279528 -34.972403 -0.31988189,30.260255 -34.979418 -0.31988189,
  30.239745 -34.979418 -0.31988189,30.220472 -34.972403 -0.31988189,
  30.204761 -34.95922 -0.31988189,30.194506 -34.941458 -0.31988189,
  30.190945 -34.92126 -0.31988189,30.194506 -34.901062 -0.31988189,
  30.204761 -34.8833 -0.31988189,30.220472 -34.870117 -0.31988189,
  30.239745 -34.863102 -0.31988189,30.260255 -34.863102 -0.31988189,
  30.279528 -34.870117 -0.31988189,30.295239 -34.8833 -0.31988189,
  30.305494 -34.901062 -0.31988189,31.604331 -34.195476 -0.31988189,
  31.575951 -34.188999 -0.31988189,31.44423 -34.174157 -0.31988189,
  31.377953 -34.173228 -0.31988189,30.895669 -34.173228 -0.31988189,
  30.895669 -35.334646 -0.31988189,30.898758 -35.367583 -0.31988189,
  30.9162 -35.41743 -0.31988189,30.94756 -35.45992 -0.31988189,
  30.990051 -35.49128 -0.31988189,31.039898 -35.508722 -0.31988189,
  31.072835 -35.511811 -0.31988189,31.427165 -35.511811 -0.31988189,
  31.460102 -35.508722 -0.31988189,31.509949 -35.49128 -0.31988189,
  31.55244 -35.45992 -0.31988189,31.5838 -35.41743 -0.31988189,
  31.601242 -35.367583 -0.31988189,31.604331 -35.334646 -0.31988189,
  20.472441 -34.173228 -0.31988189,20.406164 -34.174157 -0.31988189,
  20.274443 -34.188999 -0.31988189,20.242126 -34.196375 -0.31988189,
  20.242126 -35.334646 -0.31988189,20.245215 -35.367583 -0.31988189,
  20.262657 -35.41743 -0.31988189,20.294017 -35.45992 -0.31988189,
  20.336507 -35.49128 -0.31988189,20.386354 -35.508722 -0.31988189,
  20.419291 -35.511811 -0.31988189,20.773622 -35.511811 -0.31988189,
  20.806559 -35.508722 -0.31988189,20.856406 -35.49128 -0.31988189,
  20.898897 -35.45992 -0.31988189,20.930257 -35.41743 -0.31988189,
  20.947699 -35.367583 -0.31988189,20.950787 -35.334646 -0.31988189,
  20.950787 -34.173458 -0.31988189,20.537402 -34.92126 -0.31988189,
  20.540963 -34.901062 -0.31988189,20.551218 -34.8833 -0.31988189,
  20.566929 -34.870117 -0.31988189,20.586202 -34.863102 -0.31988189,
  20.606712 -34.863102 -0.31988189,20.625984 -34.870117 -0.31988189,
  20.641696 -34.8833 -0.31988189,20.65195 -34.901062 -0.31988189,
  20.655512 -34.92126 -0.31988189,20.65195 -34.941458 -0.31988189,
  20.641696 -34.95922 -0.31988189,20.625984 -34.972403 -0.31988189,
  20.606712 -34.979418 -0.31988189,20.586202 -34.979418 -0.31988189,
  20.566929 -34.972403 -0.31988189,20.551218 -34.95922 -0.31988189,
  20.540963 -34.941458 -0.31988189,21.419291 -44.96063 -0.31988189,
  21.386354 -44.963719 -0.31988189,21.336507 -44.981161 -0.31988189,
  21.294017 -45.01252 -0.31988189,21.262657 -45.055011 -0.31988189,
  21.245215 -45.104858 -0.31988189,21.242126 -45.137795 -0.31988189,
  21.242126 -46.299213 -0.31988189,21.950787 -46.299213 -0.31988189,
  21.950787 -45.137795 -0.31988189,21.947699 -45.104858 -0.31988189,
  21.930257 -45.055011 -0.31988189,21.898897 -45.01252 -0.31988189,
  21.856406 -44.981161 -0.31988189,21.806559 -44.963719 -0.31988189,
  21.773622 -44.96063 -0.31988189,21.537402 -45.551181 -0.31988189,
  21.540963 -45.530983 -0.31988189,21.551218 -45.513221 -0.31988189,
  21.566929 -45.500038 -0.31988189,21.586202 -45.493023 -0.31988189,
  21.606712 -45.493023 -0.31988189,21.625984 -45.500038 -0.31988189,
  21.641696 -45.513221 -0.31988189,21.65195 -45.530983 -0.31988189,
  21.655512 -45.551181 -0.31988189,21.65195 -45.571379 -0.31988189,
  21.641696 -45.589141 -0.31988189,21.625984 -45.602324 -0.31988189,
  21.606712 -45.609339 -0.31988189,21.586202 -45.609339 -0.31988189,
  21.566929 -45.602324 -0.31988189,21.551218 -45.589141 -0.31988189,
  21.540963 -45.571379 -0.31988189,24.419291 -44.96063 -0.31988189,
  24.386354 -44.963719 -0.31988189,24.336507 -44.981161 -0.31988189,
  24.294017 -45.01252 -0.31988189,24.262657 -45.055011 -0.31988189,
  24.245215 -45.104858 -0.31988189,24.242126 -45.137795 -0.31988189,
  24.242126 -46.299213 -0.31988189,24.950787 -46.299213 -0.31988189,
  24.950787 -45.137795 -0.31988189,24.947699 -45.104858 -0.31988189,
  24.930257 -45.055011 -0.31988189,24.898897 -45.01252 -0.31988189,
  24.856406 -44.981161 -0.31988189,24.806559 -44.963719 -0.31988189,
  24.773622 -44.96063 -0.31988189,24.537402 -45.551181 -0.31988189,
  24.540963 -45.530983 -0.31988189,24.551218 -45.513221 -0.31988189,
  24.566929 -45.500038 -0.31988189,24.586202 -45.493023 -0.31988189,
  24.606712 -45.493023 -0.31988189,24.625984 -45.500038 -0.31988189,
  24.641696 -45.513221 -0.31988189,24.65195 -45.530983 -0.31988189,
  24.655512 -45.551181 -0.31988189,24.65195 -45.571379 -0.31988189,
  24.641696 -45.589141 -0.31988189,24.625984 -45.602324 -0.31988189,
  24.606712 -45.609339 -0.31988189,24.586202 -45.609339 -0.31988189,
  24.566929 -45.602324 -0.31988189,24.551218 -45.589141 -0.31988189,
  24.540963 -45.571379 -0.31988189,23.419291 -44.96063 -0.31988189,
  23.386354 -44.963719 -0.31988189,23.336507 -44.981161 -0.31988189,
  23.294017 -45.01252 -0.31988189,23.262657 -45.055011 -0.31988189,
  23.245215 -45.104858 -0.31988189,23.242126 -45.137795 -0.31988189,
  23.242126 -46.299213 -0.31988189,23.950787 -46.299213 -0.31988189,
  23.950787 -45.137795 -0.31988189,23.947699 -45.104858 -0.31988189,
  23.930257 -45.055011 -0.31988189,23.898897 -45.01252 -0.31988189,
  23.856406 -44.981161 -0.31988189,23.806559 -44.963719 -0.31988189,
  23.773622 -44.96063 -0.31988189,23.537402 -45.551181 -0.31988189,
  23.540963 -45.530983 -0.31988189,23.551218 -45.513221 -0.31988189,
  23.566929 -45.500038 -0.31988189,23.586202 -45.493023 -0.31988189,
  23.606712 -45.493023 -0.31988189,23.625984 -45.500038 -0.31988189,
  23.641696 -45.513221 -0.31988189,23.65195 -45.530983 -0.31988189,
  23.655512 -45.551181 -0.31988189,23.65195 -45.571379 -0.31988189,
  23.641696 -45.589141 -0.31988189,23.625984 -45.602324 -0.31988189,
  23.606712 -45.609339 -0.31988189,23.586202 -45.609339 -0.31988189,
  23.566929 -45.602324 -0.31988189,23.551218 -45.589141 -0.31988189,
  23.540963 -45.571379 -0.31988189,28.072835 -44.96063 -0.31988189,
  28.039898 -44.963719 -0.31988189,27.990051 -44.981161 -0.31988189,
  27.94756 -45.01252 -0.31988189,27.9162 -45.055011 -0.31988189,
  27.898758 -45.104858 -0.31988189,27.895669 -45.137795 -0.31988189,
  27.895669 -46.297541 -0.31988189,28.604331 -46.297881 -0.31988189,
  28.604331 -45.137795 -0.31988189,28.601242 -45.104858 -0.31988189,
  28.5838 -45.055011 -0.31988189,28.55244 -45.01252 -0.31988189,
  28.509949 -44.981161 -0.31988189,28.460102 -44.963719 -0.31988189,
  28.427165 -44.96063 -0.31988189,28.190945 -45.551181 -0.31988189,
  28.194506 -45.530983 -0.31988189,28.204761 -45.513221 -0.31988189,
  28.220472 -45.500038 -0.31988189,28.239745 -45.493023 -0.31988189,
  28.260255 -45.493023 -0.31988189,28.279528 -45.500038 -0.31988189,
  28.295239 -45.513221 -0.31988189,28.305494 -45.530983 -0.31988189,
  28.309055 -45.551181 -0.31988189,28.305494 -45.571379 -0.31988189,
  28.295239 -45.589141 -0.31988189,28.279528 -45.602324 -0.31988189,
  28.260255 -45.609339 -0.31988189,28.239745 -45.609339 -0.31988189,
  28.220472 -45.602324 -0.31988189,28.204761 -45.589141 -0.31988189,
  28.194506 -45.571379 -0.31988189,31.072835 -44.96063 -0.31988189,
  31.039898 -44.963719 -0.31988189,30.990051 -44.981161 -0.31988189,
  30.94756 -45.01252 -0.31988189,30.9162 -45.055011 -0.31988189,
  30.898758 -45.104858 -0.31988189,30.895669 -45.137795 -0.31988189,
  30.895669 -46.298981 -0.31988189,31.375984 -46.299213 -0.31988189,
  31.442335 -46.298424 -0.31988189,31.574222 -46.283771 -0.31988189,
  31.604331 -46.276944 -0.31988189,31.604331 -45.137795 -0.31988189,
  31.601242 -45.104858 -0.31988189,31.5838 -45.055011 -0.31988189,
  31.55244 -45.01252 -0.31988189,31.509949 -44.981161 -0.31988189,
  31.460102 -44.963719 -0.31988189,31.427165 -44.96063 -0.31988189,
  31.190945 -45.551181 -0.31988189,31.194506 -45.530983 -0.31988189,
  31.204761 -45.513221 -0.31988189,31.220472 -45.500038 -0.31988189,
  31.239745 -45.493023 -0.31988189,31.260255 -45.493023 -0.31988189,
  31.279528 -45.500038 -0.31988189,31.295239 -45.513221 -0.31988189,
  31.305494 -45.530983 -0.31988189,31.309055 -45.551181 -0.31988189,
  31.305494 -45.571379 -0.31988189,31.295239 -45.589141 -0.31988189,
  31.279528 -45.602324 -0.31988189,31.260255 -45.609339 -0.31988189,
  31.239745 -45.609339 -0.31988189,31.220472 -45.602324 -0.31988189,
  31.204761 -45.589141 -0.31988189,31.194506 -45.571379 -0.31988189,
  30.072835 -44.96063 -0.31988189,30.039898 -44.963719 -0.31988189,
  29.990051 -44.981161 -0.31988189,29.94756 -45.01252 -0.31988189,
  29.9162 -45.055011 -0.31988189,29.898758 -45.104858 -0.31988189,
  29.895669 -45.137795 -0.31988189,29.895669 -46.298501 -0.31988189,
  30.604331 -46.298842 -0.31988189,30.604331 -45.137795 -0.31988189,
  30.601242 -45.104858 -0.31988189,30.5838 -45.055011 -0.31988189,
  30.55244 -45.01252 -0.31988189,30.509949 -44.981161 -0.31988189,
  30.460102 -44.963719 -0.31988189,30.427165 -44.96063 -0.31988189,
  30.190945 -45.551181 -0.31988189,30.194506 -45.530983 -0.31988189,
  30.204761 -45.513221 -0.31988189,30.220472 -45.500038 -0.31988189,
  30.239745 -45.493023 -0.31988189,30.260255 -45.493023 -0.31988189,
  30.279528 -45.500038 -0.31988189,30.295239 -45.513221 -0.31988189,
  30.305494 -45.530983 -0.31988189,30.309055 -45.551181 -0.31988189,
  30.305494 -45.571379 -0.31988189,30.295239 -45.589141 -0.31988189,
  30.279528 -45.602324 -0.31988189,30.260255 -45.609339 -0.31988189,
  30.239745 -45.609339 -0.31988189,30.220472 -45.602324 -0.31988189,
  30.204761 -45.589141 -0.31988189,30.194506 -45.571379 -0.31988189] }
 coordIndex [
  0,18,1,-1,1,18,2,-1,2,18,3,-1,3,18,4,-1,4,18,5,-1,5,18,6,-1,6,18,17,-1,8,7,16,-1,
  16,7,17,-1,17,7,6,-1,9,8,16,-1,9,16,10,-1,10,16,15,-1,10,15,11,-1,11,15,12,-1,14,13,15,-1,
  15,13,12,-1,19,34,20,-1,20,34,21,-1,21,34,22,-1,22,34,23,-1,23,34,24,-1,24,34,25,-1,25,34,26,-1,
  26,34,27,-1,27,34,28,-1,28,34,29,-1,29,34,30,-1,30,34,31,-1,31,34,32,-1,32,34,33,-1,35,50,36,-1,
  36,50,37,-1,37,50,38,-1,38,50,39,-1,39,50,40,-1,40,50,41,-1,41,50,42,-1,42,50,43,-1,43,50,44,-1,
  44,50,45,-1,45,50,46,-1,46,50,47,-1,47,50,48,-1,48,50,49,-1,51,66,52,-1,52,66,53,-1,53,66,54,-1,
  54,66,55,-1,55,66,56,-1,56,66,57,-1,57,66,58,-1,58,66,59,-1,59,66,60,-1,60,66,61,-1,61,66,62,-1,
  62,66,63,-1,63,66,64,-1,64,66,65,-1,75,74,77,-1,77,74,93,-1,93,74,94,-1,94,74,95,-1,95,74,96,-1,
  96,74,97,-1,97,74,98,-1,98,74,99,-1,99,74,100,-1,100,74,83,-1,83,74,67,-1,67,74,68,-1,68,74,69,-1,
  69,74,70,-1,70,74,71,-1,71,74,72,-1,72,74,73,-1,77,93,78,-1,78,93,79,-1,79,93,80,-1,80,93,81,-1,
  81,93,82,-1,82,93,92,-1,83,67,84,-1,84,67,85,-1,85,67,86,-1,86,67,87,-1,87,67,88,-1,88,67,89,-1,
  89,67,90,-1,90,67,91,-1,91,67,82,-1,102,101,104,-1,104,101,105,-1,105,101,106,-1,106,101,107,-1,107,101,108,-1,
  108,101,109,-1,109,101,110,-1,110,101,111,-1,111,101,112,-1,112,101,113,-1,113,101,114,-1,114,101,115,-1,115,101,116,-1,
  125,124,127,-1,127,124,143,-1,143,124,144,-1,144,124,145,-1,145,124,146,-1,146,124,147,-1,147,124,148,-1,148,124,149,-1,
  149,124,150,-1,150,124,133,-1,133,124,117,-1,117,124,118,-1,118,124,119,-1,119,124,120,-1,120,124,121,-1,121,124,122,-1,
  122,124,123,-1,127,143,128,-1,128,143,129,-1,129,143,130,-1,130,143,131,-1,131,143,132,-1,132,143,142,-1,133,117,134,-1,
  134,117,135,-1,135,117,136,-1,136,117,137,-1,137,117,138,-1,138,117,139,-1,139,117,140,-1,140,117,141,-1,141,117,132,-1,
  152,151,154,-1,154,151,155,-1,155,151,156,-1,156,151,157,-1,157,151,158,-1,158,151,159,-1,159,151,160,-1,160,151,161,-1,
  161,151,162,-1,162,151,163,-1,163,151,164,-1,164,151,165,-1,165,151,166,-1,175,174,177,-1,177,174,193,-1,193,174,194,-1,
  194,174,195,-1,195,174,196,-1,196,174,197,-1,197,174,198,-1,198,174,199,-1,199,174,200,-1,200,174,183,-1,183,174,167,-1,
  167,174,168,-1,168,174,169,-1,169,174,170,-1,170,174,171,-1,171,174,172,-1,172,174,173,-1,177,193,178,-1,178,193,179,-1,
  179,193,180,-1,180,193,181,-1,181,193,182,-1,182,193,192,-1,183,167,184,-1,184,167,185,-1,185,167,186,-1,186,167,187,-1,
  187,167,188,-1,188,167,189,-1,189,167,190,-1,190,167,191,-1,191,167,182,-1,209,208,211,-1,211,208,227,-1,227,208,228,-1,
  228,208,229,-1,229,208,230,-1,230,208,231,-1,231,208,232,-1,232,208,233,-1,233,208,234,-1,234,208,217,-1,217,208,201,-1,
  201,208,202,-1,202,208,203,-1,203,208,204,-1,204,208,205,-1,205,208,206,-1,206,208,207,-1,211,227,212,-1,212,227,213,-1,
  213,227,214,-1,214,227,215,-1,215,227,216,-1,216,227,226,-1,217,201,218,-1,218,201,219,-1,219,201,220,-1,220,201,221,-1,
  221,201,222,-1,222,201,223,-1,223,201,224,-1,224,201,225,-1,225,201,216,-1,236,235,238,-1,238,235,239,-1,239,235,240,-1,
  240,235,241,-1,241,235,242,-1,242,235,243,-1,243,235,244,-1,244,235,245,-1,245,235,246,-1,246,235,247,-1,247,235,248,-1,
  248,235,249,-1,249,235,250,-1,259,258,261,-1,261,258,277,-1,277,258,278,-1,278,258,279,-1,279,258,280,-1,280,258,281,-1,
  281,258,282,-1,282,258,283,-1,283,258,284,-1,284,258,267,-1,267,258,251,-1,251,258,252,-1,252,258,253,-1,253,258,254,-1,
  254,258,255,-1,255,258,256,-1,256,258,257,-1,261,277,262,-1,262,277,263,-1,263,277,264,-1,264,277,265,-1,265,277,266,-1,
  266,277,276,-1,267,251,268,-1,268,251,269,-1,269,251,270,-1,270,251,271,-1,271,251,272,-1,272,251,273,-1,273,251,274,-1,
  274,251,275,-1,275,251,266,-1,300,299,286,-1,300,286,301,-1,301,286,285,-1,301,285,302,-1,302,285,303,-1,296,295,288,-1,
  296,288,297,-1,297,288,287,-1,297,287,298,-1,298,287,286,-1,298,286,299,-1,289,288,291,-1,291,288,292,-1,292,288,293,-1,
  293,288,294,-1,294,288,295,-1,304,322,324,-1,324,322,325,-1,325,322,326,-1,326,322,327,-1,327,322,328,-1,328,322,329,-1,
  329,322,330,-1,330,322,331,-1,331,322,332,-1,332,322,315,-1,315,322,316,-1,316,322,317,-1,317,322,318,-1,318,322,319,-1,
  319,322,320,-1,320,322,321,-1,339,338,315,-1,339,315,340,-1,340,315,314,-1,340,314,323,-1,323,314,304,-1,323,304,324,-1,
  332,315,333,-1,333,315,334,-1,334,315,335,-1,335,315,336,-1,336,315,337,-1,337,315,338,-1,306,305,311,-1,311,305,312,-1,
  312,305,313,-1,313,305,314,-1,314,305,304,-1,307,306,309,-1,309,306,310,-1,310,306,311,-1,341,356,358,-1,358,356,359,-1,
  359,356,360,-1,360,356,361,-1,361,356,362,-1,362,356,363,-1,363,356,364,-1,364,356,365,-1,365,356,366,-1,366,356,349,-1,
  349,356,355,-1,342,341,374,-1,374,341,357,-1,357,341,358,-1,350,349,351,-1,351,349,352,-1,352,349,353,-1,353,349,354,-1,
  354,349,355,-1,366,349,367,-1,367,349,368,-1,368,349,369,-1,369,349,370,-1,370,349,371,-1,371,349,372,-1,372,349,373,-1,
  373,349,374,-1,374,349,346,-1,346,349,347,-1,347,349,348,-1,342,374,343,-1,343,374,344,-1,344,374,345,-1,345,374,346,-1,
  375,390,392,-1,392,390,393,-1,393,390,394,-1,394,390,395,-1,395,390,396,-1,396,390,397,-1,397,390,398,-1,398,390,399,-1,
  399,390,400,-1,400,390,383,-1,383,390,389,-1,376,375,408,-1,408,375,391,-1,391,375,392,-1,384,383,385,-1,385,383,386,-1,
  386,383,387,-1,387,383,388,-1,388,383,389,-1,400,383,401,-1,401,383,402,-1,402,383,403,-1,403,383,404,-1,404,383,405,-1,
  405,383,406,-1,406,383,407,-1,407,383,408,-1,408,383,380,-1,380,383,381,-1,381,383,382,-1,376,408,377,-1,377,408,378,-1,
  378,408,379,-1,379,408,380,-1,409,424,426,-1,426,424,427,-1,427,424,428,-1,428,424,429,-1,429,424,430,-1,430,424,431,-1,
  431,424,432,-1,432,424,433,-1,433,424,434,-1,434,424,417,-1,417,424,423,-1,410,409,442,-1,442,409,425,-1,425,409,426,-1,
  418,417,419,-1,419,417,420,-1,420,417,421,-1,421,417,422,-1,422,417,423,-1,434,417,435,-1,435,417,436,-1,436,417,437,-1,
  437,417,438,-1,438,417,439,-1,439,417,440,-1,440,417,441,-1,441,417,442,-1,442,417,414,-1,414,417,415,-1,415,417,416,-1,
  410,442,411,-1,411,442,412,-1,412,442,413,-1,413,442,414,-1,443,458,460,-1,460,458,461,-1,461,458,462,-1,462,458,463,-1,
  463,458,464,-1,464,458,465,-1,465,458,466,-1,466,458,467,-1,467,458,468,-1,468,458,451,-1,451,458,457,-1,444,443,476,-1,
  476,443,459,-1,459,443,460,-1,452,451,453,-1,453,451,454,-1,454,451,455,-1,455,451,456,-1,456,451,457,-1,468,451,469,-1,
  469,451,470,-1,470,451,471,-1,471,451,472,-1,472,451,473,-1,473,451,474,-1,474,451,475,-1,475,451,476,-1,476,451,448,-1,
  448,451,449,-1,449,451,450,-1,444,476,445,-1,445,476,446,-1,446,476,447,-1,447,476,448,-1,490,489,488,-1,490,488,491,-1,
  491,488,487,-1,491,487,492,-1,492,487,493,-1,485,505,495,-1,485,495,486,-1,486,495,494,-1,486,494,487,-1,487,494,493,-1,
  477,495,497,-1,497,495,498,-1,498,495,499,-1,499,495,500,-1,500,495,501,-1,501,495,502,-1,502,495,503,-1,503,495,504,-1,
  504,495,505,-1,485,479,478,-1,485,478,513,-1,513,478,477,-1,513,477,496,-1,496,477,497,-1,505,485,506,-1,506,485,507,-1,
  507,485,508,-1,508,485,509,-1,509,485,510,-1,510,485,511,-1,511,485,512,-1,512,485,513,-1,479,485,480,-1,480,485,481,-1,
  481,485,482,-1,482,485,483,-1,483,485,484,-1,514,529,531,-1,531,529,532,-1,532,529,533,-1,533,529,534,-1,534,529,535,-1,
  535,529,536,-1,536,529,537,-1,537,529,538,-1,538,529,539,-1,539,529,522,-1,522,529,528,-1,515,514,547,-1,547,514,530,-1,
  530,514,531,-1,523,522,524,-1,524,522,525,-1,525,522,526,-1,526,522,527,-1,527,522,528,-1,539,522,540,-1,540,522,541,-1,
  541,522,542,-1,542,522,543,-1,543,522,544,-1,544,522,545,-1,545,522,546,-1,546,522,547,-1,547,522,519,-1,519,522,520,-1,
  520,522,521,-1,515,547,516,-1,516,547,517,-1,517,547,518,-1,518,547,519,-1,307,309,308,-1,289,291,290,-1,275,266,276,-1,
  259,261,260,-1,236,238,237,-1,225,216,226,-1,209,211,210,-1,191,182,192,-1,175,177,176,-1,152,154,153,-1,141,132,142,-1,
  125,127,126,-1,102,104,103,-1,91,82,92,-1,75,77,76,-1]
  normalPerVertex TRUE
  normal DEF NORM_7 Normal { vector [
  0 0 -1,0 0 -1,
  0 0 -1,0 0 -1,
  0 0 -1,0 0 -1,
  0 0 -1,0 0 -1,
  0 0 -1,0 0 -1,
  0 0 -1,0 0 -1,
  0 0 -1,0 0 -1,
  0 0 -1,0 0 -1,
  0 0 -1,0 0 -1,
  0 0 -1,0 0 -1,
  0 0 -1,0 0 -1,
  0 0 -1,0 0 -1,
  0 0 -1,0 0 -1,
  0 0 -1,0 0 -1,
  0 0 -1,0 0 -1,
  0 0 -1,0 0 -1,
  0 0 -1,0 0 -1,
  0 0 -1,0 0 -1,
  0 0 -1,0 0 -1,
  0 0 -1,0 0 -1,
  0 0 -1,0 0 -1,
  0 0 -1,0 0 -1,
  0 0 -1,0 0 -1,
  0 0 -1,0 0 -1,
  0 0 -1,0 0 -1,
  0 0 -1,0 0 -1,
  0 0 -1,0 0 -1,
  0 0 -1,0 0 -1,
  0 0 -1,0 0 -1,
  0 0 -1,0 0 -1,
  0 0 -1,0 0 -1,
  0 0 -1,0 0 -1,
  0 0 -1,0 0 -1,
  0 0 -1,0 0 -1,
  0 0 -1,0 0 -1,
  0 0 -1,0 0 -1,
  0 0 -1,0 0 -1,
  0 0 -1,0 0 -1,
  0 0 -1,0 0 -1,
  0 0 -1,0 0 -1,
  0 0 -1,0 0 -1,
  0 0 -1,0 0 -1,
  0 0 -1,0 0 -1,
  0 0 -1,0 0 -1,
  0 0 -1,0 0 -1,
  0 0 -1,0 0 -1,
  0 0 -1,0 0 -1,
  0 0 -1,0 0 -1,
  0 0 -1,0 0 -1,
  0 0 -1,0 0 -1,
  0 0 -1,0 0 -1,
  0 0 -1,0 0 -1,
  0 0 -1,0 0 -1,
  0 0 -1,0 0 -1,
  0 0 -1,0 0 -1,
  0 0 -1,0 0 -1,
  0 0 -1,0 0 -1,
  0 0 -1,0 0 -1,
  0 0 -1,0 0 -1,
  0 0 -1,0 0 -1,
  0 0 -1,0 0 -1,
  0 0 -1,0 0 -1,
  0 0 -1,0 0 -1,
  0 0 -1,0 0 -1,
  0 0 -1,0 0 -1,
  0 0 -1,0 0 -1,
  0 0 -1,0 0 -1,
  0 0 -1,0 0 -1,
  0 0 -1,0 0 -1,
  0 0 -1,0 0 -1,
  0 0 -1,0 0 -1,
  0 0 -1,0 0 -1,
  0 0 -1,0 0 -1,
  0 0 -1,0 0 -1,
  0 0 -1,0 0 -1,
  0 0 -1,0 0 -1,
  0 0 -1,0 0 -1,
  0 0 -1,0 0 -1,
  0 0 -1,0 0 -1,
  0 0 -1,0 0 -1,
  0 0 -1,0 0 -1,
  0 0 -1,0 0 -1,
  0 0 -1,0 0 -1,
  0 0 -1,0 0 -1,
  0 0 -1,0 0 -1,
  0 0 -1,0 0 -1,
  0 0 -1,0 0 -1,
  0 0 -1,0 0 -1,
  0 0 -1,0 0 -1,
  0 0 -1,0 0 -1,
  0 0 -1,0 0 -1,
  0 0 -1,0 0 -1,
  0 0 -1,0 0 -1,
  0 0 -1,0 0 -1,
  0 0 -1,0 0 -1,
  0 0 -1,0 0 -1,
  0 0 -1,0 0 -1,
  0 0 -1,0 0 -1,
  0 0 -1,0 0 -1,
  0 0 -1,0 0 -1,
  0 0 -1,0 0 -1,
  0 0 -1,0 0 -1,
  0 0 -1,0 0 -1,
  0 0 -1,0 0 -1,
  0 0 -1,0 0 -1,
  0 0 -1,0 0 -1,
  0 0 -1,0 0 -1,
  0 0 -1,0 0 -1,
  0 0 -1,0 0 -1,
  0 0 -1,0 0 -1,
  0 0 -1,0 0 -1,
  0 0 -1,0 0 -1,
  0 0 -1,0 0 -1,
  0 0 -1,0 0 -1,
  0 0 -1,0 0 -1,
  0 0 -1,0 0 -1,
  0 0 -1,0 0 -1,
  0 0 -1,0 0 -1,
  0 0 -1,0 0 -1,
  0 0 -1,0 0 -1,
  0 0 -1,0 0 -1,
  0 0 -1,0 0 -1,
  0 0 -1,0 0 -1,
  0 0 -1,0 0 -1,
  0 0 -1,0 0 -1,
  0 0 -1,0 0 -1,
  0 0 -1,0 0 -1,
  0 0 -1,0 0 -1,
  0 0 -1,0 0 -1,
  0 0 -1,0 0 -1,
  0 0 -1,0 0 -1,
  0 0 -1,0 0 -1,
  0 0 -1,0 0 -1,
  0 0 -1,0 0 -1,
  0 0 -1,0 0 -1,
  0 0 -1,0 0 -1,
  0 0 -1,0 0 -1,
  0 0 -1,0 0 -1,
  0 0 -1,0 0 -1,
  0 0 -1,0 0 -1,
  0 0 -1,0 0 -1,
  0 0 -1,0 0 -1,
  0 0 -1,0 0 -1,
  0 0 -1,0 0 -1,
  0 0 -1,0 0 -1,
  0 0 -1,0 0 -1,
  0 0 -1,0 0 -1,
  0 0 -1,0 0 -1,
  0 0 -1,0 0 -1,
  0 0 -1,0 0 -1,
  0 0 -1,0 0 -1,
  0 0 -1,0 0 -1,
  0 0 -1,0 0 -1,
  0 0 -1,0 0 -1,
  0 0 -1,0 0 -1,
  0 0 -1,0 0 -1,
  0 0 -1,0 0 -1,
  0 0 -1,0 0 -1,
  0 0 -1,0 0 -1,
  0 0 -1,0 0 -1,
  0 0 -1,0 0 -1,
  0 0 -1,0 0 -1,
  0 0 -1,0 0 -1,
  0 0 -1,0 0 -1,
  0 0 -1,0 0 -1,
  0 0 -1,0 0 -1,
  0 0 -1,0 0 -1,
  0 0 -1,0 0 -1,
  0 0 -1,0 0 -1,
  0 0 -1,0 0 -1,
  0 0 -1,0 0 -1,
  0 0 -1,0 0 -1,
  0 0 -1,0 0 -1,
  0 0 -1,0 0 -1,
  0 0 -1,0 0 -1,
  0 0 -1,0 0 -1,
  0 0 -1,0 0 -1,
  0 0 -1,0 0 -1,
  0 0 -1,0 0 -1,
  0 0 -1,0 0 -1,
  0 0 -1,0 0 -1,
  0 0 -1,0 0 -1,
  0 0 -1,0 0 -1,
  0 0 -1,0 0 -1,
  0 0 -1,0 0 -1,
  0 0 -1,0 0 -1,
  0 0 -1,0 0 -1,
  0 0 -1,0 0 -1,
  0 0 -1,0 0 -1,
  0 0 -1,0 0 -1,
  0 0 -1,0 0 -1,
  0 0 -1,0 0 -1,
  0 0 -1,0 0 -1,
  0 0 -1,0 0 -1,
  0 0 -1,0 0 -1,
  0 0 -1,0 0 -1,
  0 0 -1,0 0 -1,
  0 0 -1,0 0 -1,
  0 0 -1,0 0 -1,
  0 0 -1,0 0 -1,
  0 0 -1,0 0 -1,
  0 0 -1,0 0 -1,
  0 0 -1,0 0 -1,
  0 0 -1,0 0 -1,
  0 0 -1,0 0 -1,
  0 0 -1,0 0 -1,
  0 0 -1,0 0 -1,
  0 0 -1,0 0 -1,
  0 0 -1,0 0 -1,
  0 0 -1,0 0 -1,
  0 0 -1,0 0 -1,
  0 0 -1,0 0 -1,
  0 0 -1,0 0 -1,
  0 0 -1,0 0 -1,
  0 0 -1,0 0 -1,
  0 0 -1,0 0 -1,
  0 0 -1,0 0 -1,
  0 0 -1,0 0 -1,
  0 0 -1,0 0 -1,
  0 0 -1,0 0 -1,
  0 0 -1,0 0 -1,
  0 0 -1,0 0 -1,
  0 0 -1,0 0 -1,
  0 0 -1,0 0 -1,
  0 0 -1,0 0 -1,
  0 0 -1,0 0 -1,
  0 0 -1,0 0 -1,
  0 0 -1,0 0 -1,
  0 0 -1,0 0 -1,
  0 0 -1,0 0 -1,
  0 0 -1,0 0 -1,
  0 0 -1,0 0 -1,
  0 0 -1,0 0 -1,
  0 0 -1,0 0 -1,
  0 0 -1,0 0 -1,
  0 0 -1,0 0 -1,
  0 0 -1,0 0 -1,
  0 0 -1,0 0 -1,
  0 0 -1,0 0 -1,
  0 0 -1,0 0 -1,
  0 0 -1,0 0 -1,
  0 0 -1,0 0 -1,
  0 0 -1,0 0 -1,
  0 0 -1,0 0 -1,
  0 0 -1,0 0 -1,
  0 0 -1,0 0 -1,
  0 0 -1,0 0 -1,
  0 0 -1,0 0 -1,
  0 0 -1,0 0 -1,
  0 0 -1,0 0 -1,
  0 0 -1,0 0 -1,
  0 0 -1,0 0 -1,
  0 0 -1,0 0 -1,
  0 0 -1,0 0 -1,
  0 0 -1,0 0 -1,
  0 0 -1,0 0 -1,
  0 0 -1,0 0 -1,
  0 0 -1,0 0 -1,
  0 0 -1,0 0 -1,
  0 0 -1,0 0 -1,
  0 0 -1,0 0 -1,
  0 0 -1,0 0 -1,
  0 0 -1,0 0 -1,
  0 0 -1,0 0 -1,
  0 0 -1,0 0 -1,
  0 0 -1,0 0 -1,
  0 0 -1,0 0 -1,
  0 0 -1,0 0 -1,
  0 0 -1,0 0 -1,
  0 0 -1,0 0 -1,
  0 0 -1,0 0 -1,
  0 0 -1,0 0 -1,
  0 0 -1,0 0 -1,
  0 0 -1,0 0 -1] }
}
}
] }
DEF TXFM_8 Transform {
  center 0 0 0
  rotation 0 0 1 0
  scale 1 1 1
  scaleOrientation 0 0 1 0
  translation 0 0 0
 children [
DEF SHAPE_8 Shape {
 appearance DEF APP_5 Appearance {
  material Material {
   ambientIntensity 1
   diffuseColor 0.078431375 0.2 0.14117648
   emissiveColor 0 0 0
   shininess 0.30000001
   specularColor 0.35490197 0.44 0.39882353
   transparency 0.17
} }
 geometry DEF FACE_8 IndexedFaceSet {
  coord DEF COORD_8 Coordinate { point [
  22.557087 -40.255906 -0.31988189,22.560648 -40.235707 -0.31988189,
  22.570903 -40.217946 -0.31988189,22.586614 -40.204762 -0.31988189,
  22.605887 -40.197748 -0.31988189,22.626397 -40.197748 -0.31988189,
  22.645669 -40.204762 -0.31988189,22.661381 -40.217946 -0.31988189,
  22.671635 -40.235707 -0.31988189,22.675197 -40.255906 -0.31988189,
  22.671635 -40.276104 -0.31988189,22.661381 -40.293865 -0.31988189,
  22.645669 -40.307049 -0.31988189,22.626397 -40.314063 -0.31988189,
  22.605887 -40.314063 -0.31988189,22.586614 -40.307049 -0.31988189,
  22.570903 -40.293865 -0.31988189,22.560648 -40.276104 -0.31988189,
  30.135827 -36.338583 -0.31988189,30.139388 -36.318385 -0.31988189,
  30.149643 -36.300623 -0.31988189,30.165354 -36.287439 -0.31988189,
  30.184627 -36.280425 -0.31988189,30.205137 -36.280425 -0.31988189,
  30.224409 -36.287439 -0.31988189,30.240121 -36.300623 -0.31988189,
  30.250376 -36.318385 -0.31988189,30.253937 -36.338583 -0.31988189,
  30.250376 -36.358781 -0.31988189,30.240121 -36.376543 -0.31988189,
  30.224409 -36.389726 -0.31988189,30.205137 -36.396741 -0.31988189,
  30.184627 -36.396741 -0.31988189,30.165354 -36.389726 -0.31988189,
  30.149643 -36.376543 -0.31988189,30.139388 -36.358781 -0.31988189,
  29.190945 -40.314961 -0.31988189,29.194506 -40.294763 -0.31988189,
  29.204761 -40.277001 -0.31988189,29.220472 -40.263817 -0.31988189,
  29.239745 -40.256803 -0.31988189,29.260255 -40.256803 -0.31988189,
  29.279528 -40.263817 -0.31988189,29.295239 -40.277001 -0.31988189,
  29.305494 -40.294763 -0.31988189,29.309055 -40.314961 -0.31988189,
  29.305494 -40.335159 -0.31988189,29.295239 -40.352921 -0.31988189,
  29.279528 -40.366104 -0.31988189,29.260255 -40.373119 -0.31988189,
  29.239745 -40.373119 -0.31988189,29.220472 -40.366104 -0.31988189,
  29.204761 -40.352921 -0.31988189,29.194506 -40.335159 -0.31988189,
  28.072835 -35.511811 -0.31988189,28.039898 -35.508722 -0.31988189,
  27.990051 -35.49128 -0.31988189,27.94756 -35.45992 -0.31988189,
  27.9162 -35.41743 -0.31988189,27.898758 -35.367583 -0.31988189,
  27.895669 -35.334646 -0.31988189,27.895669 -34.173228 -0.31988189,
  27.604331 -34.173228 -0.31988189,27.604331 -35.334646 -0.31988189,
  27.601242 -35.367583 -0.31988189,27.5838 -35.41743 -0.31988189,
  27.55244 -35.45992 -0.31988189,27.509949 -35.49128 -0.31988189,
  27.460102 -35.508722 -0.31988189,27.427165 -35.511811 -0.31988189,
  27.072835 -35.511811 -0.31988189,27.039898 -35.508722 -0.31988189,
  26.990051 -35.49128 -0.31988189,26.94756 -35.45992 -0.31988189,
  26.9162 -35.41743 -0.31988189,26.898758 -35.367583 -0.31988189,
  26.895669 -35.334646 -0.31988189,26.895669 -34.173228 -0.31988189,
  26.612205 -34.173228 -0.31988189,26.57236 -34.218217 -0.31988189,
  26.482789 -34.298341 -0.31988189,26.383426 -34.365941 -0.31988189,
  26.276009 -34.419832 -0.31988189,26.162418 -34.459074 -0.31988189,
  26.044641 -34.482978 -0.31988189,25.924739 -34.491127 -0.31988189,
  25.804811 -34.483377 -0.31988189,25.686956 -34.459865 -0.31988189,
  25.573235 -34.421002 -0.31988189,25.465639 -34.367467 -0.31988189,
  25.366052 -34.300199 -0.31988189,25.276215 -34.220373 -0.31988189,
  25.23622 -34.175517 -0.31988189,24.950787 -34.17538 -0.31988189,
  24.950787 -35.334646 -0.31988189,24.947699 -35.367583 -0.31988189,
  24.930257 -35.41743 -0.31988189,24.898897 -35.45992 -0.31988189,
  24.856406 -35.49128 -0.31988189,24.806559 -35.508722 -0.31988189,
  24.773622 -35.511811 -0.31988189,24.419291 -35.511811 -0.31988189,
  24.386354 -35.508722 -0.31988189,24.336507 -35.49128 -0.31988189,
  24.294017 -35.45992 -0.31988189,24.262657 -35.41743 -0.31988189,
  24.245215 -35.367583 -0.31988189,24.242126 -35.334646 -0.31988189,
  24.242126 -34.175039 -0.31988189,23.950787 -34.174899 -0.31988189,
  23.950787 -35.334646 -0.31988189,23.947699 -35.367583 -0.31988189,
  23.930257 -35.41743 -0.31988189,23.898897 -35.45992 -0.31988189,
  23.856406 -35.49128 -0.31988189,23.806559 -35.508722 -0.31988189,
  23.773622 -35.511811 -0.31988189,23.419291 -35.511811 -0.31988189,
  23.386354 -35.508722 -0.31988189,23.336507 -35.49128 -0.31988189,
  23.294017 -35.45992 -0.31988189,23.262657 -35.41743 -0.31988189,
  23.245215 -35.367583 -0.31988189,23.242126 -35.334646 -0.31988189,
  23.242126 -34.174559 -0.31988189,22.950787 -34.174419 -0.31988189,
  22.950787 -35.334646 -0.31988189,22.947699 -35.367583 -0.31988189,
  22.930257 -35.41743 -0.31988189,22.898897 -35.45992 -0.31988189,
  22.856406 -35.49128 -0.31988189,22.806559 -35.508722 -0.31988189,
  22.773622 -35.511811 -0.31988189,22.419291 -35.511811 -0.31988189,
  22.386354 -35.508722 -0.31988189,22.336507 -35.49128 -0.31988189,
  22.294017 -35.45992 -0.31988189,22.262657 -35.41743 -0.31988189,
  22.245215 -35.367583 -0.31988189,22.242126 -35.334646 -0.31988189,
  22.242126 -34.174078 -0.31988189,21.950787 -34.173938 -0.31988189,
  21.950787 -35.334646 -0.31988189,21.947699 -35.367583 -0.31988189,
  21.930257 -35.41743 -0.31988189,21.898897 -35.45992 -0.31988189,
  21.856406 -35.49128 -0.31988189,21.806559 -35.508722 -0.31988189,
  21.773622 -35.511811 -0.31988189,21.419291 -35.511811 -0.31988189,
  21.386354 -35.508722 -0.31988189,21.336507 -35.49128 -0.31988189,
  21.294017 -35.45992 -0.31988189,21.262657 -35.41743 -0.31988189,
  21.245215 -35.367583 -0.31988189,21.242126 -35.334646 -0.31988189,
  21.242126 -34.173598 -0.31988189,20.950787 -34.173458 -0.31988189,
  20.950787 -35.334646 -0.31988189,20.947699 -35.367583 -0.31988189,
  20.930257 -35.41743 -0.31988189,20.898897 -35.45992 -0.31988189,
  20.856406 -35.49128 -0.31988189,20.806559 -35.508722 -0.31988189,
  20.773622 -35.511811 -0.31988189,20.419291 -35.511811 -0.31988189,
  20.386354 -35.508722 -0.31988189,20.336507 -35.49128 -0.31988189,
  20.294017 -35.45992 -0.31988189,20.262657 -35.41743 -0.31988189,
  20.245215 -35.367583 -0.31988189,20.242126 -35.334646 -0.31988189,
  20.242126 -34.196375 -0.31988189,20.145212 -34.218495 -0.31988189,
  20.020096 -34.262275 -0.31988189,19.900669 -34.319788 -0.31988189,
  19.788432 -34.390311 -0.31988189,19.684797 -34.472957 -0.31988189,
  19.591067 -34.566687 -0.31988189,19.508421 -34.670322 -0.31988189,
  19.437898 -34.782559 -0.31988189,19.380385 -34.901986 -0.31988189,
  19.336605 -35.027102 -0.31988189,19.307109 -35.156333 -0.31988189,
  19.292268 -35.288054 -0.31988189,19.291339 -35.354331 -0.31988189,
  19.291339 -45.11811 -0.31988189,19.292268 -45.184387 -0.31988189,
  19.307109 -45.316108 -0.31988189,19.336605 -45.445339 -0.31988189,
  19.380385 -45.570455 -0.31988189,19.437898 -45.689882 -0.31988189,
  19.508421 -45.802119 -0.31988189,19.591067 -45.905754 -0.31988189,
  19.684797 -45.999484 -0.31988189,19.788432 -46.08213 -0.31988189,
  19.900669 -46.152653 -0.31988189,20.020096 -46.210166 -0.31988189,
  20.145212 -46.253946 -0.31988189,20.242126 -46.276066 -0.31988189,
  20.242126 -45.137795 -0.31988189,20.245215 -45.104858 -0.31988189,
  20.262657 -45.055011 -0.31988189,20.294017 -45.01252 -0.31988189,
  20.336507 -44.981161 -0.31988189,20.386354 -44.963719 -0.31988189,
  20.419291 -44.96063 -0.31988189,20.773622 -44.96063 -0.31988189,
  20.806559 -44.963719 -0.31988189,20.856406 -44.981161 -0.31988189,
  20.898897 -45.01252 -0.31988189,20.930257 -45.055011 -0.31988189,
  20.947699 -45.104858 -0.31988189,20.950787 -45.137795 -0.31988189,
  20.950787 -46.299213 -0.31988189,21.242126 -46.299213 -0.31988189,
  21.242126 -45.137795 -0.31988189,21.245215 -45.104858 -0.31988189,
  21.262657 -45.055011 -0.31988189,21.294017 -45.01252 -0.31988189,
  21.336507 -44.981161 -0.31988189,21.386354 -44.963719 -0.31988189,
  21.419291 -44.96063 -0.31988189,21.773622 -44.96063 -0.31988189,
  21.806559 -44.963719 -0.31988189,21.856406 -44.981161 -0.31988189,
  21.898897 -45.01252 -0.31988189,21.930257 -45.055011 -0.31988189,
  21.947699 -45.104858 -0.31988189,21.950787 -45.137795 -0.31988189,
  21.950787 -46.299213 -0.31988189,22.242126 -46.299213 -0.31988189,
  22.242126 -45.137795 -0.31988189,22.245215 -45.104858 -0.31988189,
  22.262657 -45.055011 -0.31988189,22.294017 -45.01252 -0.31988189,
  22.336507 -44.981161 -0.31988189,22.386354 -44.963719 -0.31988189,
  22.419291 -44.96063 -0.31988189,22.773622 -44.96063 -0.31988189,
  22.806559 -44.963719 -0.31988189,22.856406 -44.981161 -0.31988189,
  22.898897 -45.01252 -0.31988189,22.930257 -45.055011 -0.31988189,
  22.947699 -45.104858 -0.31988189,22.950787 -45.137795 -0.31988189,
  22.950787 -46.299213 -0.31988189,23.242126 -46.299213 -0.31988189,
  23.242126 -45.137795 -0.31988189,23.245215 -45.104858 -0.31988189,
  23.262657 -45.055011 -0.31988189,23.294017 -45.01252 -0.31988189,
  23.336507 -44.981161 -0.31988189,23.386354 -44.963719 -0.31988189,
  23.419291 -44.96063 -0.31988189,23.773622 -44.96063 -0.31988189,
  23.806559 -44.963719 -0.31988189,23.856406 -44.981161 -0.31988189,
  23.898897 -45.01252 -0.31988189,23.930257 -45.055011 -0.31988189,
  23.947699 -45.104858 -0.31988189,23.950787 -45.137795 -0.31988189,
  23.950787 -46.299213 -0.31988189,24.242126 -46.299213 -0.31988189,
  24.242126 -45.137795 -0.31988189,24.245215 -45.104858 -0.31988189,
  24.262657 -45.055011 -0.31988189,24.294017 -45.01252 -0.31988189,
  24.336507 -44.981161 -0.31988189,24.386354 -44.963719 -0.31988189,
  24.419291 -44.96063 -0.31988189,24.773622 -44.96063 -0.31988189,
  24.806559 -44.963719 -0.31988189,24.856406 -44.981161 -0.31988189,
  24.898897 -45.01252 -0.31988189,24.930257 -45.055011 -0.31988189,
  24.947699 -45.104858 -0.31988189,24.950787 -45.137795 -0.31988189,
  24.950787 -46.299213 -0.31988189,25.23622 -46.299213 -0.31988189,
  25.276065 -46.254223 -0.31988189,25.365636 -46.1741 -0.31988189,
  25.465 -46.1065 -0.31988189,25.572417 -46.052608 -0.31988189,
  25.686007 -46.013367 -0.31988189,25.803784 -45.989463 -0.31988189,
  25.923686 -45.981314 -0.31988189,26.043614 -45.989064 -0.31988189,
  26.161469 -46.012576 -0.31988189,26.27519 -46.051439 -0.31988189,
  26.382786 -46.104974 -0.31988189,26.482374 -46.172242 -0.31988189,
  26.572211 -46.252067 -0.31988189,26.612205 -46.296924 -0.31988189,
  26.895669 -46.29706 -0.31988189,26.895669 -45.137795 -0.31988189,
  26.898758 -45.104858 -0.31988189,26.9162 -45.055011 -0.31988189,
  26.94756 -45.01252 -0.31988189,26.990051 -44.981161 -0.31988189,
  27.039898 -44.963719 -0.31988189,27.072835 -44.96063 -0.31988189,
  27.427165 -44.96063 -0.31988189,27.460102 -44.963719 -0.31988189,
  27.509949 -44.981161 -0.31988189,27.55244 -45.01252 -0.31988189,
  27.5838 -45.055011 -0.31988189,27.601242 -45.104858 -0.31988189,
  27.604331 -45.137795 -0.31988189,27.604331 -46.2974 -0.31988189,
  27.895669 -46.297541 -0.31988189,27.895669 -45.137795 -0.31988189,
  27.898758 -45.104858 -0.31988189,27.9162 -45.055011 -0.31988189,
  27.94756 -45.01252 -0.31988189,27.990051 -44.981161 -0.31988189,
  28.039898 -44.963719 -0.31988189,28.072835 -44.96063 -0.31988189,
  28.427165 -44.96063 -0.31988189,28.460102 -44.963719 -0.31988189,
  28.509949 -44.981161 -0.31988189,28.55244 -45.01252 -0.31988189,
  28.5838 -45.055011 -0.31988189,28.601242 -45.104858 -0.31988189,
  28.604331 -45.137795 -0.31988189,28.604331 -46.297881 -0.31988189,
  28.895669 -46.298021 -0.31988189,28.895669 -45.137795 -0.31988189,
  28.898758 -45.104858 -0.31988189,28.9162 -45.055011 -0.31988189,
  28.94756 -45.01252 -0.31988189,28.990051 -44.981161 -0.31988189,
  29.039898 -44.963719 -0.31988189,29.072835 -44.96063 -0.31988189,
  29.427165 -44.96063 -0.31988189,29.460102 -44.963719 -0.31988189,
  29.509949 -44.981161 -0.31988189,29.55244 -45.01252 -0.31988189,
  29.5838 -45.055011 -0.31988189,29.601242 -45.104858 -0.31988189,
  29.604331 -45.137795 -0.31988189,29.604331 -46.298361 -0.31988189,
  29.895669 -46.298501 -0.31988189,29.895669 -45.137795 -0.31988189,
  29.898758 -45.104858 -0.31988189,29.9162 -45.055011 -0.31988189,
  29.94756 -45.01252 -0.31988189,29.990051 -44.981161 -0.31988189,
  30.039898 -44.963719 -0.31988189,30.072835 -44.96063 -0.31988189,
  30.427165 -44.96063 -0.31988189,30.460102 -44.963719 -0.31988189,
  30.509949 -44.981161 -0.31988189,30.55244 -45.01252 -0.31988189,
  30.5838 -45.055011 -0.31988189,30.601242 -45.104858 -0.31988189,
  30.604331 -45.137795 -0.31988189,30.604331 -46.298842 -0.31988189,
  30.895669 -46.298981 -0.31988189,30.895669 -45.137795 -0.31988189,
  30.898758 -45.104858 -0.31988189,30.9162 -45.055011 -0.31988189,
  30.94756 -45.01252 -0.31988189,30.990051 -44.981161 -0.31988189,
  31.039898 -44.963719 -0.31988189,31.072835 -44.96063 -0.31988189,
  31.427165 -44.96063 -0.31988189,31.460102 -44.963719 -0.31988189,
  31.509949 -44.981161 -0.31988189,31.55244 -45.01252 -0.31988189,
  31.5838 -45.055011 -0.31988189,31.601242 -45.104858 -0.31988189,
  31.604331 -45.137795 -0.31988189,31.604331 -46.276944 -0.31988189,
  31.703636 -46.254428 -0.31988189,31.828945 -46.210764 -0.31988189,
  31.948571 -46.15333 -0.31988189,32.061006 -46.082851 -0.31988189,
  32.164833 -46.000213 -0.31988189,32.258743 -45.906459 -0.31988189,
  32.341554 -45.80277 -0.31988189,32.41222 -45.690454 -0.31988189,
  32.469853 -45.570923 -0.31988189,32.513726 -45.445687 -0.31988189,
  32.543285 -45.316322 -0.31988189,32.558158 -45.184459 -0.31988189,
  32.559055 -45.11811 -0.31988189,32.559055 -35.354331 -0.31988189,
  32.558126 -35.288054 -0.31988189,32.543285 -35.156333 -0.31988189,
  32.513789 -35.027102 -0.31988189,32.470009 -34.901986 -0.31988189,
  32.412496 -34.782559 -0.31988189,32.341972 -34.670322 -0.31988189,
  32.259326 -34.566687 -0.31988189,32.165596 -34.472957 -0.31988189,
  32.061961 -34.390311 -0.31988189,31.949724 -34.319788 -0.31988189,
  31.830297 -34.262275 -0.31988189,31.705181 -34.218495 -0.31988189,
  31.604331 -34.195476 -0.31988189,31.604331 -35.334646 -0.31988189,
  31.601242 -35.367583 -0.31988189,31.5838 -35.41743 -0.31988189,
  31.55244 -35.45992 -0.31988189,31.509949 -35.49128 -0.31988189,
  31.460102 -35.508722 -0.31988189,31.427165 -35.511811 -0.31988189,
  31.072835 -35.511811 -0.31988189,31.039898 -35.508722 -0.31988189,
  30.990051 -35.49128 -0.31988189,30.94756 -35.45992 -0.31988189,
  30.9162 -35.41743 -0.31988189,30.898758 -35.367583 -0.31988189,
  30.895669 -35.334646 -0.31988189,30.895669 -34.173228 -0.31988189,
  30.604331 -34.173228 -0.31988189,30.604331 -35.334646 -0.31988189,
  30.601242 -35.367583 -0.31988189,30.5838 -35.41743 -0.31988189,
  30.55244 -35.45992 -0.31988189,30.509949 -35.49128 -0.31988189,
  30.460102 -35.508722 -0.31988189,30.427165 -35.511811 -0.31988189,
  30.072835 -35.511811 -0.31988189,30.039898 -35.508722 -0.31988189,
  29.990051 -35.49128 -0.31988189,29.94756 -35.45992 -0.31988189,
  29.9162 -35.41743 -0.31988189,29.898758 -35.367583 -0.31988189,
  29.895669 -35.334646 -0.31988189,29.895669 -34.173228 -0.31988189,
  29.604331 -34.173228 -0.31988189,29.604331 -35.334646 -0.31988189,
  29.601242 -35.367583 -0.31988189,29.5838 -35.41743 -0.31988189,
  29.55244 -35.45992 -0.31988189,29.509949 -35.49128 -0.31988189,
  29.460102 -35.508722 -0.31988189,29.427165 -35.511811 -0.31988189,
  29.072835 -35.511811 -0.31988189,29.039898 -35.508722 -0.31988189,
  28.990051 -35.49128 -0.31988189,28.94756 -35.45992 -0.31988189,
  28.9162 -35.41743 -0.31988189,28.898758 -35.367583 -0.31988189,
  28.895669 -35.334646 -0.31988189,28.895669 -34.173228 -0.31988189,
  28.604331 -34.173228 -0.31988189,28.604331 -35.334646 -0.31988189,
  28.601242 -35.367583 -0.31988189,28.5838 -35.41743 -0.31988189,
  28.55244 -35.45992 -0.31988189,28.509949 -35.49128 -0.31988189,
  28.460102 -35.508722 -0.31988189,28.427165 -35.511811 -0.31988189,
  28.127953 -44.015748 -0.31988189,28.131514 -43.99555 -0.31988189,
  28.141769 -43.977788 -0.31988189,28.15748 -43.964605 -0.31988189,
  28.176753 -43.95759 -0.31988189,28.197263 -43.95759 -0.31988189,
  28.216535 -43.964605 -0.31988189,28.232247 -43.977788 -0.31988189,
  28.242502 -43.99555 -0.31988189,28.246063 -44.015748 -0.31988189,
  28.242502 -44.035946 -0.31988189,28.232247 -44.053708 -0.31988189,
  28.216535 -44.066891 -0.31988189,28.197263 -44.073906 -0.31988189,
  28.176753 -44.073906 -0.31988189,28.15748 -44.066891 -0.31988189,
  28.141769 -44.053708 -0.31988189,28.131514 -44.035946 -0.31988189,
  23.482283 -36.259843 -0.31988189,23.485845 -36.239644 -0.31988189,
  23.4961 -36.221883 -0.31988189,23.511811 -36.208699 -0.31988189,
  23.531084 -36.201685 -0.31988189,23.551593 -36.201685 -0.31988189,
  23.570866 -36.208699 -0.31988189,23.586577 -36.221883 -0.31988189,
  23.596832 -36.239644 -0.31988189,23.600394 -36.259843 -0.31988189,
  23.596832 -36.280041 -0.31988189,23.586577 -36.297802 -0.31988189,
  23.570866 -36.310986 -0.31988189,23.551593 -36.318 -0.31988189,
  23.531084 -36.318 -0.31988189,23.511811 -36.310986 -0.31988189,
  23.4961 -36.297802 -0.31988189,23.485845 -36.280041 -0.31988189,
  21.474409 -43.976378 -0.31988189,21.477971 -43.95618 -0.31988189,
  21.488226 -43.938418 -0.31988189,21.503937 -43.925235 -0.31988189,
  21.52321 -43.91822 -0.31988189,21.543719 -43.91822 -0.31988189,
  21.562992 -43.925235 -0.31988189,21.578703 -43.938418 -0.31988189,
  21.588958 -43.95618 -0.31988189,21.59252 -43.976378 -0.31988189,
  21.588958 -43.996576 -0.31988189,21.578703 -44.014338 -0.31988189,
  21.562992 -44.027521 -0.31988189,21.543719 -44.034536 -0.31988189,
  21.52321 -44.034536 -0.31988189,21.503937 -44.027521 -0.31988189,
  21.488226 -44.014338 -0.31988189,21.477971 -43.996576 -0.31988189] }
 coordIndex [
  125,124,247,-1,125,247,126,-1,126,247,245,-1,126,245,127,-1,127,245,244,-1,127,244,128,-1,128,244,243,-1,128,243,129,-1,
  129,243,242,-1,129,242,130,-1,130,242,241,-1,130,241,131,-1,131,241,240,-1,131,240,132,-1,132,240,239,-1,132,239,9,-1,
  9,239,10,-1,133,132,0,-1,0,132,1,-1,1,132,2,-1,2,132,3,-1,3,132,4,-1,4,132,5,-1,5,132,6,-1,
  6,132,7,-1,7,132,8,-1,8,132,9,-1,474,491,255,-1,474,255,117,-1,117,255,254,-1,117,254,118,-1,118,254,253,-1,
  118,253,119,-1,119,253,252,-1,119,252,120,-1,120,252,251,-1,120,251,121,-1,121,251,250,-1,121,250,122,-1,122,250,249,-1,
  122,249,123,-1,123,249,248,-1,123,248,124,-1,124,248,247,-1,10,239,11,-1,11,239,12,-1,12,239,13,-1,13,239,14,-1,
  14,239,15,-1,15,239,16,-1,16,239,17,-1,17,239,0,-1,0,239,238,-1,133,0,238,-1,133,238,134,-1,134,238,237,-1,
  134,237,135,-1,135,237,236,-1,135,236,136,-1,136,236,235,-1,136,235,137,-1,137,235,234,-1,137,234,138,-1,138,234,233,-1,
  138,233,139,-1,139,233,232,-1,139,232,140,-1,140,232,231,-1,140,231,141,-1,141,231,142,-1,416,415,358,-1,416,358,417,-1,
  417,358,356,-1,417,356,418,-1,418,356,355,-1,418,355,419,-1,419,355,354,-1,419,354,420,-1,420,354,353,-1,420,353,421,-1,
  421,353,352,-1,421,352,422,-1,422,352,351,-1,422,351,423,-1,423,351,350,-1,423,350,27,-1,27,350,28,-1,424,423,19,-1,
  19,423,20,-1,20,423,21,-1,21,423,22,-1,22,423,23,-1,23,423,24,-1,24,423,25,-1,25,423,26,-1,26,423,27,-1,
  425,424,349,-1,349,424,350,-1,350,424,18,-1,18,424,19,-1,400,399,374,-1,400,374,401,-1,401,374,372,-1,401,372,402,-1,
  402,372,371,-1,402,371,403,-1,403,371,370,-1,403,370,404,-1,404,370,369,-1,404,369,405,-1,405,369,368,-1,405,368,406,-1,
  406,368,367,-1,406,367,407,-1,407,367,366,-1,407,366,408,-1,408,366,365,-1,408,365,409,-1,409,365,364,-1,409,364,410,-1,
  410,364,363,-1,410,363,411,-1,411,363,362,-1,411,362,412,-1,412,362,361,-1,412,361,413,-1,413,361,360,-1,413,360,414,-1,
  414,360,359,-1,414,359,415,-1,415,359,358,-1,386,385,387,-1,387,385,388,-1,388,385,389,-1,389,385,384,-1,375,399,398,-1,
  375,398,376,-1,376,398,397,-1,376,397,377,-1,377,397,396,-1,377,396,378,-1,378,396,395,-1,378,395,379,-1,379,395,394,-1,
  379,394,380,-1,380,394,393,-1,380,393,381,-1,381,393,392,-1,381,392,382,-1,382,392,391,-1,382,391,383,-1,383,391,390,-1,
  383,390,384,-1,384,390,389,-1,28,350,29,-1,29,350,30,-1,30,350,31,-1,31,350,32,-1,32,350,33,-1,33,350,34,-1,
  34,350,35,-1,35,350,18,-1,425,349,348,-1,425,348,426,-1,426,348,347,-1,426,347,427,-1,427,347,346,-1,427,346,428,-1,
  428,346,345,-1,428,345,429,-1,429,345,344,-1,429,344,430,-1,430,344,343,-1,430,343,431,-1,431,343,342,-1,431,342,432,-1,
  432,342,433,-1,433,342,340,-1,433,340,434,-1,434,340,339,-1,434,339,435,-1,435,339,338,-1,435,338,436,-1,436,338,337,-1,
  436,337,437,-1,437,337,336,-1,437,336,438,-1,438,336,335,-1,438,335,439,-1,439,335,334,-1,439,334,45,-1,45,334,46,-1,
  440,439,36,-1,36,439,37,-1,37,439,38,-1,38,439,39,-1,39,439,40,-1,40,439,41,-1,41,439,42,-1,42,439,43,-1,
  43,439,44,-1,44,439,45,-1,46,334,47,-1,47,334,48,-1,48,334,49,-1,49,334,50,-1,50,334,51,-1,51,334,52,-1,
  52,334,53,-1,53,334,36,-1,36,334,333,-1,440,36,333,-1,440,333,441,-1,441,333,332,-1,441,332,442,-1,442,332,331,-1,
  442,331,443,-1,443,331,330,-1,443,330,444,-1,444,330,329,-1,444,329,445,-1,445,329,328,-1,445,328,446,-1,446,328,327,-1,
  446,327,447,-1,447,327,326,-1,447,326,448,-1,448,326,449,-1,157,156,215,-1,157,215,158,-1,158,215,213,-1,158,213,159,-1,
  159,213,212,-1,159,212,160,-1,160,212,211,-1,160,211,161,-1,161,211,210,-1,161,210,162,-1,162,210,209,-1,162,209,163,-1,
  163,209,208,-1,163,208,164,-1,164,208,207,-1,164,207,165,-1,165,207,206,-1,165,206,166,-1,166,206,205,-1,166,205,167,-1,
  167,205,204,-1,167,204,168,-1,168,204,203,-1,168,203,169,-1,169,203,202,-1,169,202,170,-1,170,202,201,-1,170,201,171,-1,
  171,201,200,-1,171,200,172,-1,172,200,199,-1,172,199,173,-1,173,199,198,-1,173,198,174,-1,174,198,197,-1,174,197,175,-1,
  175,197,196,-1,175,196,176,-1,176,196,195,-1,176,195,177,-1,177,195,194,-1,177,194,178,-1,178,194,193,-1,178,193,179,-1,
  179,193,192,-1,179,192,180,-1,180,192,191,-1,180,191,181,-1,181,191,190,-1,181,190,182,-1,182,190,189,-1,182,189,183,-1,
  183,189,188,-1,183,188,184,-1,184,188,187,-1,184,187,185,-1,185,187,186,-1,216,156,155,-1,216,155,217,-1,217,155,154,-1,
  217,154,218,-1,218,154,153,-1,218,153,219,-1,219,153,152,-1,219,152,220,-1,220,152,151,-1,220,151,221,-1,221,151,150,-1,
  221,150,222,-1,222,150,149,-1,222,149,492,-1,492,149,148,-1,492,148,493,-1,493,148,494,-1,449,326,324,-1,449,324,450,-1,
  450,324,323,-1,450,323,451,-1,451,323,322,-1,451,322,452,-1,452,322,321,-1,452,321,453,-1,453,321,320,-1,453,320,454,-1,
  454,320,319,-1,454,319,455,-1,455,319,318,-1,455,318,465,-1,465,318,466,-1,54,455,456,-1,456,455,457,-1,457,455,458,-1,
  458,455,459,-1,459,455,460,-1,460,455,461,-1,461,455,462,-1,462,455,463,-1,463,455,464,-1,464,455,465,-1,466,318,467,-1,
  467,318,468,-1,468,318,469,-1,469,318,470,-1,470,318,471,-1,471,318,472,-1,472,318,473,-1,473,318,317,-1,473,317,456,-1,
  456,317,54,-1,54,317,55,-1,55,317,316,-1,310,62,61,-1,310,61,311,-1,311,61,60,-1,311,60,312,-1,312,60,59,-1,
  312,59,313,-1,313,59,58,-1,313,58,314,-1,314,58,57,-1,314,57,315,-1,315,57,56,-1,315,56,316,-1,316,56,55,-1,
  109,108,263,-1,109,263,110,-1,110,263,261,-1,110,261,111,-1,111,261,260,-1,111,260,112,-1,112,260,259,-1,112,259,113,-1,
  113,259,258,-1,113,258,114,-1,114,258,257,-1,114,257,115,-1,115,257,256,-1,115,256,116,-1,116,256,255,-1,116,255,483,-1,
  483,255,484,-1,117,116,475,-1,475,116,476,-1,476,116,477,-1,477,116,478,-1,478,116,479,-1,479,116,480,-1,480,116,481,-1,
  481,116,482,-1,482,116,483,-1,93,92,279,-1,93,279,94,-1,94,279,277,-1,94,277,95,-1,95,277,276,-1,95,276,96,-1,
  96,276,275,-1,96,275,97,-1,97,275,274,-1,97,274,98,-1,98,274,273,-1,98,273,99,-1,99,273,272,-1,99,272,100,-1,
  100,272,271,-1,100,271,101,-1,101,271,270,-1,101,270,102,-1,102,270,269,-1,102,269,103,-1,103,269,268,-1,103,268,104,-1,
  104,268,267,-1,104,267,105,-1,105,267,266,-1,105,266,106,-1,106,266,265,-1,106,265,107,-1,107,265,264,-1,107,264,108,-1,
  108,264,263,-1,280,92,91,-1,280,91,281,-1,281,91,90,-1,281,90,282,-1,282,90,89,-1,282,89,283,-1,283,89,88,-1,
  283,88,284,-1,284,88,87,-1,284,87,285,-1,285,87,86,-1,285,86,286,-1,286,86,85,-1,286,85,287,-1,287,85,84,-1,
  287,84,288,-1,288,84,83,-1,288,83,289,-1,289,83,82,-1,289,82,290,-1,290,82,81,-1,290,81,291,-1,291,81,80,-1,
  291,80,292,-1,292,80,79,-1,292,79,293,-1,293,79,78,-1,293,78,294,-1,294,78,77,-1,294,77,295,-1,295,77,76,-1,
  295,76,296,-1,296,76,75,-1,296,75,297,-1,297,75,74,-1,297,74,298,-1,298,74,73,-1,298,73,299,-1,299,73,72,-1,
  299,72,300,-1,300,72,71,-1,300,71,301,-1,301,71,70,-1,301,70,302,-1,302,70,69,-1,302,69,303,-1,303,69,68,-1,
  303,68,304,-1,304,68,67,-1,304,67,305,-1,305,67,66,-1,305,66,306,-1,306,66,65,-1,306,65,307,-1,307,65,64,-1,
  307,64,308,-1,308,64,63,-1,308,63,310,-1,310,63,62,-1,484,255,485,-1,485,255,486,-1,486,255,487,-1,487,255,488,-1,
  488,255,489,-1,489,255,490,-1,490,255,491,-1,142,231,229,-1,142,229,143,-1,143,229,228,-1,143,228,144,-1,144,228,227,-1,
  144,227,145,-1,145,227,226,-1,145,226,146,-1,146,226,225,-1,146,225,147,-1,147,225,224,-1,147,224,148,-1,148,224,223,-1,
  148,223,501,-1,501,223,502,-1,494,148,495,-1,495,148,496,-1,496,148,497,-1,497,148,498,-1,498,148,499,-1,499,148,500,-1,
  500,148,501,-1,502,223,503,-1,503,223,504,-1,504,223,505,-1,505,223,506,-1,506,223,507,-1,507,223,508,-1,508,223,509,-1,
  509,223,222,-1,222,492,509,-1,229,231,230,-1,308,310,309,-1,277,279,278,-1,279,92,280,-1,261,263,262,-1,117,475,474,-1,
  324,326,325,-1,213,215,214,-1,215,156,216,-1,340,342,341,-1,372,374,373,-1,374,399,375,-1,356,358,357,-1,245,247,246,-1]
  normalPerVertex TRUE
  normal DEF NORM_8 Normal { vector [
  0 0 -1,0 0 -1,
  0 0 -1,0 0 -1,
  0 0 -1,0 0 -1,
  0 0 -1,0 0 -1,
  0 0 -1,0 0 -1,
  0 0 -1,0 0 -1,
  0 0 -1,0 0 -1,
  0 0 -1,0 0 -1,
  0 0 -1,0 0 -1,
  0 0 -1,0 0 -1,
  0 0 -1,0 0 -1,
  0 0 -1,0 0 -1,
  0 0 -1,0 0 -1,
  0 0 -1,0 0 -1,
  0 0 -1,0 0 -1,
  0 0 -1,0 0 -1,
  0 0 -1,0 0 -1,
  0 0 -1,0 0 -1,
  0 0 -1,0 0 -1,
  0 0 -1,0 0 -1,
  0 0 -1,0 0 -1,
  0 0 -1,0 0 -1,
  0 0 -1,0 0 -1,
  0 0 -1,0 0 -1,
  0 0 -1,0 0 -1,
  0 0 -1,0 0 -1,
  0 0 -1,0 0 -1,
  0 0 -1,0 0 -1,
  0 0 -1,0 0 -1,
  0 0 -1,0 0 -1,
  0 0 -1,0 0 -1,
  0 0 -1,0 0 -1,
  0 0 -1,0 0 -1,
  0 0 -1,0 0 -1,
  0 0 -1,0 0 -1,
  0 0 -1,0 0 -1,
  0 0 -1,0 0 -1,
  0 0 -1,0 0 -1,
  0 0 -1,0 0 -1,
  0 0 -1,0 0 -1,
  0 0 -1,0 0 -1,
  0 0 -1,0 0 -1,
  0 0 -1,0 0 -1,
  0 0 -1,0 0 -1,
  0 0 -1,0 0 -1,
  0 0 -1,0 0 -1,
  0 0 -1,0 0 -1,
  0 0 -1,0 0 -1,
  0 0 -1,0 0 -1,
  0 0 -1,0 0 -1,
  0 0 -1,0 0 -1,
  0 0 -1,0 0 -1,
  0 0 -1,0 0 -1,
  0 0 -1,0 0 -1,
  0 0 -1,0 0 -1,
  0 0 -1,0 0 -1,
  0 0 -1,0 0 -1,
  0 0 -1,0 0 -1,
  0 0 -1,0 0 -1,
  0 0 -1,0 0 -1,
  0 0 -1,0 0 -1,
  0 0 -1,0 0 -1,
  0 0 -1,0 0 -1,
  0 0 -1,0 0 -1,
  0 0 -1,0 0 -1,
  0 0 -1,0 0 -1,
  0 0 -1,0 0 -1,
  0 0 -1,0 0 -1,
  0 0 -1,0 0 -1,
  0 0 -1,0 0 -1,
  0 0 -1,0 0 -1,
  0 0 -1,0 0 -1,
  0 0 -1,0 0 -1,
  0 0 -1,0 0 -1,
  0 0 -1,0 0 -1,
  0 0 -1,0 0 -1,
  0 0 -1,0 0 -1,
  0 0 -1,0 0 -1,
  0 0 -1,0 0 -1,
  0 0 -1,0 0 -1,
  0 0 -1,0 0 -1,
  0 0 -1,0 0 -1,
  0 0 -1,0 0 -1,
  0 0 -1,0 0 -1,
  0 0 -1,0 0 -1,
  0 0 -1,0 0 -1,
  0 0 -1,0 0 -1,
  0 0 -1,0 0 -1,
  0 0 -1,0 0 -1,
  0 0 -1,0 0 -1,
  0 0 -1,0 0 -1,
  0 0 -1,0 0 -1,
  0 0 -1,0 0 -1,
  0 0 -1,0 0 -1,
  0 0 -1,0 0 -1,
  0 0 -1,0 0 -1,
  0 0 -1,0 0 -1,
  0 0 -1,0 0 -1,
  0 0 -1,0 0 -1,
  0 0 -1,0 0 -1,
  0 0 -1,0 0 -1,
  0 0 -1,0 0 -1,
  0 0 -1,0 0 -1,
  0 0 -1,0 0 -1,
  0 0 -1,0 0 -1,
  0 0 -1,0 0 -1,
  0 0 -1,0 0 -1,
  0 0 -1,0 0 -1,
  0 0 -1,0 0 -1,
  0 0 -1,0 0 -1,
  0 0 -1,0 0 -1,
  0 0 -1,0 0 -1,
  0 0 -1,0 0 -1,
  0 0 -1,0 0 -1,
  0 0 -1,0 0 -1,
  0 0 -1,0 0 -1,
  0 0 -1,0 0 -1,
  0 0 -1,0 0 -1,
  0 0 -1,0 0 -1,
  0 0 -1,0 0 -1,
  0 0 -1,0 0 -1,
  0 0 -1,0 0 -1,
  0 0 -1,0 0 -1,
  0 0 -1,0 0 -1,
  0 0 -1,0 0 -1,
  0 0 -1,0 0 -1,
  0 0 -1,0 0 -1,
  0 0 -1,0 0 -1,
  0 0 -1,0 0 -1,
  0 0 -1,0 0 -1,
  0 0 -1,0 0 -1,
  0 0 -1,0 0 -1,
  0 0 -1,0 0 -1,
  0 0 -1,0 0 -1,
  0 0 -1,0 0 -1,
  0 0 -1,0 0 -1,
  0 0 -1,0 0 -1,
  0 0 -1,0 0 -1,
  0 0 -1,0 0 -1,
  0 0 -1,0 0 -1,
  0 0 -1,0 0 -1,
  0 0 -1,0 0 -1,
  0 0 -1,0 0 -1,
  0 0 -1,0 0 -1,
  0 0 -1,0 0 -1,
  0 0 -1,0 0 -1,
  0 0 -1,0 0 -1,
  0 0 -1,0 0 -1,
  0 0 -1,0 0 -1,
  0 0 -1,0 0 -1,
  0 0 -1,0 0 -1,
  0 0 -1,0 0 -1,
  0 0 -1,0 0 -1,
  0 0 -1,0 0 -1,
  0 0 -1,0 0 -1,
  0 0 -1,0 0 -1,
  0 0 -1,0 0 -1,
  0 0 -1,0 0 -1,
  0 0 -1,0 0 -1,
  0 0 -1,0 0 -1,
  0 0 -1,0 0 -1,
  0 0 -1,0 0 -1,
  0 0 -1,0 0 -1,
  0 0 -1,0 0 -1,
  0 0 -1,0 0 -1,
  0 0 -1,0 0 -1,
  0 0 -1,0 0 -1,
  0 0 -1,0 0 -1,
  0 0 -1,0 0 -1,
  0 0 -1,0 0 -1,
  0 0 -1,0 0 -1,
  0 0 -1,0 0 -1,
  0 0 -1,0 0 -1,
  0 0 -1,0 0 -1,
  0 0 -1,0 0 -1,
  0 0 -1,0 0 -1,
  0 0 -1,0 0 -1,
  0 0 -1,0 0 -1,
  0 0 -1,0 0 -1,
  0 0 -1,0 0 -1,
  0 0 -1,0 0 -1,
  0 0 -1,0 0 -1,
  0 0 -1,0 0 -1,
  0 0 -1,0 0 -1,
  0 0 -1,0 0 -1,
  0 0 -1,0 0 -1,
  0 0 -1,0 0 -1,
  0 0 -1,0 0 -1,
  0 0 -1,0 0 -1,
  0 0 -1,0 0 -1,
  0 0 -1,0 0 -1,
  0 0 -1,0 0 -1,
  0 0 -1,0 0 -1,
  0 0 -1,0 0 -1,
  0 0 -1,0 0 -1,
  0 0 -1,0 0 -1,
  0 0 -1,0 0 -1,
  0 0 -1,0 0 -1,
  0 0 -1,0 0 -1,
  0 0 -1,0 0 -1,
  0 0 -1,0 0 -1,
  0 0 -1,0 0 -1,
  0 0 -1,0 0 -1,
  0 0 -1,0 0 -1,
  0 0 -1,0 0 -1,
  0 0 -1,0 0 -1,
  0 0 -1,0 0 -1,
  0 0 -1,0 0 -1,
  0 0 -1,0 0 -1,
  0 0 -1,0 0 -1,
  0 0 -1,0 0 -1,
  0 0 -1,0 0 -1,
  0 0 -1,0 0 -1,
  0 0 -1,0 0 -1,
  0 0 -1,0 0 -1,
  0 0 -1,0 0 -1,
  0 0 -1,0 0 -1,
  0 0 -1,0 0 -1,
  0 0 -1,0 0 -1,
  0 0 -1,0 0 -1,
  0 0 -1,0 0 -1,
  0 0 -1,0 0 -1,
  0 0 -1,0 0 -1,
  0 0 -1,0 0 -1,
  0 0 -1,0 0 -1,
  0 0 -1,0 0 -1,
  0 0 -1,0 0 -1,
  0 0 -1,0 0 -1,
  0 0 -1,0 0 -1,
  0 0 -1,0 0 -1,
  0 0 -1,0 0 -1,
  0 0 -1,0 0 -1,
  0 0 -1,0 0 -1,
  0 0 -1,0 0 -1,
  0 0 -1,0 0 -1,
  0 0 -1,0 0 -1,
  0 0 -1,0 0 -1,
  0 0 -1,0 0 -1,
  0 0 -1,0 0 -1,
  0 0 -1,0 0 -1,
  0 0 -1,0 0 -1,
  0 0 -1,0 0 -1,
  0 0 -1,0 0 -1,
  0 0 -1,0 0 -1,
  0 0 -1,0 0 -1,
  0 0 -1,0 0 -1,
  0 0 -1,0 0 -1,
  0 0 -1,0 0 -1,
  0 0 -1,0 0 -1,
  0 0 -1,0 0 -1,
  0 0 -1,0 0 -1,
  0 0 -1,0 0 -1,
  0 0 -1,0 0 -1,
  0 0 -1,0 0 -1,
  0 0 -1,0 0 -1] }
}
}
] }
DEF TXFM_9 Transform {
  center 0 0 0
  rotation 0 0 1 0
  scale 1 1 1
  scaleOrientation 0 0 1 0
  translation 0 0 0
 children [
DEF SHAPE_9 Shape {
 appearance DEF APP_6 Appearance {
  material Material {
   ambientIntensity 0.72857141
   diffuseColor 0.96078432 0.96078432 0.96078432
   emissiveColor 0 0 0
   shininess 0.02
   specularColor 0.96470588 0.96470588 0.96470588
   transparency 0
} }
 geometry DEF FACE_9 IndexedFaceSet {
  coord DEF COORD_9 Coordinate { point [
  25.179687 -41.19811 0.34448819,25.178787 -41.195953 0.34448819,
  25.174502 -41.191305 0.34448819,25.173634 -41.190615 0.34448819,
  25.168912 -41.188941 0.34448819,25.163752 -41.192563 0.34448819,
  25.161335 -41.195118 0.34448819,25.160003 -41.198971 0.34448819,
  25.163752 -41.203657 0.34448819,25.164682 -41.204558 0.34448819,
  25.169577 -41.207357 0.34448819,25.174502 -41.204916 0.34448819,
  25.177413 -41.202072 0.34448819,25.164656 -41.129043 0.34448819,
  25.161834 -41.123624 0.34448819,25.155014 -41.122101 0.34448819,
  25.150687 -41.123759 0.34448819,25.147914 -41.129731 0.34448819,
  25.148226 -41.131869 0.34448819,25.152106 -41.136556 0.34448819,
  25.158063 -41.137778 0.34448819,25.163091 -41.134574 0.34448819,
  25.213132 -41.112681 0.34448819,25.213131 -41.112657 0.34448819,
  25.210473 -41.106448 0.34448819,25.204489 -41.100663 0.34448819,
  25.198081 -41.09811 0.34448819,25.196895 -41.098278 0.34448819,
  25.191156 -41.101209 0.34448819,25.185553 -41.105985 0.34448819,
  25.183031 -41.110234 0.34448819,25.183038 -41.11063 0.34448819,
  25.186095 -41.118305 0.34448819,25.193076 -41.123207 0.34448819,
  25.201557 -41.124357 0.34448819,25.209119 -41.120777 0.34448819,
  25.210965 -41.118475 0.34448819,25.293056 -41.071403 0.34448819,
  25.290993 -41.065524 0.34448819,25.285481 -41.062003 0.34448819,
  25.280173 -41.062 0.34448819,25.275196 -41.065699 0.34448819,
  25.275253 -41.072553 0.34448819,25.278298 -41.076194 0.34448819,
  25.285031 -41.078128 0.34448819,25.291285 -41.075773 0.34448819,
  25.189382 -41.031371 0.34448819,25.187285 -41.025504 0.34448819,
  25.181722 -41.021987 0.34448819,25.176894 -41.022279 0.34448819,
  25.17208 -41.026627 0.34448819,25.171993 -41.033641 0.34448819,
  25.175172 -41.036811 0.34448819,25.181739 -41.03806 0.34448819,
  25.187606 -41.035773 0.34448819,25.222787 -40.990756 0.34448819,
  25.218191 -40.984812 0.34448819,25.211663 -40.982284 0.34448819,
  25.205688 -40.984196 0.34448819,25.203098 -40.989777 0.34448819,
  25.204603 -40.994064 0.34448819,25.210394 -40.997497 0.34448819,
  25.218148 -40.996905 0.34448819,25.220992 -40.995389 0.34448819,
  25.293061 -40.784705 0.34448819,25.290963 -40.778837 0.34448819,
  25.2854 -40.77532 0.34448819,25.280573 -40.775612 0.34448819,
  25.275758 -40.77996 0.34448819,25.275672 -40.786975 0.34448819,
  25.278852 -40.790144 0.34448819,25.285419 -40.791393 0.34448819,
  25.291285 -40.789106 0.34448819,25.272294 -40.765941 0.34448819,
  25.270411 -40.761542 0.34448819,25.263066 -40.759777 0.34448819,
  25.257868 -40.760793 0.34448819,25.2539 -40.76562 0.34448819,
  25.253751 -40.767056 0.34448819,25.256163 -40.772188 0.34448819,
  25.261892 -40.77393 0.34448819,25.26847 -40.771316 0.34448819,
  25.296406 -40.731371 0.34448819,25.294308 -40.725504 0.34448819,
  25.288745 -40.721987 0.34448819,25.283917 -40.722279 0.34448819,
  25.279103 -40.726627 0.34448819,25.279017 -40.733641 0.34448819,
  25.282196 -40.736811 0.34448819,25.288763 -40.73806 0.34448819,
  25.29463 -40.735773 0.34448819,26.771502 -40.575787 0.34448819,
  26.771017 -40.572002 0.34448819,26.766867 -40.566735 0.34448819,
  26.759636 -40.566857 0.34448819,26.756887 -40.569106 0.34448819,
  26.75478 -40.575486 0.34448819,26.756603 -40.580713 0.34448819,
  26.763141 -40.582257 0.34448819,26.769435 -40.580891 0.34448819,
  25.326483 -40.55717 0.34448819,25.322251 -40.551794 0.34448819,
  25.315485 -40.549507 0.34448819,25.309409 -40.55216 0.34448819,
  25.306777 -40.558572 0.34448819,25.309089 -40.564817 0.34448819,
  25.314939 -40.567344 0.34448819,25.32187 -40.564742 0.34448819,
  25.324476 -40.562319 0.34448819,25.313051 -40.539574 0.34448819,
  25.311804 -40.530359 0.34448819,25.30472 -40.522552 0.34448819,
  25.299849 -40.519682 0.34448819,25.29415 -40.518716 0.34448819,
  25.287161 -40.521747 0.34448819,25.284392 -40.523612 0.34448819,
  25.278508 -40.531637 0.34448819,25.277474 -40.541004 0.34448819,
  25.281751 -40.549358 0.34448819,25.287705 -40.553306 0.34448819,
  25.297728 -40.554198 0.34448819,25.30735 -40.54926 0.34448819,
  25.308281 -40.548369 0.34448819,26.764813 -40.542719 0.34448819,
  26.762196 -40.536322 0.34448819,26.756128 -40.533656 0.34448819,
  26.749339 -40.535941 0.34448819,26.746872 -40.538261 0.34448819,
  26.745167 -40.543336 0.34448819,26.74972 -40.548889 0.34448819,
  26.756321 -40.551491 0.34448819,26.76228 -40.54919 0.34448819,
  26.739062 -40.510059 0.34448819,26.735883 -40.50689 0.34448819,
  26.729316 -40.505641 0.34448819,26.723449 -40.507928 0.34448819,
  26.721673 -40.51233 0.34448819,26.723771 -40.518197 0.34448819,
  26.729334 -40.521714 0.34448819,26.734161 -40.521422 0.34448819,
  26.738976 -40.517074 0.34448819,26.763141 -40.51397 0.34448819,
  26.76283 -40.511832 0.34448819,26.75895 -40.507144 0.34448819,
  26.752992 -40.505922 0.34448819,26.747965 -40.509127 0.34448819,
  26.7464 -40.514659 0.34448819,26.749221 -40.520077 0.34448819,
  26.756041 -40.5216 0.34448819,26.760369 -40.519942 0.34448819,
  25.246213 -40.504775 0.34448819,25.24378 -40.499017 0.34448819,
  25.238261 -40.496444 0.34448819,25.237255 -40.496509 0.34448819,
  25.231933 -40.499831 0.34448819,25.230054 -40.506057 0.34448819,
  25.23266 -40.51224 0.34448819,25.235109 -40.513667 0.34448819,
  25.24157 -40.513568 0.34448819,25.244994 -40.510771 0.34448819,
  25.276677 -40.501444 0.34448819,25.274428 -40.497035 0.34448819,
  25.268466 -40.493559 0.34448819,25.262051 -40.493409 0.34448819,
  25.25827 -40.49594 0.34448819,25.257059 -40.50169 0.34448819,
  25.261627 -40.50811 0.34448819,25.266307 -40.51058 0.34448819,
  25.27166 -40.50811 0.34448819,25.274406 -40.505425 0.34448819,
  25.310122 -40.471548 0.34448819,25.308298 -40.466322 0.34448819,
  25.301761 -40.464777 0.34448819,25.295466 -40.466143 0.34448819,
  25.293399 -40.471247 0.34448819,25.293884 -40.475032 0.34448819,
  25.298035 -40.480299 0.34448819,25.305265 -40.480177 0.34448819,
  25.308014 -40.477928 0.34448819,25.283366 -40.45811 0.34448819,
  25.282466 -40.455953 0.34448819,25.278181 -40.451305 0.34448819,
  25.277313 -40.450615 0.34448819,25.272591 -40.448941 0.34448819,
  25.267431 -40.452563 0.34448819,25.265014 -40.455118 0.34448819,
  25.263681 -40.458971 0.34448819,25.267431 -40.463657 0.34448819,
  25.268361 -40.464558 0.34448819,25.273256 -40.467357 0.34448819,
  25.278181 -40.464916 0.34448819,25.281091 -40.462072 0.34448819,
  26.735718 -40.413393 0.34448819,26.732538 -40.410224 0.34448819,
  26.725971 -40.408974 0.34448819,26.720104 -40.411261 0.34448819,
  26.718328 -40.415663 0.34448819,26.720426 -40.421531 0.34448819,
  26.725989 -40.425047 0.34448819,26.730817 -40.424756 0.34448819,
  26.735631 -40.420407 0.34448819,26.673959 -40.35099 0.34448819,
  26.673648 -40.346059 0.34448819,26.669235 -40.341329 0.34448819,
  26.662097 -40.341323 0.34448819,26.659519 -40.343791 0.34448819,
  26.658449 -40.350181 0.34448819,26.659912 -40.353964 0.34448819,
  26.664869 -40.35714 0.34448819,26.670499 -40.356198 0.34448819,
  25.336477 -40.333145 0.34448819,25.333382 -40.328504 0.34448819,
  25.326844 -40.326444 0.34448819,25.321426 -40.327464 0.34448819,
  25.317445 -40.332287 0.34448819,25.318737 -40.337711 0.34448819,
  25.324333 -40.340889 0.34448819,25.332108 -40.340144 0.34448819,
  25.335242 -40.338054 0.34448819,26.656117 -40.32397 0.34448819,
  26.655843 -40.321917 0.34448819,26.651981 -40.317144 0.34448819,
  26.645916 -40.316017 0.34448819,26.640686 -40.319429 0.34448819,
  26.63877 -40.323865 0.34448819,26.640554 -40.328819 0.34448819,
  26.648035 -40.330591 0.34448819,26.654059 -40.329231 0.34448819,
  26.946434 -39.220096 0.34448819,26.94685 -39.219361 0.34448819,
  26.951094 -39.221374 0.34448819,26.958843 -39.226644 0.34448819,
  26.969117 -39.234549 0.34448819,26.971415 -39.236396 0.34448819,
  26.984343 -39.246746 0.34448819,27.000297 -39.259476 0.34448819,
  27.017467 -39.273143 0.34448819,27.034044 -39.286305 0.34448819,
  27.045663 -39.295716 0.34448819,27.068615 -39.315456 0.34448819,
  27.090243 -39.335512 0.34448819,27.109723 -39.355044 0.34448819,
  27.126236 -39.373209 0.34448819,27.138959 -39.389168 0.34448819,
  27.147072 -39.402078 0.34448819,27.15293 -39.415396 0.34448819,
  27.156416 -39.428965 0.34448819,27.156139 -39.441651 0.34448819,
  27.151758 -39.454398 0.34448819,27.142928 -39.468146 0.34448819,
  27.129307 -39.483838 0.34448819,27.110552 -39.502415 0.34448819,
  27.105019 -39.507474 0.34448819,27.092846 -39.517775 0.34448819,
  27.078886 -39.52882 0.34448819,27.064135 -39.539903 0.34448819,
  27.04959 -39.550317 0.34448819,27.03625 -39.559355 0.34448819,
  27.025112 -39.566312 0.34448819,27.017173 -39.570482 0.34448819,
  27.013432 -39.571158 0.34448819,27.012609 -39.568251 0.34448819,
  27.010785 -39.559426 0.34448819,27.008143 -39.545451 0.34448819,
  27.00482 -39.527085 0.34448819,27.000953 -39.505087 0.34448819,
  26.996679 -39.480216 0.34448819,26.992135 -39.45323 0.34448819,
  26.989541 -39.43781 0.34448819,26.984272 -39.407234 0.34448819,
  26.978869 -39.376725 0.34448819,26.973569 -39.347586 0.34448819,
  26.96861 -39.321119 0.34448819,26.964232 -39.298629 0.34448819,
  26.960673 -39.281419 0.34448819,26.957533 -39.267102 0.34448819,
  26.953644 -39.24976 0.34448819,26.950312 -39.235346 0.34448819,
  26.947817 -39.225059 0.34448819,26.532716 -39.296411 0.34448819,
  26.518119 -39.315006 0.34448819,26.507132 -39.333362 0.34448819,
  26.507054 -39.333514 0.34448819,26.501509 -39.345221 0.34448819,
  26.498578 -39.354533 0.34448819,26.497656 -39.364454 0.34448819,
  26.498137 -39.37799 0.34448819,26.498846 -39.38585 0.34448819,
  26.50194 -39.401832 0.34448819,26.507578 -39.418016 0.34448819,
  26.516182 -39.435093 0.34448819,26.528173 -39.453752 0.34448819,
  26.543974 -39.474685 0.34448819,26.564005 -39.49858 0.34448819,
  26.58869 -39.526128 0.34448819,26.62417 -39.564813 0.34448819,
  26.619336 -39.592215 0.34448819,26.615843 -39.614257 0.34448819,
  26.611954 -39.643548 0.34448819,26.608016 -39.677688 0.34448819,
  26.604074 -39.715961 0.34448819,26.600176 -39.757649 0.34448819,
  26.596367 -39.802034 0.34448819,26.592693 -39.848399 0.34448819,
  26.589203 -39.896027 0.34448819,26.585941 -39.944199 0.34448819,
  26.582956 -39.992198 0.34448819,26.580291 -40.039307 0.34448819,
  26.577995 -40.084808 0.34448819,26.576115 -40.127983 0.34448819,
  26.574694 -40.168116 0.34448819,26.573782 -40.204488 0.34448819,
  26.573424 -40.236381 0.34448819,26.573667 -40.26308 0.34448819,
  26.574557 -40.283865 0.34448819,26.575082 -40.291226 0.34448819,
  26.576593 -40.309474 0.34448819,26.578381 -40.324337 0.34448819,
  26.580848 -40.337746 0.34448819,26.584394 -40.35163 0.34448819,
  26.589421 -40.367921 0.34448819,26.596331 -40.388547 0.34448819,
  26.599422 -40.39815 0.34448819,26.604439 -40.416044 0.34448819,
  26.608394 -40.43305 0.34448819,26.610628 -40.446494 0.34448819,
  26.610667 -40.446853 0.34448819,26.613489 -40.462856 0.34448819,
  26.618076 -40.472932 0.34448819,26.624886 -40.477687 0.34448819,
  26.634378 -40.477722 0.34448819,26.634553 -40.477689 0.34448819,
  26.644603 -40.478361 0.34448819,26.651657 -40.484828 0.34448819,
  26.655898 -40.497257 0.34448819,26.656524 -40.500299 0.34448819,
  26.661996 -40.517313 0.34448819,26.671349 -40.535964 0.34448819,
  26.685049 -40.557073 0.34448819,26.70356 -40.58146 0.34448819,
  26.713702 -40.594469 0.34448819,26.727841 -40.614107 0.34448819,
  26.738746 -40.631301 0.34448819,26.746169 -40.645549 0.34448819,
  26.749862 -40.656348 0.34448819,26.749577 -40.663196 0.34448819,
  26.745067 -40.665591 0.34448819,26.737519 -40.667837 0.34448819,
  26.728453 -40.674299 0.34448819,26.720685 -40.683016 0.34448819,
  26.716374 -40.692002 0.34448819,26.715803 -40.699847 0.34448819,
  26.718779 -40.71244 0.34448819,26.725478 -40.723269 0.34448819,
  26.734751 -40.729959 0.34448819,26.740335 -40.732448 0.34448819,
  26.743484 -40.736451 0.34448819,26.742799 -40.743505 0.34448819,
  26.74179 -40.74892 0.34448819,26.740332 -40.766711 0.34448819,
  26.741 -40.785352 0.34448819,26.743615 -40.802402 0.34448819,
  26.748003 -40.815419 0.34448819,26.752304 -40.822944 0.34448819,
  26.761257 -40.834698 0.34448819,26.770469 -40.842661 0.34448819,
  26.77868 -40.845591 0.34448819,26.782097 -40.846063 0.34448819,
  26.78488 -40.848428 0.34448819,26.78432 -40.85037 0.34448819,
  26.781545 -40.857687 0.34448819,26.776842 -40.869305 0.34448819,
  26.770657 -40.884131 0.34448819,26.763434 -40.901072 0.34448819,
  26.754268 -40.923174 0.34448819,26.737054 -40.97133 0.34448819,
  26.724589 -41.017828 0.34448819,26.716474 -41.06432 0.34448819,
  26.712311 -41.112459 0.34448819,26.711685 -41.129719 0.34448819,
  26.711741 -41.146952 0.34448819,26.712911 -41.162547 0.34448819,
  26.715498 -41.177572 0.34448819,26.719806 -41.193093 0.34448819,
  26.726137 -41.21018 0.34448819,26.734793 -41.229898 0.34448819,
  26.74608 -41.253316 0.34448819,26.760298 -41.281502 0.34448819,
  26.798617 -41.356571 0.34448819,26.792693 -41.362663 0.34448819,
  26.788404 -41.367073 0.34448819,26.7858 -41.369883 0.34448819,
  26.780358 -41.376893 0.34448819,26.778191 -41.381583 0.34448819,
  26.778913 -41.384796 0.34448819,26.784151 -41.391487 0.34448819,
  26.792496 -41.396775 0.34448819,26.801602 -41.398924 0.34448819,
  26.801726 -41.398924 0.34448819,26.808729 -41.399881 0.34448819,
  26.811636 -41.40214 0.34448819,26.81223 -41.404476 0.34448819,
  26.8171 -41.408577 0.34448819,26.82465 -41.410267 0.34448819,
  26.832162 -41.408679 0.34448819,26.836471 -41.406685 0.34448819,
  26.838265 -41.407933 0.34448819,26.837255 -41.414395 0.34448819,
  26.836818 -41.416802 0.34448819,26.835548 -41.426485 0.34448819,
  26.834184 -41.439814 0.34448819,26.832954 -41.454652 0.34448819,
  26.832156 -41.470105 0.34448819,26.832668 -41.482683 0.34448819,
  26.835024 -41.490489 0.34448819,26.839537 -41.494474 0.34448819,
  26.846523 -41.495591 0.34448819,26.852523 -41.495126 0.34448819,
  26.858077 -41.492787 0.34448819,26.862186 -41.487607 0.34448819,
  26.865302 -41.47863 0.34448819,26.867879 -41.464904 0.34448819,
  26.870371 -41.445474 0.34448819,26.870749 -41.442219 0.34448819,
  26.874934 -41.409623 0.34448819,26.879732 -41.378945 0.34448819,
  26.885424 -41.349031 0.34448819,26.89229 -41.31873 0.34448819,
  26.900608 -41.286886 0.34448819,26.910659 -41.252348 0.34448819,
  26.922724 -41.213961 0.34448819,26.93708 -41.170574 0.34448819,
  26.947209 -41.140158 0.34448819,26.956743 -41.110346 0.34448819,
  26.964255 -41.084997 0.34448819,26.969941 -41.063171 0.34448819,
  26.973996 -41.043926 0.34448819,26.976615 -41.02632 0.34448819,
  26.977993 -41.009413 0.34448819,26.978324 -40.992261 0.34448819,
  26.977805 -40.973924 0.34448819,26.976965 -40.959557 0.34448819,
  26.974691 -40.937853 0.34448819,26.970943 -40.917583 0.34448819,
  26.965271 -40.896935 0.34448819,26.957226 -40.874097 0.34448819,
  26.946357 -40.847257 0.34448819,26.944414 -40.842636 0.34448819,
  26.935625 -40.820978 0.34448819,26.928564 -40.801806 0.34448819,
  26.922203 -40.782181 0.34448819,26.915513 -40.759162 0.34448819,
  26.915443 -40.758919 0.34448819,26.910387 -40.749547 0.34448819,
  26.90264 -40.746177 0.34448819,26.892711 -40.749035 0.34448819,
  26.890087 -40.750724 0.34448819,26.88513 -40.756283 0.34448819,
  26.882642 -40.764175 0.34448819,26.882721 -40.775 0.34448819,
  26.885466 -40.789357 0.34448819,26.890972 -40.807846 0.34448819,
  26.899338 -40.831067 0.34448819,26.910661 -40.859619 0.34448819,
  26.915121 -40.870721 0.34448819,26.922494 -40.889878 0.34448819,
  26.928984 -40.907704 0.34448819,26.934015 -40.922596 0.34448819,
  26.937011 -40.932952 0.34448819,26.938718 -40.941533 0.34448819,
  26.941218 -40.964603 0.34448819,26.941776 -40.990527 0.34448819,
  26.940391 -41.016853 0.34448819,26.937061 -41.041131 0.34448819,
  26.936652 -41.043093 0.34448819,26.934099 -41.053396 0.34448819,
  26.93 -41.068455 0.34448819,26.924662 -41.087254 0.34448819,
  26.918393 -41.108778 0.34448819,26.911499 -41.132011 0.34448819,
  26.904289 -41.15594 0.34448819,26.89707 -41.179548 0.34448819,
  26.89015 -41.201821 0.34448819,26.883835 -41.221743 0.34448819,
  26.878434 -41.2383 0.34448819,26.874254 -41.250476 0.34448819,
  26.871602 -41.257257 0.34448819,26.870992 -41.257902 0.34448819,
  26.870036 -41.254423 0.34448819,26.869539 -41.244467 0.34448819,
  26.869504 -41.22815 0.34448819,26.869934 -41.205591 0.34448819,
  26.87024 -41.195205 0.34448819,26.871544 -41.168011 0.34448819,
  26.873691 -41.143491 0.34448819,26.876986 -41.118674 0.34448819,
  26.881733 -41.090591 0.34448819,26.888865 -41.050426 0.34448819,
  26.895068 -41.01322 0.34448819,26.899793 -40.981824 0.34448819,
  26.903069 -40.955883 0.34448819,26.904929 -40.935047 0.34448819,
  26.905402 -40.918963 0.34448819,26.90452 -40.90728 0.34448819,
  26.902313 -40.899646 0.34448819,26.898812 -40.895708 0.34448819,
  26.894461 -40.893647 0.34448819,26.885208 -40.891828 0.34448819,
  26.878144 -40.895107 0.34448819,26.873004 -40.903853 0.34448819,
  26.869524 -40.918434 0.34448819,26.867436 -40.939218 0.34448819,
  26.866367 -40.951596 0.34448819,26.864156 -40.970521 0.34448819,
  26.861142 -40.992599 0.34448819,26.857576 -41.016007 0.34448819,
  26.85371 -41.038924 0.34448819,26.851279 -41.052572 0.34448819,
  26.846463 -41.079776 0.34448819,26.845419 -41.085788 0.34448819,
  26.842637 -41.101819 0.34448819,26.839666 -41.119677 0.34448819,
  26.837414 -41.134326 0.34448819,26.835745 -41.146743 0.34448819,
  26.834523 -41.157905 0.34448819,26.833613 -41.168787 0.34448819,
  26.832878 -41.180367 0.34448819,26.832182 -41.19362 0.34448819,
  26.830031 -41.23665 0.34448819,26.820196 -41.207073 0.34448819,
  26.811953 -41.174301 0.34448819,26.808513 -41.135511 0.34448819,
  26.811563 -41.09624 0.34448819,26.81355 -41.086014 0.34448819,
  26.817213 -41.070025 0.34448819,26.822035 -41.050639 0.34448819,
  26.827624 -41.029426 0.34448819,26.833589 -41.007959 0.34448819,
  26.839253 -40.98785 0.34448819,26.844754 -40.967767 0.34448819,
  26.849501 -40.949875 0.34448819,26.853122 -40.935578 0.34448819,
  26.855245 -40.926279 0.34448819,26.857433 -40.912481 0.34448819,
  26.857786 -40.896027 0.34448819,26.854522 -40.885167 0.34448819,
  26.847636 -40.879892 0.34448819,26.837123 -40.880192 0.34448819,
  26.831644 -40.88237 0.34448819,26.827444 -40.886599 0.34448819,
  26.824189 -40.893996 0.34448819,26.821373 -40.905718 0.34448819,
  26.818491 -40.922925 0.34448819,26.817277 -40.92976 0.34448819,
  26.814014 -40.94491 0.34448819,26.809512 -40.96362 0.34448819,
  26.804198 -40.984149 0.34448819,26.798498 -41.004751 0.34448819,
  26.795037 -41.016965 0.34448819,26.785546 -41.052667 0.34448819,
  26.778565 -41.08347 0.34448819,26.774041 -41.11033 0.34448819,
  26.771921 -41.134203 0.34448819,26.77215 -41.156043 0.34448819,
  26.774673 -41.176806 0.34448819,26.779437 -41.197448 0.34448819,
  26.786389 -41.218924 0.34448819,26.787159 -41.22106 0.34448819,
  26.793586 -41.239383 0.34448819,26.799402 -41.25677 0.34448819,
  26.804278 -41.272152 0.34448819,26.807884 -41.284461 0.34448819,
  26.809893 -41.29263 0.34448819,26.809976 -41.295591 0.34448819,
  26.808459 -41.293954 0.34448819,26.804404 -41.287348 0.34448819,
  26.798567 -41.276763 0.34448819,26.791541 -41.263378 0.34448819,
  26.783922 -41.248366 0.34448819,26.776305 -41.232905 0.34448819,
  26.769283 -41.218171 0.34448819,26.763454 -41.205341 0.34448819,
  26.759409 -41.195591 0.34448819,26.758933 -41.194327 0.34448819,
  26.755369 -41.18432 0.34448819,26.752893 -41.175493 0.34448819,
  26.751304 -41.166275 0.34448819,26.750402 -41.155098 0.34448819,
  26.749989 -41.140393 0.34448819,26.749865 -41.120591 0.34448819,
  26.750076 -41.098329 0.34448819,26.751054 -41.077169 0.34448819,
  26.752942 -41.059583 0.34448819,26.75587 -41.043924 0.34448819,
  26.761918 -41.01919 0.34448819,26.781319 -40.954293 0.34448819,
  26.80501 -40.891919 0.34448819,26.816 -40.865319 0.34448819,
  26.826182 -40.838451 0.34448819,26.83315 -40.816713 0.34448819,
  26.836952 -40.799741 0.34448819,26.837641 -40.787172 0.34448819,
  26.835265 -40.778644 0.34448819,26.829874 -40.773793 0.34448819,
  26.821519 -40.772257 0.34448819,26.819939 -40.772309 0.34448819,
  26.810401 -40.775752 0.34448819,26.803783 -40.784802 0.34448819,
  26.799848 -40.799757 0.34448819,26.798898 -40.80504 0.34448819,
  26.796733 -40.812615 0.34448819,26.794611 -40.815591 0.34448819,
  26.790616 -40.813184 0.34448819,26.785646 -40.805993 0.34448819,
  26.781086 -40.79585 0.34448819,26.77794 -40.784621 0.34448819,
  26.777291 -40.778868 0.34448819,26.77723 -40.766048 0.34448819,
  26.778226 -40.751027 0.34448819,26.780048 -40.73602 0.34448819,
  26.782464 -40.723246 0.34448819,26.785241 -40.714919 0.34448819,
  26.785894 -40.712898 0.34448819,26.786681 -40.703989 0.34448819,
  26.786503 -40.68983 0.34448819,26.785358 -40.671357 0.34448819,
  26.784573 -40.662605 0.34448819,26.782077 -40.644442 0.34448819,
  26.778156 -40.628669 0.34448819,26.772161 -40.613856 0.34448819,
  26.763442 -40.598569 0.34448819,26.751349 -40.581376 0.34448819,
  26.735233 -40.560846 0.34448819,26.724689 -40.547317 0.34448819,
  26.714112 -40.532772 0.34448819,26.705428 -40.519827 0.34448819,
  26.699854 -40.510222 0.34448819,26.697133 -40.504365 0.34448819,
  26.6928 -40.49263 0.34448819,26.691216 -40.484161 0.34448819,
  26.692309 -40.479692 0.34448819,26.696009 -40.479955 0.34448819,
  26.702244 -40.485683 0.34448819,26.703124 -40.486677 0.34448819,
  26.708558 -40.490451 0.34448819,26.714551 -40.488974 0.34448819,
  26.715868 -40.488416 0.34448819,26.72092 -40.487976 0.34448819,
  26.728745 -40.489468 0.34448819,26.740451 -40.493159 0.34448819,
  26.757146 -40.49932 0.34448819,26.78363 -40.508178 0.34448819,
  26.810841 -40.514091 0.34448819,26.834331 -40.515458 0.34448819,
  26.853582 -40.512211 0.34448819,26.8563 -40.511096 0.34448819,
  26.866452 -40.504931 0.34448819,26.879354 -40.495014 0.34448819,
  26.893771 -40.482264 0.34448819,26.900814 -40.475843 0.34448819,
  26.914848 -40.464298 0.34448819,26.926646 -40.45633 0.34448819,
  26.935465 -40.452403 0.34448819,26.940566 -40.45298 0.34448819,
  26.940389 -40.454986 0.34448819,26.938691 -40.462245 0.34448819,
  26.935643 -40.473478 0.34448819,26.931604 -40.487309 0.34448819,
  26.929448 -40.494552 0.34448819,26.921008 -40.525113 0.34448819,
  26.915008 -40.55167 0.34448819,26.911167 -40.575918 0.34448819,
  26.909202 -40.599551 0.34448819,26.908832 -40.624265 0.34448819,
  26.908919 -40.632026 0.34448819,26.908903 -40.647248 0.34448819,
  26.908411 -40.657716 0.34448819,26.907266 -40.664792 0.34448819,
  26.90529 -40.669837 0.34448819,26.902305 -40.674214 0.34448819,
  26.897913 -40.681965 0.34448819,26.895248 -40.696556 0.34448819,
  26.895271 -40.698467 0.34448819,26.896487 -40.706891 0.34448819,
  26.9005 -40.714095 0.34448819,26.908626 -40.72264 0.34448819,
  26.914466 -40.728404 0.34448819,26.919502 -40.735152 0.34448819,
  26.921591 -40.742626 0.34448819,26.922004 -40.753791 0.34448819,
  26.922364 -40.761181 0.34448819,26.925706 -40.774539 0.34448819,
  26.93217 -40.782748 0.34448819,26.941291 -40.785376 0.34448819,
  26.952599 -40.781993 0.34448819,26.954028 -40.781157 0.34448819,
  26.956807 -40.778307 0.34448819,26.958277 -40.773372 0.34448819,
  26.958726 -40.764831 0.34448819,26.958444 -40.75116 0.34448819,
  26.958435 -40.736758 0.34448819,26.959487 -40.724203 0.34448819,
  26.961513 -40.716643 0.34448819,26.96225 -40.715045 0.34448819,
  26.964554 -40.705965 0.34448819,26.965482 -40.695159 0.34448819,
  26.965365 -40.69109 0.34448819,26.962936 -40.680507 0.34448819,
  26.956285 -40.671389 0.34448819,26.953139 -40.667949 0.34448819,
  26.950248 -40.663659 0.34448819,26.948368 -40.658219 0.34448819,
  26.947215 -40.650249 0.34448819,26.946506 -40.638371 0.34448819,
  26.945957 -40.621207 0.34448819,26.945861 -40.617492 0.34448819,
  26.945711 -40.600877 0.34448819,26.946273 -40.586132 0.34448819,
  26.947782 -40.571893 0.34448819,26.95047 -40.556793 0.34448819,
  26.954572 -40.539466 0.34448819,26.960322 -40.518546 0.34448819,
  26.967953 -40.492668 0.34448819,26.972085 -40.479078 0.34448819,
  26.97636 -40.466033 0.34448819,26.979933 -40.457209 0.34448819,
  26.983433 -40.451361 0.34448819,26.987486 -40.447246 0.34448819,
  26.992724 -40.443619 0.34448819,27.001553 -40.436402 0.34448819,
  27.012963 -40.423807 0.34448819,27.024683 -40.408098 0.34448819,
  27.035516 -40.390894 0.34448819,27.044267 -40.373816 0.34448819,
  27.046876 -40.3678 0.34448819,27.054069 -40.349029 0.34448819,
  27.059447 -40.330433 0.34448819,27.063228 -40.310652 0.34448819,
  27.065628 -40.288324 0.34448819,27.066867 -40.262091 0.34448819,
  27.067161 -40.230591 0.34448819,27.067048 -40.218122 0.34448819,
  27.066351 -40.190476 0.34448819,27.065127 -40.162652 0.34448819,
  27.063487 -40.13693 0.34448819,27.061541 -40.115591 0.34448819,
  27.059301 -40.093857 0.34448819,27.057071 -40.069041 0.34448819,
  27.055165 -40.044708 0.34448819,27.05384 -40.023924 0.34448819,
  27.053703 -40.021422 0.34448819,27.05255 -40.005079 0.34448819,
  27.051146 -39.991198 0.34448819,27.049656 -39.98118 0.34448819,
  27.048243 -39.976424 0.34448819,27.04567 -39.97433 0.34448819,
  27.037507 -39.972409 0.34448819,27.028086 -39.973678 0.34448819,
  27.02043 -39.977969 0.34448819,27.020293 -39.978107 0.34448819,
  27.017877 -39.98139 0.34448819,27.01643 -39.98614 0.34448819,
  27.015846 -39.993652 0.34448819,27.01602 -40.005219 0.34448819,
  27.016848 -40.022136 0.34448819,27.017577 -40.033489 0.34448819,
  27.019103 -40.053429 0.34448819,27.021074 -40.076499 0.34448819,
  27.023313 -40.100672 0.34448819,27.025646 -40.123924 0.34448819,
  27.027156 -40.139163 0.34448819,27.03009 -40.176561 0.34448819,
  27.03175 -40.211615 0.34448819,27.032117 -40.243281 0.34448819,
  27.031172 -40.27051 0.34448819,27.028892 -40.292257 0.34448819,
  27.027485 -40.300185 0.34448819,27.02179 -40.323419 0.34448819,
  27.014094 -40.346374 0.34448819,27.004976 -40.367784 0.34448819,
  26.995017 -40.386385 0.34448819,26.984796 -40.40091 0.34448819,
  26.974893 -40.410095 0.34448819,26.974059 -40.410563 0.34448819,
  26.966111 -40.413223 0.34448819,26.954141 -40.415658 0.34448819,
  26.940398 -40.417392 0.34448819,26.93637 -40.417763 0.34448819,
  26.920884 -40.419811 0.34448819,26.908901 -40.423143 0.34448819,
  26.898493 -40.428733 0.34448819,26.887731 -40.437554 0.34448819,
  26.874686 -40.450581 0.34448819,26.863456 -40.461561 0.34448819,
  26.849354 -40.472437 0.34448819,26.835449 -40.478873 0.34448819,
  26.820611 -40.480985 0.34448819,26.803708 -40.478892 0.34448819,
  26.78361 -40.472709 0.34448819,26.759185 -40.462554 0.34448819,
  26.755549 -40.460939 0.34448819,26.731355 -40.451332 0.34448819,
  26.710378 -40.445442 0.34448819,26.690845 -40.442881 0.34448819,
  26.670987 -40.443262 0.34448819,26.648789 -40.445117 0.34448819,
  26.645498 -40.42702 0.34448819,26.643879 -40.417419 0.34448819,
  26.643652 -40.411633 0.34448819,26.645402 -40.409335 0.34448819,
  26.64948 -40.408924 0.34448819,26.655787 -40.407226 0.34448819,
  26.663013 -40.40203 0.34448819,26.666392 -40.397844 0.34448819,
  26.667361 -40.393026 0.34448819,26.664262 -40.386196 0.34448819,
  26.66212 -40.38318 0.34448819,26.654012 -40.377481 0.34448819,
  26.644524 -40.375753 0.34448819,26.636312 -40.378707 0.34448819,
  26.634393 -40.379346 0.34448819,26.630257 -40.37575 0.34448819,
  26.625701 -40.366121 0.34448819,26.62089 -40.350855 0.34448819,
  26.615991 -40.330346 0.34448819,26.615853 -40.329689 0.34448819,
  26.613648 -40.315758 0.34448819,26.612078 -40.299313 0.34448819,
  26.611141 -40.281661 0.34448819,26.61084 -40.26411 0.34448819,
  26.611174 -40.247966 0.34448819,26.612142 -40.234537 0.34448819,
  26.613745 -40.22513 0.34448819,26.615984 -40.221052 0.34448819,
  26.618293 -40.21958 0.34448819,26.621 -40.213924 0.34448819,
  26.620434 -40.211309 0.34448819,26.615984 -40.206796 0.34448819,
  26.614793 -40.206024 0.34448819,26.613188 -40.202994 0.34448819,
  26.612089 -40.197019 0.34448819,26.611409 -40.187169 0.34448819,
  26.611063 -40.172513 0.34448819,26.610967 -40.152122 0.34448819,
  26.610967 -40.099367 0.34448819,26.619827 -40.098312 0.34448819,
  26.627619 -40.095693 0.34448819,26.632848 -40.089813 0.34448819,
  26.633655 -40.082755 0.34448819,26.629913 -40.076456 0.34448819,
  26.621495 -40.072859 0.34448819,26.617147 -40.071173 0.34448819,
  26.614311 -40.066726 0.34448819,26.61437 -40.064709 0.34448819,
  26.61485 -40.055983 0.34448819,26.615763 -40.041805 0.34448819,
  26.617047 -40.022985 0.34448819,26.618643 -40.000328 0.34448819,
  26.620491 -39.974644 0.34448819,26.62253 -39.946739 0.34448819,
  26.6247 -39.917422 0.34448819,26.62694 -39.887498 0.34448819,
  26.629191 -39.857778 0.34448819,26.631391 -39.829067 0.34448819,
  26.633481 -39.802173 0.34448819,26.635401 -39.777904 0.34448819,
  26.63709 -39.757068 0.34448819,26.638487 -39.740472 0.34448819,
  26.639533 -39.728924 0.34448819,26.64485 -39.679242 0.34448819,
  26.653264 -39.616387 0.34448819,26.663128 -39.55878 0.34448819,
  26.674593 -39.505662 0.34448819,26.687811 -39.456274 0.34448819,
  26.702931 -39.409858 0.34448819,26.705044 -39.403872 0.34448819,
  26.709728 -39.389646 0.34448819,26.712176 -39.379927 0.34448819,
  26.712643 -39.373481 0.34448819,26.711385 -39.369078 0.34448819,
  26.705207 -39.363638 0.34448819,26.696134 -39.361936 0.34448819,
  26.686824 -39.363995 0.34448819,26.679896 -39.369757 0.34448819,
  26.679602 -39.370229 0.34448819,26.675161 -39.37932 0.34448819,
  26.669526 -39.393582 0.34448819,26.663104 -39.411818 0.34448819,
  26.656298 -39.43283 0.34448819,26.649514 -39.455421 0.34448819,
  26.643157 -39.478393 0.34448819,26.632299 -39.519528 0.34448819,
  26.606463 -39.492156 0.34448819,26.595254 -39.479986 0.34448819,
  26.572398 -39.452583 0.34448819,26.555341 -39.427688 0.34448819,
  26.543947 -39.404985 0.34448819,26.538075 -39.384161 0.34448819,
  26.537587 -39.364901 0.34448819,26.542344 -39.346889 0.34448819,
  26.547076 -39.338713 0.34448819,26.55666 -39.326444 0.34448819,
  26.569611 -39.31225 0.34448819,26.584856 -39.297234 0.34448819,
  26.601321 -39.282501 0.34448819,26.617933 -39.269154 0.34448819,
  26.627678 -39.262078 0.34448819,26.641039 -39.252841 0.34448819,
  26.656026 -39.242826 0.34448819,26.671616 -39.232681 0.34448819,
  26.686787 -39.223052 0.34448819,26.700518 -39.214588 0.34448819,
  26.711787 -39.207935 0.34448819,26.719572 -39.203743 0.34448819,
  26.722851 -39.202657 0.34448819,26.722802 -39.203983 0.34448819,
  26.721356 -39.210667 0.34448819,26.718447 -39.221965 0.34448819,
  26.714366 -39.236759 0.34448819,26.709407 -39.253931 0.34448819,
  26.706662 -39.263377 0.34448819,26.701913 -39.280379 0.34448819,
  26.698102 -39.29491 0.34448819,26.695561 -39.305667 0.34448819,
  26.694628 -39.311347 0.34448819,26.696646 -39.317674 0.34448819,
  26.703326 -39.324482 0.34448819,26.708024 -39.327261 0.34448819,
  26.713762 -39.328331 0.34448819,26.720603 -39.325392 0.34448819,
  26.722996 -39.323784 0.34448819,26.726222 -39.320183 0.34448819,
  26.729281 -39.314278 0.34448819,26.732588 -39.305022 0.34448819,
  26.736557 -39.291365 0.34448819,26.741604 -39.272257 0.34448819,
  26.752201 -39.233721 0.34448819,26.763015 -39.199993 0.34448819,
  26.773985 -39.171723 0.34448819,26.785376 -39.148303 0.34448819,
  26.797452 -39.129123 0.34448819,26.810476 -39.113576 0.34448819,
  26.810605 -39.113444 0.34448819,26.823352 -39.1018 0.34448819,
  26.834873 -39.094533 0.34448819,26.845393 -39.091895 0.34448819,
  26.855136 -39.094134 0.34448819,26.864326 -39.101498 0.34448819,
  26.873187 -39.114238 0.34448819,26.881943 -39.132601 0.34448819,
  26.890819 -39.156837 0.34448819,26.900039 -39.187195 0.34448819,
  26.908807 -39.220096 0.34448819,26.909827 -39.223924 0.34448819,
  26.914362 -39.242017 0.34448819,26.923312 -39.279444 0.34448819,
  26.931135 -39.31507 0.34448819,26.938258 -39.351009 0.34448819,
  26.945111 -39.389367 0.34448819,26.952121 -39.432257 0.34448819,
  26.953796 -39.442822 0.34448819,26.957409 -39.465381 0.34448819,
  26.961765 -39.492361 0.34448819,26.966641 -39.522401 0.34448819,
  26.971816 -39.554138 0.34448819,26.977069 -39.586211 0.34448819,
  26.98218 -39.617257 0.34448819,26.98692 -39.646186 0.34448819,
  26.993341 -39.68635 0.34448819,26.998702 -39.721408 0.34448819,
  27.003117 -39.752241 0.34448819,27.006696 -39.779727 0.34448819,
  27.009553 -39.804747 0.34448819,27.0118 -39.828181 0.34448819,
  27.013548 -39.850907 0.34448819,27.014909 -39.873806 0.34448819,
  27.01529 -39.881088 0.34448819,27.016233 -39.897436 0.34448819,
  27.017191 -39.908672 0.34448819,27.018411 -39.915933 0.34448819,
  27.020143 -39.920361 0.34448819,27.022634 -39.923095 0.34448819,
  27.026133 -39.925274 0.34448819,27.031543 -39.927882 0.34448819,
  27.037102 -39.928011 0.34448819,27.044196 -39.924153 0.34448819,
  27.053448 -39.918111 0.34448819,27.051296 -39.869351 0.34448819,
  27.050967 -39.862338 0.34448819,27.048091 -39.819434 0.34448819,
  27.043569 -39.774403 0.34448819,27.037244 -39.725846 0.34448819,
  27.028955 -39.672365 0.34448819,27.026319 -39.655678 0.34448819,
  27.023932 -39.638798 0.34448819,27.022324 -39.625226 0.34448819,
  27.021622 -39.616048 0.34448819,27.021951 -39.612351 0.34448819,
  27.023278 -39.611497 0.34448819,27.029459 -39.607611 0.34448819,
  27.039188 -39.601541 0.34448819,27.051048 -39.594172 0.34448819,
  27.05687 -39.590517 0.34448819,27.080761 -39.574661 0.34448819,
  27.103838 -39.558067 0.34448819,27.124833 -39.541715 0.34448819,
  27.142479 -39.52658 0.34448819,27.155509 -39.51364 0.34448819,
  27.166753 -39.50008 0.34448819,27.181402 -39.47717 0.34448819,
  27.190019 -39.454481 0.34448819,27.192571 -39.431571 0.34448819,
  27.189025 -39.408 0.34448819,27.179347 -39.383329 0.34448819,
  27.163504 -39.357117 0.34448819,27.141463 -39.328924 0.34448819,
  27.133982 -39.320556 0.34448819,27.122911 -39.309282 0.34448819,
  27.109723 -39.297062 0.34448819,27.093745 -39.283321 0.34448819,
  27.074304 -39.267486 0.34448819,27.050726 -39.248981 0.34448819,
  27.022338 -39.227231 0.34448819,26.994724 -39.206033 0.34448819,
  26.969767 -39.186333 0.34448819,26.950344 -39.170313 0.34448819,
  26.94685 -39.167209 0.34448819,26.936462 -39.15798 0.34448819,
  26.928128 -39.149339 0.34448819,26.925348 -39.144396 0.34448819,
  26.925196 -39.143259 0.34448819,26.922837 -39.136366 0.34448819,
  26.918267 -39.12589 0.34448819,26.912323 -39.113526 0.34448819,
  26.90584 -39.100969 0.34448819,26.899653 -39.089911 0.34448819,
  26.894598 -39.082048 0.34448819,26.889524 -39.075978 0.34448819,
  26.873846 -39.063839 0.34448819,26.855596 -39.057204 0.34448819,
  26.836089 -39.05641 0.34448819,26.816637 -39.061801 0.34448819,
  26.808565 -39.066544 0.34448819,26.795556 -39.077298 0.34448819,
  26.782123 -39.091305 0.34448819,26.769756 -39.106963 0.34448819,
  26.759946 -39.122672 0.34448819,26.757637 -39.126909 0.34448819,
  26.754195 -39.132318 0.34448819,26.749966 -39.137326 0.34448819,
  26.744126 -39.142577 0.34448819,26.735856 -39.148714 0.34448819,
  26.724333 -39.156382 0.34448819,26.708737 -39.166225 0.34448819,
  26.688246 -39.178886 0.34448819,26.674285 -39.18755 0.34448819,
  26.635455 -39.212611 0.34448819,26.602294 -39.235677 0.34448819,
  26.574392 -39.257098 0.34448819,26.551337 -39.277225 0.34448819,
  26.697289 -40.324747 0.34448819,26.695998 -40.319324 0.34448819,
  26.690402 -40.316146 0.34448819,26.682626 -40.316891 0.34448819,
  26.679492 -40.318981 0.34448819,26.678257 -40.323889 0.34448819,
  26.681352 -40.32853 0.34448819,26.68789 -40.330591 0.34448819,
  26.693308 -40.32957 0.34448819,25.276677 -40.298097 0.34448819,
  25.27389 -40.293234 0.34448819,25.26778 -40.289651 0.34448819,
  25.261669 -40.289299 0.34448819,25.257867 -40.292244 0.34448819,
  25.257139 -40.298337 0.34448819,25.261627 -40.304777 0.34448819,
  25.266307 -40.307246 0.34448819,25.27166 -40.304777 0.34448819,
  25.274406 -40.302092 0.34448819,25.276677 -40.29811 0.34448819,
  25.296119 -40.259163 0.34448819,25.295823 -40.257341 0.34448819,
  25.291841 -40.249074 0.34448819,25.285173 -40.245186 0.34448819,
  25.277513 -40.246801 0.34448819,25.272587 -40.251419 0.34448819,
  25.270475 -40.258753 0.34448819,25.273014 -40.265525 0.34448819,
  25.27933 -40.269898 0.34448819,25.28855 -40.270033 0.34448819,
  25.290362 -40.26953 0.34448819,25.295537 -40.266094 0.34448819,
  25.326483 -40.25717 0.34448819,25.322251 -40.251794 0.34448819,
  25.315485 -40.249507 0.34448819,25.309409 -40.25216 0.34448819,
  25.306777 -40.258572 0.34448819,25.309089 -40.264817 0.34448819,
  25.314939 -40.267344 0.34448819,25.32187 -40.264742 0.34448819,
  25.324476 -40.262319 0.34448819,26.674512 -40.228764 0.34448819,
  26.674072 -40.225316 0.34448819,26.669905 -40.220085 0.34448819,
  26.662646 -40.220191 0.34448819,26.661332 -40.220907 0.34448819,
  26.658242 -40.22605 0.34448819,26.658407 -40.232385 0.34448819,
  26.66197 -40.236489 0.34448819,26.665344 -40.237198 0.34448819,
  26.671887 -40.235152 0.34448819,26.694092 -40.134948 0.34448819,
  26.691553 -40.128176 0.34448819,26.685237 -40.123803 0.34448819,
  26.676017 -40.123668 0.34448819,26.674205 -40.124171 0.34448819,
  26.66903 -40.127606 0.34448819,26.668448 -40.134537 0.34448819,
  26.668744 -40.136359 0.34448819,26.672726 -40.144626 0.34448819,
  26.679394 -40.148515 0.34448819,26.687054 -40.1469 0.34448819,
  26.69198 -40.142281 0.34448819,26.65779 -40.135129 0.34448819,
  26.655478 -40.128883 0.34448819,26.649628 -40.126357 0.34448819,
  26.642697 -40.128959 0.34448819,26.640091 -40.131381 0.34448819,
  26.638084 -40.136531 0.34448819,26.642316 -40.141907 0.34448819,
  26.649082 -40.144193 0.34448819,26.655157 -40.141541 0.34448819,
  26.707428 -40.095363 0.34448819,26.70294 -40.088924 0.34448819,
  26.69826 -40.086455 0.34448819,26.692907 -40.088924 0.34448819,
  26.690161 -40.091609 0.34448819,26.68789 -40.095591 0.34448819,
  26.68789 -40.095604 0.34448819,26.690677 -40.100467 0.34448819,
  26.696787 -40.10405 0.34448819,26.702898 -40.104402 0.34448819,
  26.7067 -40.101457 0.34448819,25.325797 -40.069835 0.34448819,
  25.324013 -40.064882 0.34448819,25.316532 -40.06311 0.34448819,
  25.310507 -40.06447 0.34448819,25.30845 -40.069731 0.34448819,
  25.308724 -40.071783 0.34448819,25.312586 -40.076556 0.34448819,
  25.318651 -40.077684 0.34448819,25.323881 -40.074272 0.34448819,
  25.306325 -40.167651 0.34448819,25.306159 -40.161316 0.34448819,
  25.302596 -40.157212 0.34448819,25.299222 -40.156503 0.34448819,
  25.29268 -40.158549 0.34448819,25.290055 -40.164937 0.34448819,
  25.290495 -40.168385 0.34448819,25.294662 -40.173615 0.34448819,
  25.30192 -40.17351 0.34448819,25.303235 -40.172793 0.34448819,
  25.28631 -40.069812 0.34448819,25.283215 -40.065171 0.34448819,
  25.276677 -40.06311 0.34448819,25.271259 -40.064131 0.34448819,
  25.267278 -40.068954 0.34448819,25.268569 -40.074377 0.34448819,
  25.274165 -40.077555 0.34448819,25.281941 -40.07681 0.34448819,
  25.285075 -40.07472 0.34448819,26.647122 -40.061414 0.34448819,
  26.64583 -40.05599 0.34448819,26.640234 -40.052812 0.34448819,
  26.632459 -40.053557 0.34448819,26.629325 -40.055647 0.34448819,
  26.62809 -40.060556 0.34448819,26.631185 -40.065196 0.34448819,
  26.637723 -40.067257 0.34448819,26.643141 -40.066237 0.34448819,
  25.306118 -40.043519 0.34448819,25.304655 -40.039737 0.34448819,
  25.299698 -40.036561 0.34448819,25.294068 -40.037503 0.34448819,
  25.290607 -40.042711 0.34448819,25.290919 -40.047642 0.34448819,
  25.295331 -40.052372 0.34448819,25.30247 -40.052378 0.34448819,
  25.305048 -40.049909 0.34448819,25.246239 -39.978038 0.34448819,
  25.244141 -39.97217 0.34448819,25.238578 -39.968654 0.34448819,
  25.23375 -39.968945 0.34448819,25.228936 -39.973294 0.34448819,
  25.228849 -39.980308 0.34448819,25.232029 -39.983477 0.34448819,
  25.238596 -39.984726 0.34448819,25.244463 -39.982439 0.34448819,
  26.700885 -39.93473 0.34448819,26.697136 -39.930044 0.34448819,
  26.696206 -39.929143 0.34448819,26.691311 -39.926344 0.34448819,
  26.686386 -39.928785 0.34448819,26.683476 -39.931629 0.34448819,
  26.681201 -39.935591 0.34448819,26.682101 -39.937748 0.34448819,
  26.686386 -39.942396 0.34448819,26.687254 -39.943086 0.34448819,
  26.691976 -39.944759 0.34448819,26.697136 -39.941137 0.34448819,
  26.699553 -39.938583 0.34448819,26.671168 -39.922454 0.34448819,
  26.670683 -39.918669 0.34448819,26.666532 -39.913402 0.34448819,
  26.659302 -39.913524 0.34448819,26.656553 -39.915772 0.34448819,
  26.654445 -39.922153 0.34448819,26.656269 -39.927379 0.34448819,
  26.662806 -39.928924 0.34448819,26.669101 -39.927557 0.34448819,
  26.707508 -39.892011 0.34448819,26.70294 -39.885591 0.34448819,
  26.69826 -39.883121 0.34448819,26.692907 -39.885591 0.34448819,
  26.690161 -39.888276 0.34448819,26.68789 -39.892257 0.34448819,
  26.690139 -39.896666 0.34448819,26.696101 -39.900142 0.34448819,
  26.702516 -39.900291 0.34448819,26.706296 -39.897761 0.34448819,
  26.734513 -39.887644 0.34448819,26.731907 -39.881461 0.34448819,
  26.729458 -39.880034 0.34448819,26.722997 -39.880133 0.34448819,
  26.719573 -39.88293 0.34448819,26.718354 -39.888926 0.34448819,
  26.720787 -39.894683 0.34448819,26.726306 -39.897257 0.34448819,
  26.727312 -39.897191 0.34448819,26.732634 -39.893869 0.34448819,
  25.242894 -39.881371 0.34448819,25.240796 -39.875504 0.34448819,
  25.235233 -39.871987 0.34448819,25.230406 -39.872279 0.34448819,
  25.225591 -39.876627 0.34448819,25.225505 -39.883641 0.34448819,
  25.228684 -39.886811 0.34448819,25.235251 -39.88806 0.34448819,
  25.241118 -39.885773 0.34448819,25.218167 -39.879042 0.34448819,
  25.215346 -39.873624 0.34448819,25.208526 -39.872101 0.34448819,
  25.204198 -39.873759 0.34448819,25.201426 -39.879731 0.34448819,
  25.201737 -39.881869 0.34448819,25.205617 -39.886556 0.34448819,
  25.211575 -39.887778 0.34448819,25.216602 -39.884574 0.34448819,
  26.687093 -39.852697 0.34448819,26.682816 -39.844343 0.34448819,
  26.676862 -39.840394 0.34448819,26.666839 -39.839503 0.34448819,
  26.657217 -39.844441 0.34448819,26.656285 -39.845332 0.34448819,
  26.651516 -39.854127 0.34448819,26.652763 -39.863342 0.34448819,
  26.659847 -39.871149 0.34448819,26.664718 -39.874019 0.34448819,
  26.670417 -39.874985 0.34448819,26.677406 -39.871954 0.34448819,
  26.680175 -39.870089 0.34448819,26.686059 -39.862064 0.34448819,
  25.2194 -39.850365 0.34448819,25.214846 -39.844812 0.34448819,
  25.208246 -39.84221 0.34448819,25.202287 -39.844511 0.34448819,
  25.199754 -39.850982 0.34448819,25.20237 -39.857379 0.34448819,
  25.208439 -39.860045 0.34448819,25.215228 -39.857759 0.34448819,
  25.217694 -39.855439 0.34448819,26.65779 -39.835129 0.34448819,
  26.655478 -39.828883 0.34448819,26.649628 -39.826357 0.34448819,
  26.642697 -39.828959 0.34448819,26.640091 -39.831381 0.34448819,
  26.638084 -39.836531 0.34448819,26.642316 -39.841907 0.34448819,
  26.649082 -39.844193 0.34448819,26.655157 -39.841541 0.34448819,
  25.209787 -39.818215 0.34448819,25.207964 -39.812988 0.34448819,
  25.201426 -39.811444 0.34448819,25.195131 -39.81281 0.34448819,
  25.193065 -39.817913 0.34448819,25.19355 -39.821698 0.34448819,
  25.1977 -39.826965 0.34448819,25.204931 -39.826844 0.34448819,
  25.20768 -39.824595 0.34448819,26.68555 -39.660059 0.34448819,
  26.682371 -39.65689 0.34448819,26.675804 -39.655641 0.34448819,
  26.669937 -39.657928 0.34448819,26.668161 -39.66233 0.34448819,
  26.670259 -39.668197 0.34448819,26.675822 -39.671713 0.34448819,
  26.68065 -39.671422 0.34448819,26.685464 -39.667074 0.34448819,
  26.710816 -39.626644 0.34448819,26.708404 -39.621513 0.34448819,
  26.702675 -39.619771 0.34448819,26.696097 -39.622385 0.34448819,
  26.692273 -39.62776 0.34448819,26.694156 -39.632159 0.34448819,
  26.701501 -39.633924 0.34448819,26.706699 -39.632907 0.34448819,
  26.710667 -39.62808 0.34448819,26.688895 -39.606726 0.34448819,
  26.685715 -39.603557 0.34448819,26.679148 -39.602307 0.34448819,
  26.673282 -39.604594 0.34448819,26.671506 -39.608996 0.34448819,
  26.673604 -39.614864 0.34448819,26.679167 -39.61838 0.34448819,
  26.683994 -39.618089 0.34448819,26.688809 -39.613741 0.34448819,
  26.761469 -39.403924 0.34448819,26.759964 -39.399637 0.34448819,
  26.754173 -39.396204 0.34448819,26.746419 -39.396796 0.34448819,
  26.743575 -39.398312 0.34448819,26.74178 -39.402945 0.34448819,
  26.746376 -39.408889 0.34448819,26.752904 -39.411417 0.34448819,
  26.758879 -39.409505 0.34448819,26.792574 -39.360059 0.34448819,
  26.789394 -39.35689 0.34448819,26.782828 -39.355641 0.34448819,
  26.776961 -39.357928 0.34448819,26.775185 -39.36233 0.34448819,
  26.777282 -39.368197 0.34448819,26.782845 -39.371713 0.34448819,
  26.787673 -39.371422 0.34448819,26.792487 -39.367074 0.34448819,
  26.839043 -41.362663 0.34448819,26.840587 -41.35698 0.34448819,
  26.844113 -41.347257 0.34448819,26.845874 -41.341478 0.34448819,
  26.847698 -41.327431 0.34448819,26.847237 -41.308924 0.34448819,
  26.845419 -41.283924 0.34448819,26.855243 -41.283924 0.34448819,
  26.857104 -41.283957 0.34448819,26.862863 -41.285285 0.34448819,
  26.863435 -41.28905 0.34448819,26.863377 -41.28924 0.34448819,
  26.861931 -41.29479 0.34448819,26.859381 -41.305293 0.34448819,
  26.856069 -41.319317 0.34448819,26.852337 -41.335429 0.34448819,
  26.848378 -41.351693 0.34448819,26.844884 -41.363859 0.34448819,
  26.84225 -41.370407 0.34448819,26.840631 -41.370863 0.34448819,
  26.840596 -41.370771 0.34448819,26.839156 -41.366521 0.34448819,
  26.689371 -39.328002 0.34448819,26.689314 -39.321148 0.34448819,
  26.686269 -39.317507 0.34448819,26.679536 -39.315573 0.34448819,
  26.673282 -39.317928 0.34448819,26.671511 -39.322298 0.34448819,
  26.673574 -39.328177 0.34448819,26.679086 -39.331698 0.34448819,
  26.684394 -39.3317 0.34448819,26.781535 -39.283467 0.34448819,
  26.781529 -39.283071 0.34448819,26.778472 -39.275396 0.34448819,
  26.771491 -39.270494 0.34448819,26.763009 -39.269343 0.34448819,
  26.755448 -39.272924 0.34448819,26.753602 -39.275226 0.34448819,
  26.751435 -39.281019 0.34448819,26.751435 -39.281044 0.34448819,
  26.754094 -39.287252 0.34448819,26.760078 -39.293038 0.34448819,
  26.766485 -39.295591 0.34448819,26.767672 -39.295423 0.34448819,
  26.773411 -39.292492 0.34448819,26.779014 -39.287716 0.34448819,
  26.816653 -39.26397 0.34448819,26.816341 -39.261832 0.34448819,
  26.812461 -39.257144 0.34448819,26.806504 -39.255922 0.34448819,
  26.801476 -39.259127 0.34448819,26.799911 -39.264658 0.34448819,
  26.802733 -39.270077 0.34448819,26.809553 -39.2716 0.34448819,
  26.81388 -39.269942 0.34448819,26.804564 -39.19473 0.34448819,
  26.800815 -39.190044 0.34448819,26.799885 -39.189143 0.34448819,
  26.79499 -39.186344 0.34448819,26.790065 -39.188785 0.34448819,
  26.787154 -39.191629 0.34448819,26.78488 -39.195591 0.34448819,
  26.78578 -39.197748 0.34448819,26.790065 -39.202396 0.34448819,
  26.790933 -39.203086 0.34448819,26.795655 -39.204759 0.34448819,
  26.800815 -39.201137 0.34448819,26.803232 -39.198583 0.34448819,
  25.019456 -41.004333 0.34448819,25.012446 -40.961444 0.34448819,
  25.01077 -40.950878 0.34448819,25.007157 -40.92832 0.34448819,
  25.002802 -40.90134 0.34448819,24.997926 -40.8713 0.34448819,
  24.992751 -40.839563 0.34448819,24.987498 -40.80749 0.34448819,
  24.982387 -40.776444 0.34448819,24.977647 -40.747515 0.34448819,
  24.971226 -40.707351 0.34448819,24.965865 -40.672293 0.34448819,
  24.96145 -40.64146 0.34448819,24.95787 -40.613974 0.34448819,
  24.955014 -40.588954 0.34448819,24.952767 -40.56552 0.34448819,
  24.951019 -40.542794 0.34448819,24.949657 -40.519895 0.34448819,
  24.949277 -40.512613 0.34448819,24.948334 -40.496265 0.34448819,
  24.947376 -40.485029 0.34448819,24.946156 -40.477768 0.34448819,
  24.944424 -40.47334 0.34448819,24.941933 -40.470606 0.34448819,
  24.938433 -40.468427 0.34448819,24.933024 -40.465819 0.34448819,
  24.927465 -40.465689 0.34448819,24.92037 -40.469548 0.34448819,
  24.911119 -40.47559 0.34448819,24.91327 -40.52435 0.34448819,
  24.9136 -40.531363 0.34448819,24.916476 -40.574267 0.34448819,
  24.920998 -40.619298 0.34448819,24.927323 -40.667854 0.34448819,
  24.935612 -40.721335 0.34448819,24.938248 -40.738023 0.34448819,
  24.940635 -40.754903 0.34448819,24.942243 -40.768475 0.34448819,
  24.942945 -40.777652 0.34448819,24.942616 -40.78135 0.34448819,
  24.941289 -40.782204 0.34448819,24.935107 -40.78609 0.34448819,
  24.925379 -40.79216 0.34448819,24.913519 -40.799529 0.34448819,
  24.907696 -40.803183 0.34448819,24.883806 -40.81904 0.34448819,
  24.860729 -40.835633 0.34448819,24.839734 -40.851986 0.34448819,
  24.822088 -40.867121 0.34448819,24.809058 -40.880061 0.34448819,
  24.797814 -40.89362 0.34448819,24.783165 -40.91653 0.34448819,
  24.774548 -40.93922 0.34448819,24.771996 -40.96213 0.34448819,
  24.772388 -40.964736 0.34448819,24.775542 -40.9857 0.34448819,
  24.78522 -41.010372 0.34448819,24.801063 -41.036584 0.34448819,
  24.823104 -41.064777 0.34448819,24.830585 -41.073145 0.34448819,
  24.841656 -41.084419 0.34448819,24.854844 -41.096639 0.34448819,
  24.870822 -41.11038 0.34448819,24.890263 -41.126215 0.34448819,
  24.913841 -41.14472 0.34448819,24.942229 -41.16647 0.34448819,
  24.969843 -41.187667 0.34448819,24.9948 -41.207368 0.34448819,
  25.014223 -41.223388 0.34448819,25.017717 -41.226492 0.34448819,
  25.028105 -41.235721 0.34448819,25.036439 -41.244362 0.34448819,
  25.039219 -41.249304 0.34448819,25.03937 -41.250442 0.34448819,
  25.04173 -41.257335 0.34448819,25.0463 -41.267811 0.34448819,
  25.052244 -41.280175 0.34448819,25.058727 -41.292732 0.34448819,
  25.064914 -41.30379 0.34448819,25.069969 -41.311653 0.34448819,
  25.075043 -41.317723 0.34448819,25.090721 -41.329861 0.34448819,
  25.10897 -41.336497 0.34448819,25.128478 -41.337291 0.34448819,
  25.14793 -41.3319 0.34448819,25.156002 -41.327156 0.34448819,
  25.169011 -41.316402 0.34448819,25.182444 -41.302396 0.34448819,
  25.194811 -41.286737 0.34448819,25.204621 -41.271028 0.34448819,
  25.20693 -41.266792 0.34448819,25.210372 -41.261383 0.34448819,
  25.214601 -41.256375 0.34448819,25.220441 -41.251124 0.34448819,
  25.228711 -41.244987 0.34448819,25.240233 -41.237319 0.34448819,
  25.25583 -41.227476 0.34448819,25.276321 -41.214815 0.34448819,
  25.290281 -41.20615 0.34448819,25.329112 -41.181089 0.34448819,
  25.362273 -41.158024 0.34448819,25.390175 -41.136603 0.34448819,
  25.41323 -41.116476 0.34448819,25.431851 -41.09729 0.34448819,
  25.446448 -41.078695 0.34448819,25.457435 -41.060339 0.34448819,
  25.457513 -41.060187 0.34448819,25.463058 -41.04848 0.34448819,
  25.465989 -41.039168 0.34448819,25.466911 -41.029247 0.34448819,
  25.46643 -41.015711 0.34448819,25.465721 -41.007851 0.34448819,
  25.462627 -40.991869 0.34448819,25.456989 -40.975685 0.34448819,
  25.448385 -40.958608 0.34448819,25.436394 -40.939948 0.34448819,
  25.420593 -40.919016 0.34448819,25.400562 -40.895121 0.34448819,
  25.375877 -40.867573 0.34448819,25.340397 -40.828888 0.34448819,
  25.345231 -40.801486 0.34448819,25.348724 -40.779444 0.34448819,
  25.352613 -40.750153 0.34448819,25.356551 -40.716013 0.34448819,
  25.360493 -40.67774 0.34448819,25.364391 -40.636052 0.34448819,
  25.3682 -40.591667 0.34448819,25.371874 -40.545302 0.34448819,
  25.375364 -40.497674 0.34448819,25.378626 -40.449502 0.34448819,
  25.381611 -40.401503 0.34448819,25.384276 -40.354394 0.34448819,
  25.386572 -40.308893 0.34448819,25.388452 -40.265717 0.34448819,
  25.389872 -40.225585 0.34448819,25.390785 -40.189213 0.34448819,
  25.391143 -40.157319 0.34448819,25.3909 -40.130621 0.34448819,
  25.39001 -40.109836 0.34448819,25.389485 -40.102474 0.34448819,
  25.387974 -40.084227 0.34448819,25.386186 -40.069364 0.34448819,
  25.383719 -40.055955 0.34448819,25.380173 -40.04207 0.34448819,
  25.375146 -40.02578 0.34448819,25.368235 -40.005154 0.34448819,
  25.365144 -39.995551 0.34448819,25.360128 -39.977656 0.34448819,
  25.356173 -39.960651 0.34448819,25.353939 -39.947206 0.34448819,
  25.3539 -39.946848 0.34448819,25.351078 -39.930845 0.34448819,
  25.346491 -39.920769 0.34448819,25.339681 -39.916014 0.34448819,
  25.330189 -39.915979 0.34448819,25.330014 -39.916012 0.34448819,
  25.319964 -39.91534 0.34448819,25.31291 -39.908873 0.34448819,
  25.308669 -39.896444 0.34448819,25.308043 -39.893402 0.34448819,
  25.302571 -39.876388 0.34448819,25.293218 -39.857737 0.34448819,
  25.279518 -39.836628 0.34448819,25.261007 -39.812241 0.34448819,
  25.250865 -39.799232 0.34448819,25.236726 -39.779594 0.34448819,
  25.225821 -39.7624 0.34448819,25.218398 -39.748152 0.34448819,
  25.214705 -39.737353 0.34448819,25.21499 -39.730505 0.34448819,
  25.2195 -39.72811 0.34448819,25.227048 -39.725864 0.34448819,
  25.236114 -39.719402 0.34448819,25.243881 -39.710685 0.34448819,
  25.248193 -39.701699 0.34448819,25.248764 -39.693854 0.34448819,
  25.245788 -39.681261 0.34448819,25.239089 -39.670432 0.34448819,
  25.229816 -39.663742 0.34448819,25.224232 -39.661252 0.34448819,
  25.221083 -39.65725 0.34448819,25.221768 -39.650196 0.34448819,
  25.222777 -39.644781 0.34448819,25.224235 -39.62699 0.34448819,
  25.223567 -39.608349 0.34448819,25.220952 -39.591299 0.34448819,
  25.216564 -39.578282 0.34448819,25.212263 -39.570757 0.34448819,
  25.20331 -39.559003 0.34448819,25.194098 -39.55104 0.34448819,
  25.185887 -39.54811 0.34448819,25.18247 -39.547637 0.34448819,
  25.179687 -39.545273 0.34448819,25.180246 -39.54333 0.34448819,
  25.183022 -39.536013 0.34448819,25.187725 -39.524396 0.34448819,
  25.19391 -39.50957 0.34448819,25.201133 -39.492628 0.34448819,
  25.210299 -39.470527 0.34448819,25.227513 -39.422371 0.34448819,
  25.239978 -39.375873 0.34448819,25.248093 -39.329381 0.34448819,
  25.252256 -39.281242 0.34448819,25.252882 -39.263982 0.34448819,
  25.252826 -39.246749 0.34448819,25.251656 -39.231154 0.34448819,
  25.249069 -39.216129 0.34448819,25.244761 -39.200607 0.34448819,
  25.23843 -39.183521 0.34448819,25.229774 -39.163803 0.34448819,
  25.218487 -39.140385 0.34448819,25.204269 -39.112199 0.34448819,
  25.16595 -39.03713 0.34448819,25.176163 -39.026628 0.34448819,
  25.178767 -39.023817 0.34448819,25.184209 -39.016808 0.34448819,
  25.186376 -39.012118 0.34448819,25.185654 -39.008905 0.34448819,
  25.180416 -39.002214 0.34448819,25.17207 -38.996926 0.34448819,
  25.162965 -38.994777 0.34448819,25.162841 -38.994777 0.34448819,
  25.155838 -38.993819 0.34448819,25.152931 -38.991561 0.34448819,
  25.152337 -38.989225 0.34448819,25.147467 -38.985124 0.34448819,
  25.139917 -38.983434 0.34448819,25.132405 -38.985022 0.34448819,
  25.128096 -38.987015 0.34448819,25.126302 -38.985768 0.34448819,
  25.127312 -38.979306 0.34448819,25.127749 -38.976899 0.34448819,
  25.129019 -38.967216 0.34448819,25.130383 -38.953887 0.34448819,
  25.131613 -38.939049 0.34448819,25.132411 -38.923596 0.34448819,
  25.131899 -38.911017 0.34448819,25.129543 -38.903212 0.34448819,
  25.12503 -38.899227 0.34448819,25.118044 -38.89811 0.34448819,
  25.112044 -38.898575 0.34448819,25.10649 -38.900913 0.34448819,
  25.102381 -38.906094 0.34448819,25.099265 -38.915071 0.34448819,
  25.096688 -38.928797 0.34448819,25.094196 -38.948226 0.34448819,
  25.093818 -38.951481 0.34448819,25.089633 -38.984078 0.34448819,
  25.084835 -39.014756 0.34448819,25.079143 -39.044669 0.34448819,
  25.072277 -39.074971 0.34448819,25.064524 -39.10465 0.34448819,
  25.063959 -39.106815 0.34448819,25.053907 -39.141353 0.34448819,
  25.041843 -39.179739 0.34448819,25.027487 -39.223126 0.34448819,
  25.017358 -39.253543 0.34448819,25.007824 -39.283355 0.34448819,
  25.000312 -39.308704 0.34448819,24.994626 -39.33053 0.34448819,
  24.99057 -39.349775 0.34448819,24.987952 -39.36738 0.34448819,
  24.986574 -39.384288 0.34448819,24.986243 -39.40144 0.34448819,
  24.986762 -39.419777 0.34448819,24.987602 -39.434144 0.34448819,
  24.989876 -39.455848 0.34448819,24.993624 -39.476117 0.34448819,
  24.999296 -39.496765 0.34448819,25.007341 -39.519604 0.34448819,
  25.01821 -39.546444 0.34448819,25.020153 -39.551065 0.34448819,
  25.028942 -39.572722 0.34448819,25.036003 -39.591894 0.34448819,
  25.042364 -39.61152 0.34448819,25.049054 -39.634539 0.34448819,
  25.049124 -39.634782 0.34448819,25.05418 -39.644154 0.34448819,
  25.061927 -39.647524 0.34448819,25.071856 -39.644665 0.34448819,
  25.07448 -39.642977 0.34448819,25.079437 -39.637418 0.34448819,
  25.081925 -39.629526 0.34448819,25.081846 -39.618701 0.34448819,
  25.079101 -39.604344 0.34448819,25.073594 -39.585855 0.34448819,
  25.065229 -39.562634 0.34448819,25.053906 -39.534082 0.34448819,
  25.049446 -39.52298 0.34448819,25.042073 -39.503823 0.34448819,
  25.035583 -39.485997 0.34448819,25.030552 -39.471105 0.34448819,
  25.027556 -39.460749 0.34448819,25.025849 -39.452168 0.34448819,
  25.023349 -39.429098 0.34448819,25.022791 -39.403174 0.34448819,
  25.024176 -39.376848 0.34448819,25.027506 -39.35257 0.34448819,
  25.027915 -39.350608 0.34448819,25.030468 -39.340304 0.34448819,
  25.034567 -39.325246 0.34448819,25.039905 -39.306447 0.34448819,
  25.046174 -39.284923 0.34448819,25.053068 -39.26169 0.34448819,
  25.060278 -39.237761 0.34448819,25.067496 -39.214153 0.34448819,
  25.074417 -39.19188 0.34448819,25.080731 -39.171957 0.34448819,
  25.086133 -39.155401 0.34448819,25.090313 -39.143224 0.34448819,
  25.092965 -39.136444 0.34448819,25.093575 -39.135799 0.34448819,
  25.094531 -39.139278 0.34448819,25.095028 -39.149234 0.34448819,
  25.095063 -39.165551 0.34448819,25.094633 -39.18811 0.34448819,
  25.094327 -39.198496 0.34448819,25.093023 -39.225689 0.34448819,
  25.090876 -39.250209 0.34448819,25.087581 -39.275026 0.34448819,
  25.082833 -39.30311 0.34448819,25.075702 -39.343275 0.34448819,
  25.069499 -39.38048 0.34448819,25.064774 -39.411877 0.34448819,
  25.061498 -39.437818 0.34448819,25.059638 -39.458654 0.34448819,
  25.059165 -39.474738 0.34448819,25.060047 -39.486421 0.34448819,
  25.062254 -39.494055 0.34448819,25.065755 -39.497993 0.34448819,
  25.070106 -39.500054 0.34448819,25.079359 -39.501873 0.34448819,
  25.086423 -39.498594 0.34448819,25.091563 -39.489848 0.34448819,
  25.095043 -39.475267 0.34448819,25.097131 -39.454483 0.34448819,
  25.0982 -39.442105 0.34448819,25.100411 -39.42318 0.34448819,
  25.103425 -39.401102 0.34448819,25.106991 -39.377693 0.34448819,
  25.110857 -39.354777 0.34448819,25.113288 -39.341129 0.34448819,
  25.118104 -39.313925 0.34448819,25.119148 -39.307913 0.34448819,
  25.12193 -39.291882 0.34448819,25.124901 -39.274024 0.34448819,
  25.127153 -39.259375 0.34448819,25.128822 -39.246957 0.34448819,
  25.130044 -39.235796 0.34448819,25.130954 -39.224913 0.34448819,
  25.131689 -39.213334 0.34448819,25.132385 -39.200081 0.34448819,
  25.134536 -39.157051 0.34448819,25.144371 -39.186628 0.34448819,
  25.152614 -39.2194 0.34448819,25.156054 -39.25819 0.34448819,
  25.153004 -39.297461 0.34448819,25.151017 -39.307687 0.34448819,
  25.147354 -39.323676 0.34448819,25.142531 -39.343062 0.34448819,
  25.136943 -39.364275 0.34448819,25.130978 -39.385742 0.34448819,
  25.125314 -39.40585 0.34448819,25.119813 -39.425934 0.34448819,
  25.115066 -39.443826 0.34448819,25.111445 -39.458123 0.34448819,
  25.109322 -39.467422 0.34448819,25.107134 -39.48122 0.34448819,
  25.106781 -39.497674 0.34448819,25.110045 -39.508534 0.34448819,
  25.116931 -39.513809 0.34448819,25.127444 -39.513509 0.34448819,
  25.132923 -39.511331 0.34448819,25.137123 -39.507102 0.34448819,
  25.140378 -39.499705 0.34448819,25.143194 -39.487983 0.34448819,
  25.146076 -39.470776 0.34448819,25.14729 -39.463941 0.34448819,
  25.150553 -39.448791 0.34448819,25.155055 -39.43008 0.34448819,
  25.160369 -39.409552 0.34448819,25.166069 -39.38895 0.34448819,
  25.16953 -39.376736 0.34448819,25.179021 -39.341034 0.34448819,
  25.186002 -39.310231 0.34448819,25.190526 -39.283371 0.34448819,
  25.192646 -39.259498 0.34448819,25.192417 -39.237658 0.34448819,
  25.189894 -39.216894 0.34448819,25.18513 -39.196253 0.34448819,
  25.178178 -39.174777 0.34448819,25.177408 -39.172641 0.34448819,
  25.170981 -39.154317 0.34448819,25.165165 -39.136931 0.34448819,
  25.160289 -39.121549 0.34448819,25.156683 -39.109239 0.34448819,
  25.154674 -39.10107 0.34448819,25.154591 -39.09811 0.34448819,
  25.156108 -39.099747 0.34448819,25.160163 -39.106353 0.34448819,
  25.166 -39.116937 0.34448819,25.173026 -39.130323 0.34448819,
  25.180644 -39.145335 0.34448819,25.188262 -39.160796 0.34448819,
  25.195283 -39.17553 0.34448819,25.201113 -39.188359 0.34448819,
  25.205158 -39.19811 0.34448819,25.205633 -39.199374 0.34448819,
  25.209198 -39.20938 0.34448819,25.211674 -39.218208 0.34448819,
  25.213263 -39.227426 0.34448819,25.214165 -39.238603 0.34448819,
  25.214578 -39.253308 0.34448819,25.214702 -39.27311 0.34448819,
  25.214491 -39.295372 0.34448819,25.213513 -39.316532 0.34448819,
  25.211625 -39.334118 0.34448819,25.208696 -39.349777 0.34448819,
  25.202649 -39.374511 0.34448819,25.183248 -39.439408 0.34448819,
  25.159557 -39.501782 0.34448819,25.148567 -39.528382 0.34448819,
  25.138385 -39.55525 0.34448819,25.131417 -39.576988 0.34448819,
  25.127615 -39.59396 0.34448819,25.126926 -39.606529 0.34448819,
  25.129302 -39.615057 0.34448819,25.134693 -39.619907 0.34448819,
  25.143048 -39.621444 0.34448819,25.144628 -39.621392 0.34448819,
  25.154166 -39.617949 0.34448819,25.160784 -39.608899 0.34448819,
  25.164719 -39.593944 0.34448819,25.165669 -39.588661 0.34448819,
  25.167834 -39.581086 0.34448819,25.169956 -39.57811 0.34448819,
  25.173951 -39.580517 0.34448819,25.178921 -39.587708 0.34448819,
  25.183481 -39.597851 0.34448819,25.186627 -39.60908 0.34448819,
  25.187276 -39.614833 0.34448819,25.187337 -39.627653 0.34448819,
  25.186341 -39.642674 0.34448819,25.184519 -39.65768 0.34448819,
  25.182103 -39.670455 0.34448819,25.179326 -39.678781 0.34448819,
  25.178673 -39.680802 0.34448819,25.177886 -39.689712 0.34448819,
  25.178064 -39.703871 0.34448819,25.179209 -39.722344 0.34448819,
  25.179994 -39.731096 0.34448819,25.18249 -39.749259 0.34448819,
  25.186411 -39.765031 0.34448819,25.192406 -39.779845 0.34448819,
  25.201125 -39.795132 0.34448819,25.213218 -39.812325 0.34448819,
  25.229334 -39.832855 0.34448819,25.239878 -39.846384 0.34448819,
  25.250455 -39.860928 0.34448819,25.259139 -39.873874 0.34448819,
  25.264713 -39.883479 0.34448819,25.267433 -39.889336 0.34448819,
  25.271767 -39.901071 0.34448819,25.273351 -39.909539 0.34448819,
  25.272257 -39.914009 0.34448819,25.268558 -39.913746 0.34448819,
  25.262323 -39.908018 0.34448819,25.261443 -39.907024 0.34448819,
  25.256009 -39.90325 0.34448819,25.250016 -39.904726 0.34448819,
  25.248699 -39.905285 0.34448819,25.243646 -39.905724 0.34448819,
  25.235822 -39.904233 0.34448819,25.224116 -39.900542 0.34448819,
  25.20742 -39.894381 0.34448819,25.180937 -39.885522 0.34448819,
  25.153726 -39.87961 0.34448819,25.130235 -39.878243 0.34448819,
  25.110985 -39.88149 0.34448819,25.108267 -39.882604 0.34448819,
  25.098115 -39.888769 0.34448819,25.085213 -39.898687 0.34448819,
  25.070796 -39.911437 0.34448819,25.063753 -39.917858 0.34448819,
  25.049719 -39.929403 0.34448819,25.037921 -39.937371 0.34448819,
  25.029102 -39.941298 0.34448819,25.024001 -39.940721 0.34448819,
  25.024178 -39.938715 0.34448819,25.025876 -39.931456 0.34448819,
  25.028924 -39.920223 0.34448819,25.032963 -39.906392 0.34448819,
  25.035119 -39.899149 0.34448819,25.043559 -39.868588 0.34448819,
  25.049559 -39.842031 0.34448819,25.0534 -39.817783 0.34448819,
  25.055365 -39.79415 0.34448819,25.055735 -39.769436 0.34448819,
  25.055648 -39.761674 0.34448819,25.055664 -39.746452 0.34448819,
  25.056156 -39.735985 0.34448819,25.057301 -39.728909 0.34448819,
  25.059277 -39.723863 0.34448819,25.062262 -39.719487 0.34448819,
  25.066654 -39.711735 0.34448819,25.069319 -39.697144 0.34448819,
  25.069296 -39.695234 0.34448819,25.06808 -39.686809 0.34448819,
  25.064067 -39.679606 0.34448819,25.055941 -39.671061 0.34448819,
  25.050101 -39.665297 0.34448819,25.045065 -39.658549 0.34448819,
  25.042976 -39.651075 0.34448819,25.042563 -39.63991 0.34448819,
  25.042203 -39.63252 0.34448819,25.038861 -39.619162 0.34448819,
  25.032397 -39.610953 0.34448819,25.023276 -39.608325 0.34448819,
  25.011968 -39.611707 0.34448819,25.010539 -39.612544 0.34448819,
  25.00776 -39.615394 0.34448819,25.00629 -39.620328 0.34448819,
  25.005841 -39.62887 0.34448819,25.006123 -39.642541 0.34448819,
  25.006132 -39.656943 0.34448819,25.00508 -39.669498 0.34448819,
  25.003054 -39.677058 0.34448819,25.002317 -39.678656 0.34448819,
  25.000013 -39.687735 0.34448819,24.999085 -39.698542 0.34448819,
  24.999202 -39.702611 0.34448819,25.001631 -39.713193 0.34448819,
  25.008282 -39.722311 0.34448819,25.011428 -39.725752 0.34448819,
  25.014319 -39.730042 0.34448819,25.016199 -39.735482 0.34448819,
  25.017352 -39.743452 0.34448819,25.018061 -39.75533 0.34448819,
  25.01861 -39.772494 0.34448819,25.018706 -39.776209 0.34448819,
  25.018856 -39.792824 0.34448819,25.018294 -39.807569 0.34448819,
  25.016785 -39.821808 0.34448819,25.014096 -39.836908 0.34448819,
  25.009994 -39.854235 0.34448819,25.004245 -39.875155 0.34448819,
  24.996614 -39.901033 0.34448819,24.992482 -39.914623 0.34448819,
  24.988207 -39.927668 0.34448819,24.984633 -39.936492 0.34448819,
  24.981134 -39.942339 0.34448819,24.977081 -39.946454 0.34448819,
  24.971843 -39.950082 0.34448819,24.963014 -39.957299 0.34448819,
  24.951604 -39.969893 0.34448819,24.939884 -39.985602 0.34448819,
  24.929051 -40.002806 0.34448819,24.9203 -40.019885 0.34448819,
  24.917691 -40.025901 0.34448819,24.910498 -40.044672 0.34448819,
  24.90512 -40.063268 0.34448819,24.901339 -40.083049 0.34448819,
  24.898939 -40.105376 0.34448819,24.8977 -40.13161 0.34448819,
  24.897406 -40.16311 0.34448819,24.897519 -40.175579 0.34448819,
  24.898216 -40.203225 0.34448819,24.89944 -40.231049 0.34448819,
  24.90108 -40.256771 0.34448819,24.903026 -40.27811 0.34448819,
  24.905266 -40.299843 0.34448819,24.907496 -40.32466 0.34448819,
  24.909402 -40.348993 0.34448819,24.910727 -40.369777 0.34448819,
  24.910864 -40.372279 0.34448819,24.912017 -40.388622 0.34448819,
  24.913421 -40.402502 0.34448819,24.914911 -40.412521 0.34448819,
  24.916324 -40.417277 0.34448819,24.918897 -40.41937 0.34448819,
  24.927059 -40.421292 0.34448819,24.936481 -40.420022 0.34448819,
  24.944137 -40.415731 0.34448819,24.944274 -40.415594 0.34448819,
  24.94669 -40.412311 0.34448819,24.948137 -40.407561 0.34448819,
  24.948721 -40.400049 0.34448819,24.948547 -40.388482 0.34448819,
  24.947719 -40.371565 0.34448819,24.94699 -40.360212 0.34448819,
  24.945464 -40.340272 0.34448819,24.943493 -40.317202 0.34448819,
  24.941254 -40.293028 0.34448819,24.938921 -40.269777 0.34448819,
  24.937411 -40.254537 0.34448819,24.934477 -40.21714 0.34448819,
  24.932817 -40.182085 0.34448819,24.93245 -40.15042 0.34448819,
  24.933395 -40.123191 0.34448819,24.935675 -40.101444 0.34448819,
  24.937082 -40.093515 0.34448819,24.942777 -40.070282 0.34448819,
  24.950473 -40.047327 0.34448819,24.959591 -40.025917 0.34448819,
  24.96955 -40.007316 0.34448819,24.979771 -39.992791 0.34448819,
  24.989674 -39.983606 0.34448819,24.990508 -39.983137 0.34448819,
  24.998456 -39.980478 0.34448819,25.010426 -39.978043 0.34448819,
  25.024169 -39.976309 0.34448819,25.028197 -39.975937 0.34448819,
  25.043683 -39.973889 0.34448819,25.055666 -39.970557 0.34448819,
  25.066074 -39.964968 0.34448819,25.076836 -39.956146 0.34448819,
  25.089881 -39.943119 0.34448819,25.101111 -39.93214 0.34448819,
  25.115213 -39.921263 0.34448819,25.129118 -39.914828 0.34448819,
  25.143956 -39.912715 0.34448819,25.160859 -39.914809 0.34448819,
  25.180957 -39.920992 0.34448819,25.205382 -39.931146 0.34448819,
  25.209018 -39.932761 0.34448819,25.233212 -39.942369 0.34448819,
  25.254189 -39.948259 0.34448819,25.273722 -39.95082 0.34448819,
  25.29358 -39.950439 0.34448819,25.315778 -39.948584 0.34448819,
  25.319069 -39.966681 0.34448819,25.320688 -39.976281 0.34448819,
  25.320915 -39.982068 0.34448819,25.319165 -39.984366 0.34448819,
  25.315087 -39.984777 0.34448819,25.30878 -39.986474 0.34448819,
  25.301554 -39.991671 0.34448819,25.298175 -39.995856 0.34448819,
  25.297206 -40.000675 0.34448819,25.300305 -40.007505 0.34448819,
  25.302447 -40.01052 0.34448819,25.310555 -40.01622 0.34448819,
  25.320043 -40.017948 0.34448819,25.328255 -40.014993 0.34448819,
  25.330174 -40.014355 0.34448819,25.33431 -40.017951 0.34448819,
  25.338866 -40.02758 0.34448819,25.343677 -40.042846 0.34448819,
  25.348576 -40.063355 0.34448819,25.348714 -40.064012 0.34448819,
  25.350919 -40.077943 0.34448819,25.352489 -40.094387 0.34448819,
  25.353426 -40.112039 0.34448819,25.353727 -40.129591 0.34448819,
  25.353393 -40.145735 0.34448819,25.352425 -40.159164 0.34448819,
  25.350822 -40.168571 0.34448819,25.348583 -40.172649 0.34448819,
  25.346274 -40.174121 0.34448819,25.343567 -40.179777 0.34448819,
  25.344133 -40.182392 0.34448819,25.348583 -40.186905 0.34448819,
  25.349774 -40.187677 0.34448819,25.351379 -40.190706 0.34448819,
  25.352478 -40.196681 0.34448819,25.353158 -40.206532 0.34448819,
  25.353504 -40.221188 0.34448819,25.3536 -40.241579 0.34448819,
  25.3536 -40.294334 0.34448819,25.34474 -40.295389 0.34448819,
  25.336948 -40.298007 0.34448819,25.331719 -40.303887 0.34448819,
  25.330912 -40.310946 0.34448819,25.334654 -40.317244 0.34448819,
  25.343072 -40.320842 0.34448819,25.34742 -40.322528 0.34448819,
  25.350256 -40.326975 0.34448819,25.350196 -40.328992 0.34448819,
  25.349717 -40.337718 0.34448819,25.348804 -40.351896 0.34448819,
  25.34752 -40.370716 0.34448819,25.345924 -40.393372 0.34448819,
  25.344076 -40.419057 0.34448819,25.342037 -40.446961 0.34448819,
  25.339867 -40.476279 0.34448819,25.337627 -40.506202 0.34448819,
  25.335376 -40.535923 0.34448819,25.333176 -40.564634 0.34448819,
  25.331086 -40.591528 0.34448819,25.329166 -40.615796 0.34448819,
  25.327477 -40.636633 0.34448819,25.32608 -40.653229 0.34448819,
  25.325033 -40.664777 0.34448819,25.319717 -40.714459 0.34448819,
  25.311303 -40.777314 0.34448819,25.301439 -40.834921 0.34448819,
  25.289974 -40.888039 0.34448819,25.276756 -40.937427 0.34448819,
  25.261636 -40.983843 0.34448819,25.259523 -40.989828 0.34448819,
  25.254839 -41.004055 0.34448819,25.252391 -41.013774 0.34448819,
  25.251924 -41.020219 0.34448819,25.253182 -41.024622 0.34448819,
  25.25936 -41.030063 0.34448819,25.268433 -41.031765 0.34448819,
  25.277743 -41.029706 0.34448819,25.284671 -41.023944 0.34448819,
  25.284965 -41.023472 0.34448819,25.289406 -41.014381 0.34448819,
  25.295041 -41.000119 0.34448819,25.301463 -40.981883 0.34448819,
  25.308269 -40.960871 0.34448819,25.315053 -40.93828 0.34448819,
  25.321409 -40.915308 0.34448819,25.332268 -40.874172 0.34448819,
  25.358104 -40.901545 0.34448819,25.369313 -40.913715 0.34448819,
  25.392169 -40.941118 0.34448819,25.409226 -40.966013 0.34448819,
  25.42062 -40.988715 0.34448819,25.426492 -41.009539 0.34448819,
  25.42698 -41.0288 0.34448819,25.422223 -41.046811 0.34448819,
  25.417491 -41.054987 0.34448819,25.407907 -41.067256 0.34448819,
  25.394956 -41.081451 0.34448819,25.379711 -41.096467 0.34448819,
  25.363246 -41.1112 0.34448819,25.346634 -41.124546 0.34448819,
  25.336889 -41.131623 0.34448819,25.323528 -41.140859 0.34448819,
  25.308541 -41.150874 0.34448819,25.292951 -41.16102 0.34448819,
  25.27778 -41.170649 0.34448819,25.264049 -41.179113 0.34448819,
  25.25278 -41.185765 0.34448819,25.244995 -41.189958 0.34448819,
  25.241716 -41.191044 0.34448819,25.241765 -41.189718 0.34448819,
  25.243211 -41.183033 0.34448819,25.24612 -41.171736 0.34448819,
  25.250201 -41.156942 0.34448819,25.25516 -41.13977 0.34448819,
  25.257905 -41.130324 0.34448819,25.262654 -41.113322 0.34448819,
  25.266465 -41.098791 0.34448819,25.269006 -41.088034 0.34448819,
  25.269939 -41.082354 0.34448819,25.26792 -41.076027 0.34448819,
  25.261241 -41.069219 0.34448819,25.256543 -41.066439 0.34448819,
  25.250805 -41.06537 0.34448819,25.243964 -41.068309 0.34448819,
  25.241571 -41.069917 0.34448819,25.238345 -41.073518 0.34448819,
  25.235286 -41.079422 0.34448819,25.231979 -41.088679 0.34448819,
  25.228009 -41.102336 0.34448819,25.222963 -41.121444 0.34448819,
  25.212366 -41.15998 0.34448819,25.201552 -41.193707 0.34448819,
  25.190582 -41.221978 0.34448819,25.179191 -41.245398 0.34448819,
  25.167115 -41.264578 0.34448819,25.154091 -41.280125 0.34448819,
  25.153962 -41.280256 0.34448819,25.141215 -41.291901 0.34448819,
  25.129694 -41.299167 0.34448819,25.119174 -41.301806 0.34448819,
  25.109431 -41.299567 0.34448819,25.100241 -41.292202 0.34448819,
  25.09138 -41.279463 0.34448819,25.082624 -41.2611 0.34448819,
  25.073748 -41.236863 0.34448819,25.064528 -41.206506 0.34448819,
  25.05474 -41.169777 0.34448819,25.050205 -41.151683 0.34448819,
  25.041255 -41.114257 0.34448819,25.033432 -41.07863 0.34448819,
  25.026309 -41.042692 0.34448819,25.018133 -41.173605 0.34448819,
  25.017717 -41.174339 0.34448819,25.013473 -41.172327 0.34448819,
  25.005724 -41.167056 0.34448819,24.99545 -41.159152 0.34448819,
  24.993152 -41.157305 0.34448819,24.980224 -41.146954 0.34448819,
  24.96427 -41.134224 0.34448819,24.9471 -41.120557 0.34448819,
  24.930523 -41.107396 0.34448819,24.918904 -41.097985 0.34448819,
  24.895952 -41.078245 0.34448819,24.874324 -41.058189 0.34448819,
  24.854844 -41.038657 0.34448819,24.838331 -41.020491 0.34448819,
  24.825607 -41.004533 0.34448819,24.817495 -40.991622 0.34448819,
  24.811637 -40.978305 0.34448819,24.808151 -40.964736 0.34448819,
  24.808428 -40.95205 0.34448819,24.812809 -40.939303 0.34448819,
  24.821639 -40.925555 0.34448819,24.83526 -40.909863 0.34448819,
  24.854015 -40.891286 0.34448819,24.859548 -40.886227 0.34448819,
  24.87172 -40.875926 0.34448819,24.885681 -40.86488 0.34448819,
  24.900432 -40.853798 0.34448819,24.914977 -40.843384 0.34448819,
  24.928317 -40.834346 0.34448819,24.939455 -40.827389 0.34448819,
  24.947394 -40.823219 0.34448819,24.951135 -40.822543 0.34448819,
  24.951958 -40.82545 0.34448819,24.953782 -40.834275 0.34448819,
  24.956424 -40.84825 0.34448819,24.959747 -40.866616 0.34448819,
  24.963614 -40.888613 0.34448819,24.967888 -40.913485 0.34448819,
  24.972432 -40.940471 0.34448819,24.975026 -40.955891 0.34448819,
  24.980294 -40.986467 0.34448819,24.985698 -41.016976 0.34448819,
  24.990998 -41.046115 0.34448819,24.995957 -41.072581 0.34448819,
  25.000335 -41.095072 0.34448819,25.003894 -41.112282 0.34448819,
  25.007033 -41.126599 0.34448819,25.010923 -41.143941 0.34448819,
  25.014255 -41.158354 0.34448819,25.01675 -41.168641 0.34448819,
  25.125524 -39.031038 0.34448819,25.12398 -39.03672 0.34448819,
  25.120454 -39.046444 0.34448819,25.118693 -39.052223 0.34448819,
  25.116869 -39.06627 0.34448819,25.11733 -39.084777 0.34448819,
  25.119148 -39.109777 0.34448819,25.109324 -39.109777 0.34448819,
  25.107463 -39.109744 0.34448819,25.101704 -39.108415 0.34448819,
  25.101132 -39.10465 0.34448819,25.10119 -39.104461 0.34448819,
  25.102636 -39.098911 0.34448819,25.105186 -39.088407 0.34448819,
  25.108498 -39.074383 0.34448819,25.11223 -39.058272 0.34448819,
  25.116189 -39.042008 0.34448819,25.119683 -39.029841 0.34448819,
  25.122317 -39.023294 0.34448819,25.123935 -39.022838 0.34448819,
  25.12397 -39.02293 0.34448819,25.125411 -39.02718 0.34448819] }
 coordIndex [
  0,1,12,-1,12,1,2,-1,12,2,11,-1,11,2,3,-1,11,3,10,-1,10,3,4,-1,10,4,9,-1,9,4,5,-1,
  9,5,8,-1,8,5,6,-1,8,6,7,-1,2161,2162,2157,-1,2161,2157,2158,-1,2161,2158,2159,-1,2161,2159,2160,-1,2153,2154,2164,-1,
  2164,2154,2155,-1,2164,2155,2163,-1,2163,2155,2156,-1,2163,2156,2162,-1,2162,2156,2157,-1,2165,2166,2150,-1,2165,2150,2151,-1,2165,2151,2152,-1,
  2165,2152,2153,-1,2165,2153,2164,-1,2058,1565,2057,-1,2057,1565,1566,-1,2057,1566,2056,-1,2056,1566,1567,-1,2056,1567,2055,-1,2055,1567,2044,-1,
  2055,2044,2054,-1,2054,2044,2045,-1,2054,2045,2046,-1,2054,2046,2053,-1,2053,2046,2047,-1,2053,2047,2052,-1,2052,2047,2048,-1,2052,2048,2051,-1,
  2051,2048,2049,-1,2051,2049,2050,-1,2039,2040,1574,-1,2039,1574,1875,-1,2039,1875,1876,-1,2039,1876,1877,-1,2039,1877,1878,-1,2039,1878,1879,-1,
  2039,1879,1880,-1,2039,1880,2038,-1,2038,1880,1881,-1,2038,1881,1882,-1,2038,1882,1883,-1,2038,1883,1884,-1,2038,1884,2037,-1,2034,2035,1886,-1,
  1886,2035,2036,-1,1886,2036,1885,-1,1885,2036,2037,-1,1885,2037,1884,-1,2030,2031,1889,-1,1889,2031,2032,-1,1889,2032,1888,-1,1888,2032,2033,-1,
  1888,2033,1887,-1,1887,2033,2034,-1,1887,2034,1886,-1,1889,1890,2030,-1,2030,1890,1891,-1,2030,1891,2029,-1,2029,1891,1892,-1,2029,1892,2028,-1,
  2028,1892,1893,-1,2028,1893,2027,-1,2027,1893,1894,-1,2027,1894,2026,-1,2026,1894,1895,-1,2026,1895,2025,-1,2025,1895,1896,-1,2025,1896,2024,-1,
  2024,1896,1897,-1,2024,1897,1898,-1,1950,1951,1929,-1,1929,1951,1952,-1,1929,1952,1899,-1,1899,1952,2022,-1,1899,2022,1898,-1,1898,2022,2023,-1,
  1898,2023,2024,-1,2022,1952,1953,-1,2022,1953,1954,-1,2022,1954,1955,-1,2022,1955,2021,-1,1955,1956,2021,-1,2021,1956,1957,-1,2021,1957,2020,-1,
  2020,1957,1958,-1,2020,1958,1959,-1,1959,1960,2018,-1,1959,2018,2019,-1,1959,2019,2020,-1,1960,1961,2018,-1,2018,1961,1962,-1,2018,1962,2017,-1,
  2017,1962,1963,-1,2017,1963,1964,-1,2013,2014,1966,-1,1966,2014,2015,-1,1966,2015,1965,-1,1965,2015,2016,-1,1965,2016,1964,-1,1964,2016,2017,-1,
  1967,1968,2010,-1,1967,2010,2011,-1,1967,2011,2012,-1,1967,2012,2013,-1,1967,2013,1966,-1,1968,1969,1992,-1,1968,1992,1993,-1,1968,1993,2008,-1,
  1968,2008,2009,-1,1968,2009,2010,-1,17,18,16,-1,16,18,19,-1,16,19,15,-1,15,19,20,-1,15,20,14,-1,14,20,21,-1,
  14,21,13,-1,22,23,36,-1,36,23,24,-1,36,24,35,-1,35,24,25,-1,35,25,34,-1,34,25,26,-1,34,26,27,-1,
  30,31,29,-1,29,31,32,-1,29,32,28,-1,28,32,33,-1,28,33,27,-1,27,33,34,-1,42,43,40,-1,40,43,44,-1,
  40,44,39,-1,39,44,45,-1,39,45,38,-1,38,45,37,-1,47,48,53,-1,47,53,54,-1,47,54,46,-1,49,50,52,-1,
  49,52,53,-1,49,53,48,-1,59,60,58,-1,58,60,61,-1,58,61,57,-1,57,61,62,-1,57,62,56,-1,56,62,63,-1,
  56,63,55,-1,65,66,71,-1,65,71,72,-1,65,72,64,-1,67,68,70,-1,67,70,71,-1,67,71,66,-1,73,74,81,-1,
  81,74,75,-1,81,75,80,-1,80,75,76,-1,80,76,79,-1,79,76,77,-1,79,77,78,-1,83,84,89,-1,83,89,90,-1,
  83,90,82,-1,85,86,88,-1,85,88,89,-1,85,89,84,-1,91,92,99,-1,99,92,93,-1,99,93,98,-1,98,93,94,-1,
  98,94,95,-1,95,96,97,-1,95,97,98,-1,104,105,103,-1,103,105,106,-1,103,106,102,-1,102,106,107,-1,102,107,101,-1,
  101,107,108,-1,101,108,100,-1,110,111,121,-1,110,121,122,-1,110,122,109,-1,114,119,113,-1,113,119,120,-1,113,120,112,-1,
  112,120,121,-1,112,121,111,-1,115,116,118,-1,115,118,119,-1,115,119,114,-1,126,129,125,-1,125,129,130,-1,125,130,124,-1,
  124,130,131,-1,124,131,123,-1,127,128,129,-1,127,129,126,-1,133,134,138,-1,133,138,139,-1,133,139,140,-1,133,140,132,-1,
  137,138,134,-1,137,134,135,-1,137,135,136,-1,618,619,627,-1,627,619,620,-1,627,620,626,-1,626,620,621,-1,626,621,625,-1,
  625,621,622,-1,625,622,624,-1,624,622,623,-1,614,615,366,-1,366,615,616,-1,366,616,629,-1,629,616,617,-1,629,617,628,-1,
  628,617,618,-1,628,618,627,-1,369,596,368,-1,368,596,613,-1,368,613,367,-1,367,613,614,-1,367,614,366,-1,363,364,630,-1,
  630,364,365,-1,630,365,629,-1,629,365,366,-1,631,632,342,-1,631,342,343,-1,631,343,344,-1,631,344,363,-1,631,363,630,-1,
  356,361,346,-1,346,361,362,-1,346,362,345,-1,345,362,363,-1,345,363,344,-1,356,346,355,-1,355,346,347,-1,355,347,354,-1,
  354,347,348,-1,354,348,353,-1,353,348,349,-1,353,349,352,-1,352,349,350,-1,352,350,351,-1,604,598,603,-1,603,598,599,-1,
  603,599,602,-1,602,599,600,-1,602,600,601,-1,607,596,606,-1,606,596,597,-1,606,597,605,-1,605,597,598,-1,605,598,604,-1,
  596,607,608,-1,596,608,609,-1,596,609,610,-1,596,610,611,-1,596,611,612,-1,596,612,613,-1,370,371,595,-1,370,595,596,-1,
  370,596,369,-1,593,594,373,-1,373,594,595,-1,373,595,372,-1,372,595,371,-1,374,375,386,-1,374,386,590,-1,374,590,591,-1,
  374,591,592,-1,374,592,593,-1,374,593,373,-1,386,387,587,-1,386,587,588,-1,386,588,589,-1,386,589,590,-1,381,382,377,-1,
  377,382,383,-1,377,383,376,-1,376,383,384,-1,376,384,375,-1,375,384,385,-1,375,385,386,-1,378,379,380,-1,378,380,381,-1,
  378,381,377,-1,141,142,149,-1,149,142,143,-1,149,143,148,-1,148,143,144,-1,148,144,147,-1,147,144,145,-1,147,145,146,-1,
  151,152,158,-1,151,158,159,-1,151,159,150,-1,153,154,156,-1,153,156,157,-1,153,157,158,-1,153,158,152,-1,164,166,163,-1,
  163,166,167,-1,163,167,162,-1,162,167,168,-1,162,168,161,-1,161,168,169,-1,161,169,160,-1,174,175,173,-1,173,175,176,-1,
  173,176,172,-1,172,176,177,-1,172,177,171,-1,171,177,178,-1,171,178,170,-1,179,180,191,-1,191,180,181,-1,191,181,190,-1,
  190,181,182,-1,190,182,189,-1,189,182,183,-1,189,183,188,-1,188,183,184,-1,188,184,187,-1,187,184,185,-1,187,185,186,-1,
  193,194,198,-1,193,198,199,-1,193,199,200,-1,193,200,192,-1,197,198,194,-1,197,194,195,-1,197,195,196,-1,201,202,209,-1,
  209,202,203,-1,209,203,208,-1,208,203,204,-1,208,204,207,-1,207,204,205,-1,207,205,206,-1,214,215,213,-1,213,215,216,-1,
  213,216,212,-1,212,216,217,-1,212,217,211,-1,211,217,218,-1,211,218,210,-1,219,220,227,-1,227,220,221,-1,227,221,226,-1,
  226,221,222,-1,226,222,223,-1,223,224,225,-1,223,225,226,-1,1018,241,1017,-1,1017,241,242,-1,1017,242,1016,-1,1016,242,243,-1,
  1016,243,1015,-1,1015,243,244,-1,1015,244,1014,-1,1014,244,245,-1,1014,245,246,-1,237,238,1021,-1,1021,238,239,-1,1021,239,1020,-1,
  1020,239,240,-1,1020,240,1019,-1,1019,240,241,-1,1019,241,1018,-1,1022,1023,235,-1,1022,235,236,-1,1022,236,237,-1,1022,237,1021,-1,
  231,232,1024,-1,1024,232,233,-1,1024,233,1023,-1,1023,233,234,-1,1023,234,235,-1,230,231,1024,-1,230,1024,1025,-1,230,1025,1026,-1,
  230,1026,229,-1,228,229,1026,-1,228,1026,957,-1,228,957,958,-1,228,958,959,-1,228,959,278,-1,1027,1028,956,-1,1027,956,957,-1,
  1027,957,1026,-1,1028,1029,956,-1,956,1029,1030,-1,956,1030,955,-1,955,1030,1031,-1,955,1031,1032,-1,952,953,1033,-1,1033,953,954,-1,
  1033,954,1032,-1,1032,954,955,-1,1034,1035,951,-1,1034,951,952,-1,1034,952,1033,-1,947,948,1038,-1,1038,948,949,-1,1038,949,1037,-1,
  1037,949,950,-1,1037,950,1036,-1,1036,950,951,-1,1036,951,1035,-1,1039,1040,945,-1,1039,945,946,-1,1039,946,947,-1,1039,947,1038,-1,
  941,942,1041,-1,1041,942,943,-1,1041,943,1040,-1,1040,943,944,-1,1040,944,945,-1,1046,937,1045,-1,1045,937,938,-1,1045,938,1044,-1,
  1044,938,939,-1,1044,939,1043,-1,1043,939,940,-1,1043,940,1042,-1,1042,940,941,-1,1042,941,1041,-1,1046,1047,937,-1,937,1047,1048,-1,
  937,1048,936,-1,936,1048,1049,-1,936,1049,1050,-1,932,933,1051,-1,1051,933,934,-1,1051,934,1050,-1,1050,934,935,-1,1050,935,936,-1,
  932,1051,931,-1,931,1051,1052,-1,931,1052,930,-1,930,1052,914,-1,930,914,915,-1,908,909,1055,-1,1055,909,910,-1,1055,910,1054,-1,
  1054,910,911,-1,1054,911,1053,-1,1053,911,912,-1,1053,912,1052,-1,1052,912,913,-1,1052,913,914,-1,905,906,1056,-1,1056,906,907,-1,
  1056,907,1055,-1,1055,907,908,-1,1057,1058,903,-1,1057,903,904,-1,1057,904,905,-1,1057,905,1056,-1,899,900,1059,-1,1059,900,901,-1,
  1059,901,1058,-1,1058,901,902,-1,1058,902,903,-1,899,1059,898,-1,898,1059,279,-1,898,279,897,-1,897,279,291,-1,897,291,292,-1,
  1014,1008,1013,-1,1013,1008,1009,-1,1013,1009,1012,-1,1012,1009,1010,-1,1012,1010,1011,-1,1014,246,1008,-1,1008,246,247,-1,1008,247,1007,-1,
  1007,247,248,-1,1007,248,249,-1,1007,249,1006,-1,1006,249,250,-1,1006,250,1005,-1,1005,250,251,-1,1005,251,252,-1,1005,252,1004,-1,
  1004,252,253,-1,1004,253,1003,-1,1003,253,254,-1,1003,254,255,-1,997,998,258,-1,258,998,999,-1,258,999,257,-1,257,999,1000,-1,
  257,1000,256,-1,256,1000,1001,-1,256,1001,255,-1,255,1001,1002,-1,255,1002,1003,-1,996,997,258,-1,996,258,259,-1,996,259,978,-1,
  996,978,979,-1,996,979,980,-1,996,980,981,-1,996,981,995,-1,259,260,974,-1,259,974,975,-1,259,975,976,-1,259,976,977,-1,
  259,977,978,-1,267,968,266,-1,266,968,969,-1,266,969,265,-1,265,969,970,-1,265,970,264,-1,264,970,971,-1,264,971,263,-1,
  263,971,972,-1,263,972,262,-1,262,972,973,-1,262,973,261,-1,261,973,974,-1,261,974,260,-1,274,962,273,-1,273,962,963,-1,
  273,963,272,-1,272,963,964,-1,272,964,271,-1,271,964,965,-1,271,965,270,-1,270,965,966,-1,270,966,269,-1,269,966,967,-1,
  269,967,268,-1,268,967,968,-1,268,968,267,-1,275,276,960,-1,275,960,961,-1,275,961,962,-1,275,962,274,-1,959,960,276,-1,
  959,276,277,-1,959,277,278,-1,987,988,986,-1,986,988,989,-1,986,989,985,-1,985,989,990,-1,985,990,991,-1,991,992,983,-1,
  991,983,984,-1,991,984,985,-1,995,981,994,-1,994,981,982,-1,994,982,993,-1,993,982,983,-1,993,983,992,-1,916,917,929,-1,
  916,929,930,-1,916,930,915,-1,921,926,920,-1,920,926,927,-1,920,927,919,-1,919,927,928,-1,919,928,918,-1,918,928,929,-1,
  918,929,917,-1,922,923,925,-1,922,925,926,-1,922,926,921,-1,1060,1061,1068,-1,1068,1061,1062,-1,1068,1062,1067,-1,1067,1062,1063,-1,
  1067,1063,1066,-1,1066,1063,1064,-1,1066,1064,1065,-1,1079,1069,1078,-1,1078,1069,1070,-1,1078,1070,1077,-1,1077,1070,1071,-1,1077,1071,1076,-1,
  1076,1071,1072,-1,1076,1072,1075,-1,1075,1072,1073,-1,1075,1073,1074,-1,1089,1090,1082,-1,1082,1090,1091,-1,1082,1091,1081,-1,1081,1091,1080,-1,
  1085,1087,1084,-1,1084,1087,1088,-1,1084,1088,1083,-1,1083,1088,1089,-1,1083,1089,1082,-1,1096,1097,1095,-1,1095,1097,1098,-1,1095,1098,1094,-1,
  1094,1098,1099,-1,1094,1099,1093,-1,1093,1099,1100,-1,1093,1100,1092,-1,1106,1107,1105,-1,1105,1107,1108,-1,1105,1108,1104,-1,1104,1108,1109,-1,
  1104,1109,1103,-1,1103,1109,1110,-1,1103,1110,1102,-1,1102,1110,1101,-1,1114,1120,1113,-1,1113,1120,1121,-1,1113,1121,1112,-1,1112,1121,1122,-1,
  1112,1122,1111,-1,1117,1118,1116,-1,1116,1118,1119,-1,1116,1119,1115,-1,1115,1119,1120,-1,1115,1120,1114,-1,1123,1124,1131,-1,1131,1124,1125,-1,
  1131,1125,1130,-1,1130,1125,1126,-1,1130,1126,1129,-1,1129,1126,1127,-1,1129,1127,1128,-1,1136,1139,1135,-1,1135,1139,1140,-1,1135,1140,1134,-1,
  1134,1140,1141,-1,1134,1141,1133,-1,1133,1141,1142,-1,1133,1142,1132,-1,1137,1138,1139,-1,1137,1139,1136,-1,1147,1148,1146,-1,1146,1148,1149,-1,
  1146,1149,1145,-1,1145,1149,1150,-1,1145,1150,1144,-1,1144,1150,1151,-1,1144,1151,1143,-1,1157,1158,1156,-1,1156,1158,1159,-1,1156,1159,1155,-1,
  1155,1159,1160,-1,1155,1160,1154,-1,1154,1160,1161,-1,1154,1161,1153,-1,1153,1161,1152,-1,1166,1167,1165,-1,1165,1167,1168,-1,1165,1168,1164,-1,
  1164,1168,1169,-1,1164,1169,1163,-1,1163,1169,1170,-1,1163,1170,1162,-1,1171,1172,1179,-1,1179,1172,1173,-1,1179,1173,1178,-1,1178,1173,1174,-1,
  1178,1174,1177,-1,1177,1174,1175,-1,1177,1175,1176,-1,1184,1185,1183,-1,1183,1185,1186,-1,1183,1186,1182,-1,1182,1186,1187,-1,1182,1187,1181,-1,
  1181,1187,1188,-1,1181,1188,1180,-1,1190,1191,1196,-1,1190,1196,1197,-1,1190,1197,1189,-1,1192,1193,1195,-1,1192,1195,1196,-1,1192,1196,1191,-1,
  1204,1205,1203,-1,1203,1205,1206,-1,1203,1206,1202,-1,1202,1206,1207,-1,1202,1207,1201,-1,1201,1207,1208,-1,1201,1208,1200,-1,1200,1208,1209,-1,
  1200,1209,1199,-1,1199,1209,1210,-1,1199,1210,1198,-1,1211,1212,1219,-1,1219,1212,1213,-1,1219,1213,1218,-1,1218,1213,1214,-1,1218,1214,1215,-1,
  1215,1216,1217,-1,1215,1217,1218,-1,1223,1227,1222,-1,1222,1227,1228,-1,1222,1228,1221,-1,1221,1228,1229,-1,1221,1229,1220,-1,1224,1225,1226,-1,
  1224,1226,1227,-1,1224,1227,1223,-1,1237,1238,1232,-1,1232,1238,1239,-1,1232,1239,1231,-1,1231,1239,1230,-1,1233,1234,1236,-1,1233,1236,1237,-1,
  1233,1237,1232,-1,1241,1242,1247,-1,1241,1247,1248,-1,1241,1248,1240,-1,1243,1244,1246,-1,1243,1246,1247,-1,1243,1247,1242,-1,1253,1254,1252,-1,
  1252,1254,1255,-1,1252,1255,1251,-1,1251,1255,1256,-1,1251,1256,1250,-1,1250,1256,1257,-1,1250,1257,1249,-1,1259,1260,1269,-1,1259,1269,1270,-1,
  1259,1270,1271,-1,1259,1271,1258,-1,1266,1267,1261,-1,1261,1267,1268,-1,1261,1268,1260,-1,1260,1268,1269,-1,1264,1265,1263,-1,1263,1265,1266,-1,
  1263,1266,1262,-1,1262,1266,1261,-1,1280,1272,1279,-1,1279,1272,1273,-1,1279,1273,1278,-1,1278,1273,1274,-1,1278,1274,1277,-1,1277,1274,1275,-1,
  1277,1275,1276,-1,1281,1282,1289,-1,1289,1282,1283,-1,1289,1283,1288,-1,1288,1283,1284,-1,1288,1284,1287,-1,1287,1284,1285,-1,1287,1285,1286,-1,
  1294,1295,1293,-1,1293,1295,1296,-1,1293,1296,1292,-1,1292,1296,1297,-1,1292,1297,1291,-1,1291,1297,1298,-1,1291,1298,1290,-1,1300,1301,1305,-1,
  1300,1305,1306,-1,1300,1306,1307,-1,1300,1307,1299,-1,1304,1305,1301,-1,1304,1301,1302,-1,1304,1302,1303,-1,1312,1313,1311,-1,1311,1313,1314,-1,
  1311,1314,1310,-1,1310,1314,1315,-1,1310,1315,1309,-1,1309,1315,1316,-1,1309,1316,1308,-1,1318,1319,1323,-1,1318,1323,1324,-1,1318,1324,1325,-1,
  1318,1325,1317,-1,1322,1323,1319,-1,1322,1319,1320,-1,1322,1320,1321,-1,1326,1327,1334,-1,1334,1327,1328,-1,1334,1328,1333,-1,1333,1328,1329,-1,
  1333,1329,1332,-1,1332,1329,1330,-1,1332,1330,1331,-1,1336,1337,1341,-1,1336,1341,1342,-1,1336,1342,1343,-1,1336,1343,1335,-1,1340,1341,1337,-1,
  1340,1337,1338,-1,1340,1338,1339,-1,676,685,675,-1,675,685,686,-1,675,686,674,-1,674,686,672,-1,674,672,673,-1,740,741,739,-1,
  739,741,742,-1,739,742,738,-1,738,742,743,-1,738,743,744,-1,738,744,737,-1,737,744,745,-1,737,745,736,-1,736,745,746,-1,
  736,746,747,-1,748,749,735,-1,748,735,736,-1,748,736,747,-1,735,749,750,-1,735,750,751,-1,735,751,752,-1,735,752,753,-1,
  735,753,754,-1,735,754,734,-1,773,732,756,-1,756,732,733,-1,756,733,755,-1,755,733,734,-1,755,734,754,-1,769,770,757,-1,
  757,770,771,-1,757,771,756,-1,756,771,772,-1,756,772,773,-1,757,758,767,-1,757,767,768,-1,757,768,769,-1,764,765,760,-1,
  760,765,766,-1,760,766,759,-1,759,766,767,-1,759,767,758,-1,761,762,763,-1,761,763,764,-1,761,764,760,-1,732,773,774,-1,
  732,774,775,-1,732,775,776,-1,732,776,731,-1,727,728,780,-1,780,728,729,-1,780,729,779,-1,779,729,730,-1,779,730,778,-1,
  778,730,731,-1,778,731,777,-1,777,731,776,-1,781,782,724,-1,781,724,725,-1,781,725,726,-1,781,726,727,-1,781,727,780,-1,
  783,784,722,-1,783,722,723,-1,783,723,724,-1,783,724,782,-1,718,719,785,-1,785,719,720,-1,785,720,784,-1,784,720,721,-1,
  784,721,722,-1,714,715,693,-1,693,715,716,-1,693,716,663,-1,663,716,717,-1,663,717,785,-1,785,717,718,-1,661,662,787,-1,
  787,662,663,-1,787,663,786,-1,786,663,785,-1,654,655,793,-1,793,655,656,-1,793,656,792,-1,792,656,657,-1,792,657,791,-1,
  791,657,658,-1,791,658,790,-1,790,658,659,-1,790,659,789,-1,789,659,660,-1,789,660,788,-1,788,660,661,-1,788,661,787,-1,
  793,794,654,-1,654,794,795,-1,654,795,653,-1,653,795,796,-1,653,796,652,-1,652,796,797,-1,652,797,651,-1,651,797,798,-1,
  651,798,799,-1,647,648,801,-1,801,648,649,-1,801,649,800,-1,800,649,650,-1,800,650,799,-1,799,650,651,-1,643,644,802,-1,
  802,644,645,-1,802,645,801,-1,801,645,646,-1,801,646,647,-1,802,803,640,-1,802,640,641,-1,802,641,642,-1,802,642,643,-1,
  803,804,337,-1,803,337,338,-1,803,338,639,-1,803,639,640,-1,702,703,707,-1,707,703,704,-1,707,704,706,-1,706,704,705,-1,
  695,696,708,-1,708,696,700,-1,708,700,707,-1,707,700,701,-1,707,701,702,-1,697,698,699,-1,697,699,700,-1,697,700,696,-1,
  709,710,694,-1,709,694,695,-1,709,695,708,-1,694,710,711,-1,694,711,712,-1,694,712,713,-1,694,713,693,-1,693,663,664,-1,
  693,664,665,-1,693,665,666,-1,693,666,692,-1,690,691,668,-1,668,691,692,-1,668,692,667,-1,667,692,666,-1,671,686,670,-1,
  670,686,687,-1,670,687,669,-1,669,687,688,-1,669,688,668,-1,668,688,689,-1,668,689,690,-1,685,676,677,-1,685,677,678,-1,
  685,678,679,-1,685,679,684,-1,680,681,682,-1,680,682,683,-1,680,683,684,-1,680,684,679,-1,341,342,632,-1,341,632,633,-1,
  341,633,634,-1,341,634,340,-1,635,636,339,-1,635,339,340,-1,635,340,634,-1,339,636,637,-1,339,637,638,-1,339,638,639,-1,
  339,639,338,-1,804,805,333,-1,804,333,334,-1,804,334,335,-1,804,335,336,-1,804,336,337,-1,806,807,332,-1,806,332,333,-1,
  806,333,805,-1,807,808,332,-1,332,808,819,-1,332,819,331,-1,331,819,820,-1,331,820,330,-1,330,820,821,-1,330,821,822,-1,
  330,822,329,-1,329,822,823,-1,329,823,328,-1,328,823,824,-1,328,824,825,-1,826,827,327,-1,826,327,328,-1,826,328,825,-1,
  324,325,844,-1,844,325,326,-1,844,326,829,-1,829,326,327,-1,829,327,828,-1,828,327,827,-1,540,541,545,-1,545,541,542,-1,
  545,542,544,-1,544,542,543,-1,546,547,538,-1,546,538,539,-1,546,539,540,-1,546,540,545,-1,538,547,537,-1,537,547,548,-1,
  537,548,536,-1,536,548,549,-1,536,549,550,-1,535,536,550,-1,535,550,551,-1,535,551,552,-1,535,552,553,-1,535,553,534,-1,
  554,555,532,-1,554,532,533,-1,554,533,534,-1,554,534,553,-1,531,532,555,-1,531,555,570,-1,531,570,571,-1,531,571,572,-1,
  531,572,530,-1,556,557,569,-1,556,569,570,-1,556,570,555,-1,558,559,566,-1,558,566,567,-1,558,567,568,-1,558,568,569,-1,
  558,569,557,-1,562,563,561,-1,561,563,564,-1,561,564,560,-1,560,564,565,-1,560,565,559,-1,559,565,566,-1,1356,419,1355,-1,
  1355,419,420,-1,1355,420,1354,-1,1354,420,513,-1,1354,513,1353,-1,1353,513,514,-1,1353,514,515,-1,515,516,1351,-1,515,1351,1352,-1,
  515,1352,1353,-1,1351,516,517,-1,1351,517,518,-1,1351,518,519,-1,1351,519,1350,-1,1350,519,1346,-1,1346,519,520,-1,1346,520,1345,-1,
  1345,520,521,-1,1345,521,1344,-1,1344,521,406,-1,1344,406,415,-1,415,406,407,-1,415,407,408,-1,522,523,405,-1,522,405,406,-1,
  522,406,521,-1,405,523,524,-1,405,524,525,-1,405,525,526,-1,405,526,527,-1,405,527,404,-1,401,402,529,-1,529,402,403,-1,
  529,403,528,-1,528,403,404,-1,528,404,527,-1,574,399,573,-1,573,399,400,-1,573,400,530,-1,530,400,401,-1,530,401,529,-1,
  494,495,508,-1,508,495,496,-1,508,496,507,-1,507,496,497,-1,507,497,506,-1,506,497,498,-1,506,498,505,-1,505,498,499,-1,
  505,499,504,-1,504,499,500,-1,504,500,503,-1,503,500,501,-1,503,501,502,-1,509,510,491,-1,509,491,492,-1,509,492,493,-1,
  509,493,494,-1,509,494,508,-1,487,488,422,-1,422,488,489,-1,422,489,421,-1,421,489,490,-1,421,490,510,-1,510,490,491,-1,
  513,420,512,-1,512,420,421,-1,512,421,511,-1,511,421,510,-1,1359,417,1358,-1,1358,417,418,-1,1358,418,1357,-1,1357,418,419,-1,
  1357,419,1356,-1,1360,1361,416,-1,1360,416,417,-1,1360,417,1359,-1,416,1361,1362,-1,416,1362,1363,-1,416,1363,1364,-1,416,1364,415,-1,
  1365,1344,415,-1,1365,415,1364,-1,409,410,414,-1,409,414,415,-1,409,415,408,-1,411,412,413,-1,411,413,414,-1,411,414,410,-1,
  469,470,447,-1,447,470,471,-1,447,471,432,-1,432,471,472,-1,432,472,431,-1,431,472,473,-1,431,473,474,-1,466,467,448,-1,
  448,467,468,-1,448,468,447,-1,447,468,469,-1,449,450,465,-1,449,465,466,-1,449,466,448,-1,463,464,452,-1,452,464,465,-1,
  452,465,451,-1,451,465,450,-1,458,459,457,-1,457,459,460,-1,457,460,456,-1,456,460,461,-1,456,461,455,-1,455,461,462,-1,
  455,462,454,-1,454,462,463,-1,454,463,453,-1,453,463,452,-1,432,433,445,-1,445,433,434,-1,445,434,444,-1,444,434,435,-1,
  444,435,443,-1,443,435,436,-1,443,436,442,-1,442,436,437,-1,442,437,441,-1,441,437,438,-1,441,438,440,-1,440,438,439,-1,
  446,447,432,-1,446,432,445,-1,431,474,475,-1,431,475,476,-1,431,476,477,-1,431,477,430,-1,477,478,430,-1,430,478,479,-1,
  430,479,429,-1,429,479,480,-1,429,480,428,-1,428,480,481,-1,428,481,427,-1,427,481,482,-1,427,482,426,-1,426,482,483,-1,
  426,483,425,-1,425,483,484,-1,425,484,424,-1,424,484,485,-1,424,485,486,-1,487,422,423,-1,487,423,424,-1,487,424,486,-1,
  1347,1348,1349,-1,1347,1349,1350,-1,1347,1350,1346,-1,575,576,388,-1,575,388,397,-1,575,397,398,-1,575,398,399,-1,575,399,574,-1,
  388,576,577,-1,388,577,578,-1,388,578,579,-1,388,579,580,-1,388,580,581,-1,388,581,387,-1,387,581,582,-1,387,582,583,-1,
  387,583,584,-1,387,584,585,-1,387,585,586,-1,387,586,587,-1,389,390,396,-1,389,396,397,-1,389,397,388,-1,393,394,392,-1,
  392,394,395,-1,392,395,391,-1,391,395,396,-1,391,396,390,-1,359,360,358,-1,358,360,361,-1,358,361,357,-1,357,361,356,-1,
  1372,1373,1369,-1,1369,1373,1374,-1,1369,1374,1368,-1,1368,1374,1366,-1,1368,1366,1367,-1,1370,1371,1372,-1,1370,1372,1369,-1,1386,1387,1378,-1,
  1378,1387,1388,-1,1378,1388,1377,-1,1377,1388,1389,-1,1377,1389,1376,-1,1376,1389,1375,-1,1382,1383,1381,-1,1381,1383,1384,-1,1381,1384,1380,-1,
  1380,1384,1385,-1,1380,1385,1379,-1,1379,1385,1386,-1,1379,1386,1378,-1,1390,1391,1398,-1,1398,1391,1392,-1,1398,1392,1397,-1,1397,1392,1393,-1,
  1397,1393,1396,-1,1396,1393,1394,-1,1396,1394,1395,-1,1405,1406,1404,-1,1404,1406,1407,-1,1404,1407,1403,-1,1403,1407,1408,-1,1403,1408,1402,-1,
  1402,1408,1409,-1,1402,1409,1401,-1,1401,1409,1410,-1,1401,1410,1400,-1,1400,1410,1411,-1,1400,1411,1399,-1,1446,1447,1436,-1,1436,1447,1448,-1,
  1436,1448,1435,-1,1435,1448,1449,-1,1435,1449,1434,-1,1434,1449,1450,-1,1434,1450,2224,-1,2224,1450,1451,-1,2224,1451,1452,-1,1444,1445,1438,-1,
  1438,1445,1446,-1,1438,1446,1437,-1,1437,1446,1436,-1,1439,1440,1441,-1,1439,1441,1442,-1,1439,1442,1443,-1,1439,1443,1444,-1,1439,1444,1438,-1,
  1934,1935,1933,-1,1933,1935,1936,-1,1933,1936,1944,-1,1944,1936,1937,-1,1944,1937,1938,-1,2242,2243,1412,-1,1412,2243,2193,-1,1412,2193,1482,-1,
  1482,2193,2194,-1,1482,2194,1481,-1,1481,2194,1480,-1,1413,1414,2241,-1,1413,2241,2242,-1,1413,2242,1412,-1,1415,1416,2239,-1,1415,2239,2240,-1,
  1415,2240,2241,-1,1415,2241,1414,-1,2232,2233,1421,-1,1421,2233,2234,-1,1421,2234,1420,-1,1420,2234,2235,-1,1420,2235,1419,-1,1419,2235,2236,-1,
  1419,2236,1418,-1,1418,2236,2237,-1,1418,2237,1417,-1,1417,2237,2238,-1,1417,2238,1416,-1,1416,2238,2239,-1,2225,2226,1427,-1,1427,2226,2227,-1,
  1427,2227,1426,-1,1426,2227,2228,-1,1426,2228,1425,-1,1425,2228,2229,-1,1425,2229,1424,-1,1424,2229,2230,-1,1424,2230,1423,-1,1423,2230,2231,-1,
  1423,2231,1422,-1,1422,2231,2232,-1,1422,2232,1421,-1,2225,1427,1428,-1,2225,1428,1429,-1,2225,1429,1430,-1,2225,1430,1431,-1,2225,1431,2224,-1,
  2224,1431,1432,-1,2224,1432,1433,-1,2224,1433,1434,-1,2224,1452,2223,-1,2223,1452,1453,-1,2223,1453,2222,-1,2222,1453,1454,-1,2222,1454,2221,-1,
  2221,1454,1455,-1,2221,1455,1456,-1,2216,2217,1458,-1,1458,2217,2218,-1,1458,2218,1457,-1,1457,2218,2219,-1,1457,2219,1456,-1,1456,2219,2220,-1,
  1456,2220,2221,-1,2213,2214,1460,-1,1460,2214,2215,-1,1460,2215,1459,-1,1459,2215,2216,-1,1459,2216,1458,-1,1461,1462,1469,-1,1461,1469,2211,-1,
  1461,2211,2212,-1,1461,2212,2213,-1,1461,2213,1460,-1,1465,1466,1464,-1,1464,1466,1467,-1,1464,1467,1463,-1,1463,1467,1468,-1,1463,1468,1462,-1,
  1462,1468,1469,-1,1929,1930,1946,-1,1929,1946,1947,-1,1929,1947,1948,-1,1929,1948,1949,-1,1929,1949,1950,-1,1946,1930,1945,-1,1945,1930,1931,-1,
  1945,1931,1944,-1,1944,1931,1932,-1,1944,1932,1933,-1,1941,1942,1940,-1,1940,1942,1943,-1,1940,1943,1939,-1,1939,1943,1944,-1,1939,1944,1938,-1,
  1689,1690,1698,-1,1698,1690,1691,-1,1698,1691,1697,-1,1697,1691,1692,-1,1697,1692,1696,-1,1696,1692,1693,-1,1696,1693,1695,-1,1695,1693,1694,-1,
  1687,1688,1700,-1,1700,1688,1689,-1,1700,1689,1699,-1,1699,1689,1698,-1,1687,1700,1686,-1,1686,1700,1701,-1,1686,1701,1685,-1,1685,1701,1702,-1,
  1685,1702,1703,-1,1684,1685,1703,-1,1684,1703,1704,-1,1684,1704,1705,-1,1684,1705,1706,-1,1684,1706,1683,-1,1707,1708,1667,-1,1707,1667,1682,-1,
  1707,1682,1683,-1,1707,1683,1706,-1,1914,1915,1920,-1,1920,1915,1916,-1,1920,1916,1919,-1,1919,1916,1917,-1,1919,1917,1918,-1,1909,1910,1908,-1,
  1908,1910,1911,-1,1908,1911,1921,-1,1921,1911,1912,-1,1921,1912,1920,-1,1920,1912,1913,-1,1920,1913,1914,-1,1908,1921,1907,-1,1907,1921,1922,-1,
  1907,1922,1906,-1,1906,1922,1923,-1,1906,1923,1905,-1,1905,1923,1924,-1,1905,1924,1925,-1,1903,1904,1927,-1,1927,1904,1905,-1,1927,1905,1926,-1,
  1926,1905,1925,-1,1928,1929,1899,-1,1928,1899,1900,-1,1928,1900,1901,-1,1928,1901,1902,-1,1928,1902,1903,-1,1928,1903,1927,-1,1767,1768,1791,-1,
  1767,1791,1792,-1,1767,1792,1807,-1,1767,1807,1808,-1,1767,1808,1809,-1,1767,1809,1635,-1,1767,1635,1766,-1,1762,1763,1639,-1,1639,1763,1764,-1,
  1639,1764,1638,-1,1638,1764,1765,-1,1638,1765,1637,-1,1637,1765,1766,-1,1637,1766,1636,-1,1636,1766,1635,-1,1639,1640,1759,-1,1639,1759,1760,-1,
  1639,1760,1761,-1,1639,1761,1762,-1,1758,1759,1640,-1,1758,1640,1641,-1,1758,1641,2244,-1,1758,2244,1757,-1,2248,2249,2247,-1,2247,2249,2250,-1,
  2247,2250,2246,-1,2246,2250,1756,-1,2246,1756,2245,-1,2245,1756,1757,-1,2245,1757,2244,-1,2250,2251,1752,-1,2250,1752,1753,-1,2250,1753,1754,-1,
  2250,1754,1755,-1,2250,1755,1756,-1,2252,2253,1750,-1,2252,1750,1751,-1,2252,1751,1752,-1,2252,1752,2251,-1,2254,2255,1654,-1,2254,1654,1655,-1,
  2254,1655,1749,-1,2254,1749,1750,-1,2254,1750,2253,-1,1798,1799,1797,-1,1797,1799,1800,-1,1797,1800,1796,-1,1796,1800,1801,-1,1796,1801,1795,-1,
  1795,1801,1802,-1,1795,1802,1803,-1,1804,1805,1793,-1,1804,1793,1794,-1,1804,1794,1795,-1,1804,1795,1803,-1,1792,1793,1805,-1,1792,1805,1806,-1,
  1792,1806,1807,-1,1788,1789,1770,-1,1770,1789,1790,-1,1770,1790,1769,-1,1769,1790,1791,-1,1769,1791,1768,-1,1785,1786,1771,-1,1771,1786,1787,-1,
  1771,1787,1770,-1,1770,1787,1788,-1,1774,1783,1773,-1,1773,1783,1784,-1,1773,1784,1772,-1,1772,1784,1785,-1,1772,1785,1771,-1,1775,1776,1782,-1,
  1775,1782,1783,-1,1775,1783,1774,-1,1777,1778,1781,-1,1777,1781,1782,-1,1777,1782,1776,-1,1779,1780,1781,-1,1779,1781,1778,-1,1625,1626,1630,-1,
  1630,1626,1627,-1,1630,1627,1629,-1,1629,1627,1628,-1,1810,1811,1633,-1,1633,1811,1812,-1,1633,1812,1632,-1,1632,1812,1624,-1,1632,1624,1631,-1,
  1631,1624,1625,-1,1631,1625,1630,-1,1596,1597,1592,-1,1596,1592,1593,-1,1596,1593,1594,-1,1596,1594,1595,-1,2076,2077,2066,-1,2066,2077,2078,-1,
  2066,2078,2065,-1,2065,2078,2079,-1,2065,2079,1535,-1,1535,2079,2080,-1,1535,2080,1534,-1,1534,2080,2088,-1,1534,2088,2089,-1,2071,2072,2070,-1,
  2070,2072,2073,-1,2070,2073,2069,-1,2069,2073,2074,-1,2069,2074,2068,-1,2068,2074,2075,-1,2068,2075,2067,-1,2067,2075,2076,-1,2067,2076,2066,-1,
  1562,1563,2063,-1,1562,2063,2064,-1,1562,2064,2065,-1,1562,2065,1535,-1,1562,1535,1561,-1,1563,1564,2060,-1,1563,2060,2061,-1,1563,2061,2062,-1,
  1563,2062,2063,-1,2059,2060,1564,-1,2059,1564,1565,-1,2059,1565,2058,-1,2041,2042,1568,-1,1568,2042,2043,-1,1568,2043,1567,-1,1567,2043,2044,-1,
  2041,1568,1569,-1,2041,1569,1570,-1,2041,1570,1571,-1,2041,1571,1572,-1,2041,1572,2040,-1,1573,1574,2040,-1,1573,2040,1572,-1,1574,1575,1872,-1,
  1574,1872,1873,-1,1574,1873,1874,-1,1574,1874,1875,-1,1869,1870,1576,-1,1576,1870,1871,-1,1576,1871,1575,-1,1575,1871,1872,-1,1577,1578,1868,-1,
  1577,1868,1869,-1,1577,1869,1576,-1,1578,1579,1868,-1,1868,1579,1580,-1,1868,1580,1867,-1,1867,1580,1598,-1,1867,1598,1599,-1,1540,1541,1555,-1,
  1555,1541,1542,-1,1555,1542,1554,-1,1554,1542,1543,-1,1554,1543,1553,-1,1553,1543,1544,-1,1553,1544,1552,-1,1552,1544,1545,-1,1552,1545,1551,-1,
  1551,1545,1546,-1,1551,1546,1550,-1,1550,1546,1547,-1,1550,1547,1549,-1,1549,1547,1548,-1,1536,1537,1558,-1,1558,1537,1538,-1,1558,1538,1557,-1,
  1557,1538,1539,-1,1557,1539,1556,-1,1556,1539,1540,-1,1556,1540,1555,-1,1559,1560,1535,-1,1559,1535,1536,-1,1559,1536,1558,-1,2088,2080,2087,-1,
  2087,2080,2081,-1,2087,2081,2086,-1,2086,2081,2082,-1,2086,2082,2085,-1,2085,2082,2083,-1,2085,2083,2084,-1,2089,2090,1534,-1,1534,2090,2091,-1,
  1534,2091,1533,-1,1533,2091,2092,-1,1533,2092,2093,-1,1532,1533,2093,-1,1532,2093,2094,-1,1532,2094,2095,-1,1532,2095,1531,-1,1531,2095,2096,-1,
  1531,2096,2097,-1,1531,2097,2098,-1,1531,2098,2099,-1,1531,2099,2127,-1,1531,2127,2128,-1,1531,2128,1530,-1,874,875,880,-1,880,875,876,-1,
  880,876,879,-1,879,876,877,-1,879,877,878,-1,881,882,873,-1,881,873,874,-1,881,874,880,-1,873,882,883,-1,873,883,884,-1,
  873,884,885,-1,873,885,872,-1,886,887,871,-1,886,871,872,-1,886,872,885,-1,867,868,890,-1,890,868,869,-1,890,869,889,-1,
  889,869,870,-1,889,870,888,-1,888,870,871,-1,888,871,887,-1,890,891,864,-1,890,864,865,-1,890,865,866,-1,890,866,867,-1,
  891,892,295,-1,891,295,860,-1,891,860,861,-1,891,861,862,-1,891,862,863,-1,891,863,864,-1,896,292,895,-1,895,292,293,-1,
  895,293,894,-1,894,293,294,-1,894,294,893,-1,893,294,295,-1,893,295,892,-1,280,281,289,-1,280,289,290,-1,280,290,291,-1,
  280,291,279,-1,285,286,284,-1,284,286,287,-1,284,287,283,-1,283,287,288,-1,283,288,282,-1,282,288,289,-1,282,289,281,-1,
  856,857,296,-1,296,857,858,-1,296,858,295,-1,295,858,859,-1,295,859,860,-1,297,298,852,-1,297,852,853,-1,297,853,854,-1,
  297,854,855,-1,297,855,856,-1,297,856,296,-1,809,810,817,-1,817,810,811,-1,817,811,816,-1,816,811,812,-1,816,812,815,-1,
  815,812,813,-1,815,813,814,-1,818,819,808,-1,818,808,809,-1,818,809,817,-1,851,845,850,-1,850,845,846,-1,850,846,849,-1,
  849,846,847,-1,849,847,848,-1,300,323,299,-1,299,323,324,-1,299,324,298,-1,298,324,844,-1,298,844,852,-1,852,844,845,-1,
  852,845,851,-1,841,842,830,-1,830,842,843,-1,830,843,829,-1,829,843,844,-1,304,320,303,-1,303,320,321,-1,303,321,302,-1,
  302,321,322,-1,302,322,301,-1,301,322,323,-1,301,323,300,-1,312,313,311,-1,311,313,314,-1,311,314,310,-1,310,314,315,-1,
  310,315,309,-1,309,315,316,-1,309,316,308,-1,308,316,317,-1,308,317,307,-1,307,317,318,-1,307,318,306,-1,306,318,319,-1,
  306,319,305,-1,305,319,320,-1,305,320,304,-1,835,836,834,-1,834,836,837,-1,834,837,833,-1,833,837,838,-1,833,838,832,-1,
  832,838,839,-1,832,839,831,-1,831,839,840,-1,831,840,841,-1,1517,1518,1524,-1,1524,1518,1519,-1,1524,1519,1523,-1,1523,1519,1520,-1,
  1523,1520,1522,-1,1522,1520,1521,-1,1524,1525,1517,-1,1517,1525,1526,-1,1517,1526,1516,-1,1516,1526,1527,-1,1516,1527,1515,-1,1515,1527,2134,-1,
  1515,2134,2135,-1,2128,2129,1530,-1,1530,2129,2130,-1,1530,2130,1529,-1,1529,2130,2131,-1,1529,2131,1528,-1,1528,2131,2132,-1,1528,2132,1527,-1,
  1527,2132,2133,-1,1527,2133,2134,-1,2127,2099,2100,-1,2127,2100,2101,-1,2127,2101,2102,-1,2127,2102,2103,-1,2127,2103,2104,-1,2127,2104,2126,-1,
  2123,2124,2106,-1,2106,2124,2125,-1,2106,2125,2105,-1,2105,2125,2126,-1,2105,2126,2104,-1,2120,2121,2108,-1,2108,2121,2122,-1,2108,2122,2107,-1,
  2107,2122,2123,-1,2107,2123,2106,-1,2110,2117,2109,-1,2109,2117,2118,-1,2109,2118,2108,-1,2108,2118,2119,-1,2108,2119,2120,-1,2113,2115,2112,-1,
  2112,2115,2116,-1,2112,2116,2111,-1,2111,2116,2117,-1,2111,2117,2110,-1,2136,2137,1514,-1,2136,1514,1515,-1,2136,1515,2135,-1,2138,2139,1513,-1,
  2138,1513,1514,-1,2138,1514,2137,-1,2140,2141,1512,-1,2140,1512,1513,-1,2140,1513,2139,-1,2142,2143,1511,-1,2142,1511,1512,-1,2142,1512,2141,-1,
  2143,2144,1511,-1,1511,2144,2145,-1,1511,2145,1510,-1,1510,2145,2146,-1,1510,2146,1509,-1,1509,2146,2147,-1,1509,2147,1508,-1,1508,2147,2148,-1,
  1508,2148,2149,-1,2150,2166,1507,-1,2150,1507,1508,-1,2150,1508,2149,-1,1507,2166,2167,-1,1507,2167,2168,-1,1507,2168,2169,-1,1507,2169,1506,-1,
  1504,1505,2171,-1,2171,1505,1506,-1,2171,1506,2170,-1,2170,1506,2169,-1,2172,2173,1501,-1,2172,1501,1502,-1,2172,1502,1503,-1,2172,1503,1504,-1,
  2172,1504,2171,-1,1501,2173,1500,-1,1500,2173,2174,-1,1500,2174,1499,-1,1499,2174,2175,-1,1499,2175,1498,-1,1498,2175,2176,-1,1498,2176,1497,-1,
  1497,2176,2177,-1,1497,2177,2178,-1,1496,1497,2178,-1,1496,2178,2179,-1,1496,2179,2180,-1,1496,2180,1495,-1,2180,2181,1495,-1,1495,2181,2182,-1,
  1495,2182,1494,-1,1494,2182,2183,-1,1494,2183,2184,-1,1490,1491,2186,-1,2186,1491,1492,-1,2186,1492,2185,-1,2185,1492,1493,-1,2185,1493,2184,-1,
  2184,1493,1494,-1,1486,1487,2189,-1,2189,1487,1488,-1,2189,1488,2188,-1,2188,1488,1489,-1,2188,1489,2187,-1,2187,1489,1490,-1,2187,1490,2186,-1,
  2190,2191,1483,-1,2190,1483,1484,-1,2190,1484,1485,-1,2190,1485,1486,-1,2190,1486,2189,-1,1482,1483,2191,-1,1482,2191,2192,-1,1482,2192,1412,-1,
  1480,2194,2195,-1,1480,2195,2196,-1,1480,2196,2197,-1,1480,2197,1479,-1,2197,2198,1479,-1,1479,2198,2199,-1,1479,2199,1478,-1,1478,2199,2200,-1,
  1478,2200,2201,-1,1477,1478,2201,-1,1477,2201,2202,-1,1477,2202,2203,-1,1477,2203,1476,-1,1473,1474,2205,-1,2205,1474,1475,-1,2205,1475,2204,-1,
  2204,1475,1476,-1,2204,1476,2203,-1,2209,1470,2208,-1,2208,1470,1471,-1,2208,1471,2207,-1,2207,1471,1472,-1,2207,1472,2206,-1,2206,1472,1473,-1,
  2206,1473,2205,-1,1470,2209,2210,-1,1470,2210,2211,-1,1470,2211,1469,-1,1591,1583,1590,-1,1590,1583,1584,-1,1590,1584,1589,-1,1589,1584,1585,-1,
  1589,1585,1588,-1,1588,1585,1586,-1,1588,1586,1587,-1,1592,1597,1582,-1,1592,1582,1583,-1,1592,1583,1591,-1,1598,1580,1581,-1,1598,1581,1582,-1,
  1598,1582,1597,-1,1854,1864,1853,-1,1853,1864,1865,-1,1853,1865,1601,-1,1601,1865,1866,-1,1601,1866,1600,-1,1600,1866,1867,-1,1600,1867,1599,-1,
  1603,1850,1602,-1,1602,1850,1851,-1,1602,1851,1601,-1,1601,1851,1852,-1,1601,1852,1853,-1,1604,1605,1831,-1,1604,1831,1848,-1,1604,1848,1849,-1,
  1604,1849,1850,-1,1604,1850,1603,-1,1622,1623,1818,-1,1622,1818,1819,-1,1622,1819,1820,-1,1622,1820,1821,-1,1622,1821,1822,-1,1622,1822,1823,-1,
  1622,1823,1824,-1,1622,1824,1825,-1,1622,1825,1611,-1,1622,1611,1621,-1,1623,1624,1812,-1,1623,1812,1813,-1,1623,1813,1814,-1,1623,1814,1815,-1,
  1623,1815,1816,-1,1623,1816,1817,-1,1623,1817,1818,-1,1634,1635,1809,-1,1634,1809,1810,-1,1634,1810,1633,-1,1614,1615,1616,-1,1614,1616,1617,-1,
  1614,1617,1618,-1,1614,1618,1613,-1,1619,1620,1612,-1,1619,1612,1613,-1,1619,1613,1618,-1,1621,1611,1612,-1,1621,1612,1620,-1,1611,1825,1826,-1,
  1611,1826,1827,-1,1611,1827,1828,-1,1611,1828,1610,-1,1608,1609,1830,-1,1830,1609,1610,-1,1830,1610,1829,-1,1829,1610,1828,-1,1605,1606,1831,-1,
  1831,1606,1607,-1,1831,1607,1830,-1,1830,1607,1608,-1,1831,1832,1843,-1,1831,1843,1844,-1,1831,1844,1845,-1,1831,1845,1846,-1,1831,1846,1847,-1,
  1831,1847,1848,-1,1840,1841,1833,-1,1833,1841,1842,-1,1833,1842,1832,-1,1832,1842,1843,-1,1836,1838,1835,-1,1835,1838,1839,-1,1835,1839,1834,-1,
  1834,1839,1840,-1,1834,1840,1833,-1,1859,1860,1858,-1,1858,1860,1861,-1,1858,1861,1857,-1,1857,1861,1862,-1,1857,1862,1856,-1,1856,1862,1863,-1,
  1856,1863,1855,-1,1855,1863,1864,-1,1855,1864,1854,-1,1656,1657,1724,-1,1656,1724,1725,-1,1656,1725,1726,-1,1656,1726,1747,-1,1656,1747,1655,-1,
  1658,1659,1721,-1,1658,1721,1722,-1,1658,1722,1723,-1,1658,1723,1724,-1,1658,1724,1657,-1,1721,1659,1720,-1,1720,1659,1660,-1,1720,1660,1719,-1,
  1719,1660,1661,-1,1719,1661,1718,-1,1718,1661,1662,-1,1718,1662,1717,-1,1717,1662,1663,-1,1717,1663,1664,-1,1714,1715,1665,-1,1665,1715,1716,-1,
  1665,1716,1664,-1,1664,1716,1717,-1,1666,1667,1709,-1,1666,1709,1710,-1,1666,1710,1711,-1,1666,1711,1712,-1,1666,1712,1713,-1,1666,1713,1714,-1,
  1666,1714,1665,-1,1676,1677,1673,-1,1673,1677,1678,-1,1673,1678,1672,-1,1672,1678,1679,-1,1672,1679,1671,-1,1671,1679,1680,-1,1671,1680,1670,-1,
  1670,1680,1681,-1,1670,1681,1669,-1,1669,1681,1682,-1,1669,1682,1668,-1,1668,1682,1667,-1,1674,1675,1676,-1,1674,1676,1673,-1,1643,1644,1649,-1,
  1649,1644,1645,-1,1649,1645,1648,-1,1648,1645,1646,-1,1648,1646,1647,-1,2264,2265,1650,-1,1650,2265,1641,-1,1650,1641,1649,-1,1649,1641,1642,-1,
  1649,1642,1643,-1,1650,1651,2261,-1,1650,2261,2262,-1,1650,2262,2263,-1,1650,2263,2264,-1,2256,2257,1653,-1,1653,2257,2258,-1,1653,2258,1652,-1,
  1652,2258,2259,-1,1652,2259,1651,-1,1651,2259,2260,-1,1651,2260,2261,-1,1654,2255,2256,-1,1654,2256,1653,-1,1655,1747,1748,-1,1655,1748,1749,-1,
  1746,1747,1726,-1,1746,1726,1727,-1,1746,1727,1728,-1,1746,1728,1729,-1,1746,1729,1745,-1,1729,1730,1745,-1,1745,1730,1731,-1,1745,1731,1744,-1,
  1744,1731,1732,-1,1744,1732,1743,-1,1743,1732,1733,-1,1743,1733,1742,-1,1742,1733,1734,-1,1742,1734,1741,-1,1741,1734,1735,-1,1741,1735,1740,-1,
  1740,1735,1736,-1,1740,1736,1739,-1,1739,1736,1737,-1,1739,1737,1738,-1,1997,1998,1999,-1,1997,1999,2000,-1,1997,2000,2001,-1,1997,2001,1996,-1,
  2002,2003,1994,-1,2002,1994,1995,-1,2002,1995,1996,-1,2002,1996,2001,-1,1994,2003,2004,-1,1994,2004,2005,-1,1994,2005,2006,-1,1994,2006,1993,-1,
  2007,2008,1993,-1,2007,1993,2006,-1,1989,1990,1970,-1,1970,1990,1991,-1,1970,1991,1969,-1,1969,1991,1992,-1,1970,1971,1985,-1,1970,1985,1986,-1,
  1970,1986,1987,-1,1970,1987,1988,-1,1970,1988,1989,-1,1971,1972,1982,-1,1971,1982,1983,-1,1971,1983,1984,-1,1971,1984,1985,-1,1979,1980,1973,-1,
  1973,1980,1981,-1,1973,1981,1972,-1,1972,1981,1982,-1,1976,1977,1975,-1,1975,1977,1978,-1,1975,1978,1974,-1,1974,1978,1979,-1,1974,1979,1973,-1,
  1641,2265,2244,-1,1667,1708,1709,-1,1838,1836,1837,-1,2115,2113,2114,-1,841,830,831,-1,897,292,896,-1,1561,1535,1560,-1,530,572,573,-1,
  672,686,671,-1,714,693,713,-1,1246,1244,1245,-1,1236,1234,1235,-1,1195,1193,1194,-1,1087,1085,1086,-1,925,923,924,-1,166,164,165,-1,
  156,154,155,-1,118,116,117,-1,88,86,87,-1,70,68,69,-1,52,50,51,-1,42,40,41,-1]
  normalPerVertex TRUE
  normal DEF NORM_9 Normal { vector [
  0 0 1,0 0 1,
  0 0 1,0 0 1,
  0 0 1,0 0 1,
  0 0 1,0 0 1,
  0 0 1,0 0 1,
  0 0 1,0 0 1,
  0 0 1,0 0 1,
  0 0 1,0 0 1,
  0 0 1,0 0 1,
  0 0 1,0 0 1,
  0 0 1,0 0 1,
  0 0 1,0 0 1,
  0 0 1,0 0 1,
  0 0 1,0 0 1,
  0 0 1,0 0 1,
  0 0 1,0 0 1,
  0 0 1,0 0 1,
  0 0 1,0 0 1,
  0 0 1,0 0 1,
  0 0 1,0 0 1,
  0 0 1,0 0 1,
  0 0 1,0 0 1,
  0 0 1,0 0 1,
  0 0 1,0 0 1,
  0 0 1,0 0 1,
  0 0 1,0 0 1,
  0 0 1,0 0 1,
  0 0 1,0 0 1,
  0 0 1,0 0 1,
  0 0 1,0 0 1,
  0 0 1,0 0 1,
  0 0 1,0 0 1,
  0 0 1,0 0 1,
  0 0 1,0 0 1,
  0 0 1,0 0 1,
  0 0 1,0 0 1,
  0 0 1,0 0 1,
  0 0 1,0 0 1,
  0 0 1,0 0 1,
  0 0 1,0 0 1,
  0 0 1,0 0 1,
  0 0 1,0 0 1,
  0 0 1,0 0 1,
  0 0 1,0 0 1,
  0 0 1,0 0 1,
  0 0 1,0 0 1,
  0 0 1,0 0 1,
  0 0 1,0 0 1,
  0 0 1,0 0 1,
  0 0 1,0 0 1,
  0 0 1,0 0 1,
  0 0 1,0 0 1,
  0 0 1,0 0 1,
  0 0 1,0 0 1,
  0 0 1,0 0 1,
  0 0 1,0 0 1,
  0 0 1,0 0 1,
  0 0 1,0 0 1,
  0 0 1,0 0 1,
  0 0 1,0 0 1,
  0 0 1,0 0 1,
  0 0 1,0 0 1,
  0 0 1,0 0 1,
  0 0 1,0 0 1,
  0 0 1,0 0 1,
  0 0 1,0 0 1,
  0 0 1,0 0 1,
  0 0 1,0 0 1,
  0 0 1,0 0 1,
  0 0 1,0 0 1,
  0 0 1,0 0 1,
  0 0 1,0 0 1,
  0 0 1,0 0 1,
  0 0 1,0 0 1,
  0 0 1,0 0 1,
  0 0 1,0 0 1,
  0 0 1,0 0 1,
  0 0 1,0 0 1,
  0 0 1,0 0 1,
  0 0 1,0 0 1,
  0 0 1,0 0 1,
  0 0 1,0 0 1,
  0 0 1,0 0 1,
  0 0 1,0 0 1,
  0 0 1,0 0 1,
  0 0 1,0 0 1,
  0 0 1,0 0 1,
  0 0 1,0 0 1,
  0 0 1,0 0 1,
  0 0 1,0 0 1,
  0 0 1,0 0 1,
  0 0 1,0 0 1,
  0 0 1,0 0 1,
  0 0 1,0 0 1,
  0 0 1,0 0 1,
  0 0 1,0 0 1,
  0 0 1,0 0 1,
  0 0 1,0 0 1,
  0 0 1,0 0 1,
  0 0 1,0 0 1,
  0 0 1,0 0 1,
  0 0 1,0 0 1,
  0 0 1,0 0 1,
  0 0 1,0 0 1,
  0 0 1,0 0 1,
  0 0 1,0 0 1,
  0 0 1,0 0 1,
  0 0 1,0 0 1,
  0 0 1,0 0 1,
  0 0 1,0 0 1,
  0 0 1,0 0 1,
  0 0 1,0 0 1,
  0 0 1,0 0 1,
  0 0 1,0 0 1,
  0 0 1,0 0 1,
  0 0 1,0 0 1,
  0 0 1,0 0 1,
  0 0 1,0 0 1,
  0 0 1,0 0 1,
  0 0 1,0 0 1,
  0 0 1,0 0 1,
  0 0 1,0 0 1,
  0 0 1,0 0 1,
  0 0 1,0 0 1,
  0 0 1,0 0 1,
  0 0 1,0 0 1,
  0 0 1,0 0 1,
  0 0 1,0 0 1,
  0 0 1,0 0 1,
  0 0 1,0 0 1,
  0 0 1,0 0 1,
  0 0 1,0 0 1,
  0 0 1,0 0 1,
  0 0 1,0 0 1,
  0 0 1,0 0 1,
  0 0 1,0 0 1,
  0 0 1,0 0 1,
  0 0 1,0 0 1,
  0 0 1,0 0 1,
  0 0 1,0 0 1,
  0 0 1,0 0 1,
  0 0 1,0 0 1,
  0 0 1,0 0 1,
  0 0 1,0 0 1,
  0 0 1,0 0 1,
  0 0 1,0 0 1,
  0 0 1,0 0 1,
  0 0 1,0 0 1,
  0 0 1,0 0 1,
  0 0 1,0 0 1,
  0 0 1,0 0 1,
  0 0 1,0 0 1,
  0 0 1,0 0 1,
  0 0 1,0 0 1,
  0 0 1,0 0 1,
  0 0 1,0 0 1,
  0 0 1,0 0 1,
  0 0 1,0 0 1,
  0 0 1,0 0 1,
  0 0 1,0 0 1,
  0 0 1,0 0 1,
  0 0 1,0 0 1,
  0 0 1,0 0 1,
  0 0 1,0 0 1,
  0 0 1,0 0 1,
  0 0 1,0 0 1,
  0 0 1,0 0 1,
  0 0 1,0 0 1,
  0 0 1,0 0 1,
  0 0 1,0 0 1,
  0 0 1,0 0 1,
  0 0 1,0 0 1,
  0 0 1,0 0 1,
  0 0 1,0 0 1,
  0 0 1,0 0 1,
  0 0 1,0 0 1,
  0 0 1,0 0 1,
  0 0 1,0 0 1,
  0 0 1,0 0 1,
  0 0 1,0 0 1,
  0 0 1,0 0 1,
  0 0 1,0 0 1,
  0 0 1,0 0 1,
  0 0 1,0 0 1,
  0 0 1,0 0 1,
  0 0 1,0 0 1,
  0 0 1,0 0 1,
  0 0 1,0 0 1,
  0 0 1,0 0 1,
  0 0 1,0 0 1,
  0 0 1,0 0 1,
  0 0 1,0 0 1,
  0 0 1,0 0 1,
  0 0 1,0 0 1,
  0 0 1,0 0 1,
  0 0 1,0 0 1,
  0 0 1,0 0 1,
  0 0 1,0 0 1,
  0 0 1,0 0 1,
  0 0 1,0 0 1,
  0 0 1,0 0 1,
  0 0 1,0 0 1,
  0 0 1,0 0 1,
  0 0 1,0 0 1,
  0 0 1,0 0 1,
  0 0 1,0 0 1,
  0 0 1,0 0 1,
  0 0 1,0 0 1,
  0 0 1,0 0 1,
  0 0 1,0 0 1,
  0 0 1,0 0 1,
  0 0 1,0 0 1,
  0 0 1,0 0 1,
  0 0 1,0 0 1,
  0 0 1,0 0 1,
  0 0 1,0 0 1,
  0 0 1,0 0 1,
  0 0 1,0 0 1,
  0 0 1,0 0 1,
  0 0 1,0 0 1,
  0 0 1,0 0 1,
  0 0 1,0 0 1,
  0 0 1,0 0 1,
  0 0 1,0 0 1,
  0 0 1,0 0 1,
  0 0 1,0 0 1,
  0 0 1,0 0 1,
  0 0 1,0 0 1,
  0 0 1,0 0 1,
  0 0 1,0 0 1,
  0 0 1,0 0 1,
  0 0 1,0 0 1,
  0 0 1,0 0 1,
  0 0 1,0 0 1,
  0 0 1,0 0 1,
  0 0 1,0 0 1,
  0 0 1,0 0 1,
  0 0 1,0 0 1,
  0 0 1,0 0 1,
  0 0 1,0 0 1,
  0 0 1,0 0 1,
  0 0 1,0 0 1,
  0 0 1,0 0 1,
  0 0 1,0 0 1,
  0 0 1,0 0 1,
  0 0 1,0 0 1,
  0 0 1,0 0 1,
  0 0 1,0 0 1,
  0 0 1,0 0 1,
  0 0 1,0 0 1,
  0 0 1,0 0 1,
  0 0 1,0 0 1,
  0 0 1,0 0 1,
  0 0 1,0 0 1,
  0 0 1,0 0 1,
  0 0 1,0 0 1,
  0 0 1,0 0 1,
  0 0 1,0 0 1,
  0 0 1,0 0 1,
  0 0 1,0 0 1,
  0 0 1,0 0 1,
  0 0 1,0 0 1,
  0 0 1,0 0 1,
  0 0 1,0 0 1,
  0 0 1,0 0 1,
  0 0 1,0 0 1,
  0 0 1,0 0 1,
  0 0 1,0 0 1,
  0 0 1,0 0 1,
  0 0 1,0 0 1,
  0 0 1,0 0 1,
  0 0 1,0 0 1,
  0 0 1,0 0 1,
  0 0 1,0 0 1,
  0 0 1,0 0 1,
  0 0 1,0 0 1,
  0 0 1,0 0 1,
  0 0 1,0 0 1,
  0 0 1,0 0 1,
  0 0 1,0 0 1,
  0 0 1,0 0 1,
  0 0 1,0 0 1,
  0 0 1,0 0 1,
  0 0 1,0 0 1,
  0 0 1,0 0 1,
  0 0 1,0 0 1,
  0 0 1,0 0 1,
  0 0 1,0 0 1,
  0 0 1,0 0 1,
  0 0 1,0 0 1,
  0 0 1,0 0 1,
  0 0 1,0 0 1,
  0 0 1,0 0 1,
  0 0 1,0 0 1,
  0 0 1,0 0 1,
  0 0 1,0 0 1,
  0 0 1,0 0 1,
  0 0 1,0 0 1,
  0 0 1,0 0 1,
  0 0 1,0 0 1,
  0 0 1,0 0 1,
  0 0 1,0 0 1,
  0 0 1,0 0 1,
  0 0 1,0 0 1,
  0 0 1,0 0 1,
  0 0 1,0 0 1,
  0 0 1,0 0 1,
  0 0 1,0 0 1,
  0 0 1,0 0 1,
  0 0 1,0 0 1,
  0 0 1,0 0 1,
  0 0 1,0 0 1,
  0 0 1,0 0 1,
  0 0 1,0 0 1,
  0 0 1,0 0 1,
  0 0 1,0 0 1,
  0 0 1,0 0 1,
  0 0 1,0 0 1,
  0 0 1,0 0 1,
  0 0 1,0 0 1,
  0 0 1,0 0 1,
  0 0 1,0 0 1,
  0 0 1,0 0 1,
  0 0 1,0 0 1,
  0 0 1,0 0 1,
  0 0 1,0 0 1,
  0 0 1,0 0 1,
  0 0 1,0 0 1,
  0 0 1,0 0 1,
  0 0 1,0 0 1,
  0 0 1,0 0 1,
  0 0 1,0 0 1,
  0 0 1,0 0 1,
  0 0 1,0 0 1,
  0 0 1,0 0 1,
  0 0 1,0 0 1,
  0 0 1,0 0 1,
  0 0 1,0 0 1,
  0 0 1,0 0 1,
  0 0 1,0 0 1,
  0 0 1,0 0 1,
  0 0 1,0 0 1,
  0 0 1,0 0 1,
  0 0 1,0 0 1,
  0 0 1,0 0 1,
  0 0 1,0 0 1,
  0 0 1,0 0 1,
  0 0 1,0 0 1,
  0 0 1,0 0 1,
  0 0 1,0 0 1,
  0 0 1,0 0 1,
  0 0 1,0 0 1,
  0 0 1,0 0 1,
  0 0 1,0 0 1,
  0 0 1,0 0 1,
  0 0 1,0 0 1,
  0 0 1,0 0 1,
  0 0 1,0 0 1,
  0 0 1,0 0 1,
  0 0 1,0 0 1,
  0 0 1,0 0 1,
  0 0 1,0 0 1,
  0 0 1,0 0 1,
  0 0 1,0 0 1,
  0 0 1,0 0 1,
  0 0 1,0 0 1,
  0 0 1,0 0 1,
  0 0 1,0 0 1,
  0 0 1,0 0 1,
  0 0 1,0 0 1,
  0 0 1,0 0 1,
  0 0 1,0 0 1,
  0 0 1,0 0 1,
  0 0 1,0 0 1,
  0 0 1,0 0 1,
  0 0 1,0 0 1,
  0 0 1,0 0 1,
  0 0 1,0 0 1,
  0 0 1,0 0 1,
  0 0 1,0 0 1,
  0 0 1,0 0 1,
  0 0 1,0 0 1,
  0 0 1,0 0 1,
  0 0 1,0 0 1,
  0 0 1,0 0 1,
  0 0 1,0 0 1,
  0 0 1,0 0 1,
  0 0 1,0 0 1,
  0 0 1,0 0 1,
  0 0 1,0 0 1,
  0 0 1,0 0 1,
  0 0 1,0 0 1,
  0 0 1,0 0 1,
  0 0 1,0 0 1,
  0 0 1,0 0 1,
  0 0 1,0 0 1,
  0 0 1,0 0 1,
  0 0 1,0 0 1,
  0 0 1,0 0 1,
  0 0 1,0 0 1,
  0 0 1,0 0 1,
  0 0 1,0 0 1,
  0 0 1,0 0 1,
  0 0 1,0 0 1,
  0 0 1,0 0 1,
  0 0 1,0 0 1,
  0 0 1,0 0 1,
  0 0 1,0 0 1,
  0 0 1,0 0 1,
  0 0 1,0 0 1,
  0 0 1,0 0 1,
  0 0 1,0 0 1,
  0 0 1,0 0 1,
  0 0 1,0 0 1,
  0 0 1,0 0 1,
  0 0 1,0 0 1,
  0 0 1,0 0 1,
  0 0 1,0 0 1,
  0 0 1,0 0 1,
  0 0 1,0 0 1,
  0 0 1,0 0 1,
  0 0 1,0 0 1,
  0 0 1,0 0 1,
  0 0 1,0 0 1,
  0 0 1,0 0 1,
  0 0 1,0 0 1,
  0 0 1,0 0 1,
  0 0 1,0 0 1,
  0 0 1,0 0 1,
  0 0 1,0 0 1,
  0 0 1,0 0 1,
  0 0 1,0 0 1,
  0 0 1,0 0 1,
  0 0 1,0 0 1,
  0 0 1,0 0 1,
  0 0 1,0 0 1,
  0 0 1,0 0 1,
  0 0 1,0 0 1,
  0 0 1,0 0 1,
  0 0 1,0 0 1,
  0 0 1,0 0 1,
  0 0 1,0 0 1,
  0 0 1,0 0 1,
  0 0 1,0 0 1,
  0 0 1,0 0 1,
  0 0 1,0 0 1,
  0 0 1,0 0 1,
  0 0 1,0 0 1,
  0 0 1,0 0 1,
  0 0 1,0 0 1,
  0 0 1,0 0 1,
  0 0 1,0 0 1,
  0 0 1,0 0 1,
  0 0 1,0 0 1,
  0 0 1,0 0 1,
  0 0 1,0 0 1,
  0 0 1,0 0 1,
  0 0 1,0 0 1,
  0 0 1,0 0 1,
  0 0 1,0 0 1,
  0 0 1,0 0 1,
  0 0 1,0 0 1,
  0 0 1,0 0 1,
  0 0 1,0 0 1,
  0 0 1,0 0 1,
  0 0 1,0 0 1,
  0 0 1,0 0 1,
  0 0 1,0 0 1,
  0 0 1,0 0 1,
  0 0 1,0 0 1,
  0 0 1,0 0 1,
  0 0 1,0 0 1,
  0 0 1,0 0 1,
  0 0 1,0 0 1,
  0 0 1,0 0 1,
  0 0 1,0 0 1,
  0 0 1,0 0 1,
  0 0 1,0 0 1,
  0 0 1,0 0 1,
  0 0 1,0 0 1,
  0 0 1,0 0 1,
  0 0 1,0 0 1,
  0 0 1,0 0 1,
  0 0 1,0 0 1,
  0 0 1,0 0 1,
  0 0 1,0 0 1,
  0 0 1,0 0 1,
  0 0 1,0 0 1,
  0 0 1,0 0 1,
  0 0 1,0 0 1,
  0 0 1,0 0 1,
  0 0 1,0 0 1,
  0 0 1,0 0 1,
  0 0 1,0 0 1,
  0 0 1,0 0 1,
  0 0 1,0 0 1,
  0 0 1,0 0 1,
  0 0 1,0 0 1,
  0 0 1,0 0 1,
  0 0 1,0 0 1,
  0 0 1,0 0 1,
  0 0 1,0 0 1,
  0 0 1,0 0 1,
  0 0 1,0 0 1,
  0 0 1,0 0 1,
  0 0 1,0 0 1,
  0 0 1,0 0 1,
  0 0 1,0 0 1,
  0 0 1,0 0 1,
  0 0 1,0 0 1,
  0 0 1,0 0 1,
  0 0 1,0 0 1,
  0 0 1,0 0 1,
  0 0 1,0 0 1,
  0 0 1,0 0 1,
  0 0 1,0 0 1,
  0 0 1,0 0 1,
  0 0 1,0 0 1,
  0 0 1,0 0 1,
  0 0 1,0 0 1,
  0 0 1,0 0 1,
  0 0 1,0 0 1,
  0 0 1,0 0 1,
  0 0 1,0 0 1,
  0 0 1,0 0 1,
  0 0 1,0 0 1,
  0 0 1,0 0 1,
  0 0 1,0 0 1,
  0 0 1,0 0 1,
  0 0 1,0 0 1,
  0 0 1,0 0 1,
  0 0 1,0 0 1,
  0 0 1,0 0 1,
  0 0 1,0 0 1,
  0 0 1,0 0 1,
  0 0 1,0 0 1,
  0 0 1,0 0 1,
  0 0 1,0 0 1,
  0 0 1,0 0 1,
  0 0 1,0 0 1,
  0 0 1,0 0 1,
  0 0 1,0 0 1,
  0 0 1,0 0 1,
  0 0 1,0 0 1,
  0 0 1,0 0 1,
  0 0 1,0 0 1,
  0 0 1,0 0 1,
  0 0 1,0 0 1,
  0 0 1,0 0 1,
  0 0 1,0 0 1,
  0 0 1,0 0 1,
  0 0 1,0 0 1,
  0 0 1,0 0 1,
  0 0 1,0 0 1,
  0 0 1,0 0 1,
  0 0 1,0 0 1,
  0 0 1,0 0 1,
  0 0 1,0 0 1,
  0 0 1,0 0 1,
  0 0 1,0 0 1,
  0 0 1,0 0 1,
  0 0 1,0 0 1,
  0 0 1,0 0 1,
  0 0 1,0 0 1,
  0 0 1,0 0 1,
  0 0 1,0 0 1,
  0 0 1,0 0 1,
  0 0 1,0 0 1,
  0 0 1,0 0 1,
  0 0 1,0 0 1,
  0 0 1,0 0 1,
  0 0 1,0 0 1,
  0 0 1,0 0 1,
  0 0 1,0 0 1,
  0 0 1,0 0 1,
  0 0 1,0 0 1,
  0 0 1,0 0 1,
  0 0 1,0 0 1,
  0 0 1,0 0 1,
  0 0 1,0 0 1,
  0 0 1,0 0 1,
  0 0 1,0 0 1,
  0 0 1,0 0 1,
  0 0 1,0 0 1,
  0 0 1,0 0 1,
  0 0 1,0 0 1,
  0 0 1,0 0 1,
  0 0 1,0 0 1,
  0 0 1,0 0 1,
  0 0 1,0 0 1,
  0 0 1,0 0 1,
  0 0 1,0 0 1,
  0 0 1,0 0 1,
  0 0 1,0 0 1,
  0 0 1,0 0 1,
  0 0 1,0 0 1,
  0 0 1,0 0 1,
  0 0 1,0 0 1,
  0 0 1,0 0 1,
  0 0 1,0 0 1,
  0 0 1,0 0 1,
  0 0 1,0 0 1,
  0 0 1,0 0 1,
  0 0 1,0 0 1,
  0 0 1,0 0 1,
  0 0 1,0 0 1,
  0 0 1,0 0 1,
  0 0 1,0 0 1,
  0 0 1,0 0 1,
  0 0 1,0 0 1,
  0 0 1,0 0 1,
  0 0 1,0 0 1,
  0 0 1,0 0 1,
  0 0 1,0 0 1,
  0 0 1,0 0 1,
  0 0 1,0 0 1,
  0 0 1,0 0 1,
  0 0 1,0 0 1,
  0 0 1,0 0 1,
  0 0 1,0 0 1,
  0 0 1,0 0 1,
  0 0 1,0 0 1,
  0 0 1,0 0 1,
  0 0 1,0 0 1,
  0 0 1,0 0 1,
  0 0 1,0 0 1,
  0 0 1,0 0 1,
  0 0 1,0 0 1,
  0 0 1,0 0 1,
  0 0 1,0 0 1,
  0 0 1,0 0 1,
  0 0 1,0 0 1,
  0 0 1,0 0 1,
  0 0 1,0 0 1,
  0 0 1,0 0 1,
  0 0 1,0 0 1,
  0 0 1,0 0 1,
  0 0 1,0 0 1,
  0 0 1,0 0 1,
  0 0 1,0 0 1,
  0 0 1,0 0 1,
  0 0 1,0 0 1,
  0 0 1,0 0 1,
  0 0 1,0 0 1,
  0 0 1,0 0 1,
  0 0 1,0 0 1,
  0 0 1,0 0 1,
  0 0 1,0 0 1,
  0 0 1,0 0 1,
  0 0 1,0 0 1,
  0 0 1,0 0 1,
  0 0 1,0 0 1,
  0 0 1,0 0 1,
  0 0 1,0 0 1,
  0 0 1,0 0 1,
  0 0 1,0 0 1,
  0 0 1,0 0 1,
  0 0 1,0 0 1,
  0 0 1,0 0 1,
  0 0 1,0 0 1,
  0 0 1,0 0 1,
  0 0 1,0 0 1,
  0 0 1,0 0 1,
  0 0 1,0 0 1,
  0 0 1,0 0 1,
  0 0 1,0 0 1,
  0 0 1,0 0 1,
  0 0 1,0 0 1,
  0 0 1,0 0 1,
  0 0 1,0 0 1,
  0 0 1,0 0 1,
  0 0 1,0 0 1,
  0 0 1,0 0 1,
  0 0 1,0 0 1,
  0 0 1,0 0 1,
  0 0 1,0 0 1,
  0 0 1,0 0 1,
  0 0 1,0 0 1,
  0 0 1,0 0 1,
  0 0 1,0 0 1,
  0 0 1,0 0 1,
  0 0 1,0 0 1,
  0 0 1,0 0 1,
  0 0 1,0 0 1,
  0 0 1,0 0 1,
  0 0 1,0 0 1,
  0 0 1,0 0 1,
  0 0 1,0 0 1,
  0 0 1,0 0 1,
  0 0 1,0 0 1,
  0 0 1,0 0 1,
  0 0 1,0 0 1,
  0 0 1,0 0 1,
  0 0 1,0 0 1,
  0 0 1,0 0 1,
  0 0 1,0 0 1,
  0 0 1,0 0 1,
  0 0 1,0 0 1,
  0 0 1,0 0 1,
  0 0 1,0 0 1,
  0 0 1,0 0 1,
  0 0 1,0 0 1,
  0 0 1,0 0 1,
  0 0 1,0 0 1,
  0 0 1,0 0 1,
  0 0 1,0 0 1,
  0 0 1,0 0 1,
  0 0 1,0 0 1,
  0 0 1,0 0 1,
  0 0 1,0 0 1,
  0 0 1,0 0 1,
  0 0 1,0 0 1,
  0 0 1,0 0 1,
  0 0 1,0 0 1,
  0 0 1,0 0 1,
  0 0 1,0 0 1,
  0 0 1,0 0 1,
  0 0 1,0 0 1,
  0 0 1,0 0 1,
  0 0 1,0 0 1,
  0 0 1,0 0 1,
  0 0 1,0 0 1,
  0 0 1,0 0 1,
  0 0 1,0 0 1,
  0 0 1,0 0 1,
  0 0 1,0 0 1,
  0 0 1,0 0 1,
  0 0 1,0 0 1,
  0 0 1,0 0 1,
  0 0 1,0 0 1,
  0 0 1,0 0 1,
  0 0 1,0 0 1,
  0 0 1,0 0 1,
  0 0 1,0 0 1,
  0 0 1,0 0 1,
  0 0 1,0 0 1,
  0 0 1,0 0 1,
  0 0 1,0 0 1,
  0 0 1,0 0 1,
  0 0 1,0 0 1,
  0 0 1,0 0 1,
  0 0 1,0 0 1,
  0 0 1,0 0 1,
  0 0 1,0 0 1,
  0 0 1,0 0 1,
  0 0 1,0 0 1,
  0 0 1,0 0 1,
  0 0 1,0 0 1,
  0 0 1,0 0 1,
  0 0 1,0 0 1,
  0 0 1,0 0 1,
  0 0 1,0 0 1,
  0 0 1,0 0 1,
  0 0 1,0 0 1,
  0 0 1,0 0 1,
  0 0 1,0 0 1,
  0 0 1,0 0 1,
  0 0 1,0 0 1,
  0 0 1,0 0 1,
  0 0 1,0 0 1,
  0 0 1,0 0 1,
  0 0 1,0 0 1,
  0 0 1,0 0 1,
  0 0 1,0 0 1,
  0 0 1,0 0 1,
  0 0 1,0 0 1,
  0 0 1,0 0 1,
  0 0 1,0 0 1,
  0 0 1,0 0 1,
  0 0 1,0 0 1,
  0 0 1,0 0 1,
  0 0 1,0 0 1,
  0 0 1,0 0 1,
  0 0 1,0 0 1,
  0 0 1,0 0 1,
  0 0 1,0 0 1,
  0 0 1,0 0 1,
  0 0 1,0 0 1,
  0 0 1,0 0 1,
  0 0 1,0 0 1,
  0 0 1,0 0 1,
  0 0 1,0 0 1,
  0 0 1,0 0 1,
  0 0 1,0 0 1,
  0 0 1,0 0 1,
  0 0 1,0 0 1,
  0 0 1,0 0 1,
  0 0 1,0 0 1,
  0 0 1,0 0 1,
  0 0 1,0 0 1,
  0 0 1,0 0 1,
  0 0 1,0 0 1,
  0 0 1,0 0 1,
  0 0 1,0 0 1,
  0 0 1,0 0 1,
  0 0 1,0 0 1,
  0 0 1,0 0 1,
  0 0 1,0 0 1,
  0 0 1,0 0 1,
  0 0 1,0 0 1,
  0 0 1,0 0 1,
  0 0 1,0 0 1,
  0 0 1,0 0 1,
  0 0 1,0 0 1,
  0 0 1,0 0 1,
  0 0 1,0 0 1,
  0 0 1,0 0 1,
  0 0 1,0 0 1,
  0 0 1,0 0 1,
  0 0 1,0 0 1,
  0 0 1,0 0 1,
  0 0 1,0 0 1,
  0 0 1,0 0 1,
  0 0 1,0 0 1,
  0 0 1,0 0 1,
  0 0 1,0 0 1,
  0 0 1,0 0 1,
  0 0 1,0 0 1,
  0 0 1,0 0 1,
  0 0 1,0 0 1,
  0 0 1,0 0 1,
  0 0 1,0 0 1,
  0 0 1,0 0 1,
  0 0 1,0 0 1,
  0 0 1,0 0 1,
  0 0 1,0 0 1,
  0 0 1,0 0 1,
  0 0 1,0 0 1,
  0 0 1,0 0 1,
  0 0 1,0 0 1,
  0 0 1,0 0 1,
  0 0 1,0 0 1,
  0 0 1,0 0 1,
  0 0 1,0 0 1,
  0 0 1,0 0 1,
  0 0 1,0 0 1,
  0 0 1,0 0 1,
  0 0 1,0 0 1,
  0 0 1,0 0 1,
  0 0 1,0 0 1,
  0 0 1,0 0 1,
  0 0 1,0 0 1,
  0 0 1,0 0 1,
  0 0 1,0 0 1,
  0 0 1,0 0 1,
  0 0 1,0 0 1,
  0 0 1,0 0 1,
  0 0 1,0 0 1,
  0 0 1,0 0 1,
  0 0 1,0 0 1,
  0 0 1,0 0 1,
  0 0 1,0 0 1,
  0 0 1,0 0 1,
  0 0 1,0 0 1,
  0 0 1,0 0 1,
  0 0 1,0 0 1,
  0 0 1,0 0 1,
  0 0 1,0 0 1,
  0 0 1,0 0 1,
  0 0 1,0 0 1,
  0 0 1,0 0 1,
  0 0 1,0 0 1,
  0 0 1,0 0 1,
  0 0 1,0 0 1,
  0 0 1,0 0 1,
  0 0 1,0 0 1,
  0 0 1,0 0 1,
  0 0 1,0 0 1,
  0 0 1,0 0 1,
  0 0 1,0 0 1,
  0 0 1,0 0 1,
  0 0 1,0 0 1,
  0 0 1,0 0 1,
  0 0 1,0 0 1,
  0 0 1,0 0 1,
  0 0 1,0 0 1,
  0 0 1,0 0 1,
  0 0 1,0 0 1,
  0 0 1,0 0 1,
  0 0 1,0 0 1,
  0 0 1,0 0 1,
  0 0 1,0 0 1,
  0 0 1,0 0 1,
  0 0 1,0 0 1,
  0 0 1,0 0 1,
  0 0 1,0 0 1,
  0 0 1,0 0 1,
  0 0 1,0 0 1,
  0 0 1,0 0 1,
  0 0 1,0 0 1,
  0 0 1,0 0 1,
  0 0 1,0 0 1,
  0 0 1,0 0 1,
  0 0 1,0 0 1,
  0 0 1,0 0 1,
  0 0 1,0 0 1,
  0 0 1,0 0 1,
  0 0 1,0 0 1,
  0 0 1,0 0 1,
  0 0 1,0 0 1,
  0 0 1,0 0 1,
  0 0 1,0 0 1,
  0 0 1,0 0 1,
  0 0 1,0 0 1,
  0 0 1,0 0 1,
  0 0 1,0 0 1,
  0 0 1,0 0 1,
  0 0 1,0 0 1,
  0 0 1,0 0 1,
  0 0 1,0 0 1,
  0 0 1,0 0 1,
  0 0 1,0 0 1,
  0 0 1,0 0 1,
  0 0 1,0 0 1,
  0 0 1,0 0 1,
  0 0 1,0 0 1,
  0 0 1,0 0 1,
  0 0 1,0 0 1,
  0 0 1,0 0 1,
  0 0 1,0 0 1,
  0 0 1,0 0 1,
  0 0 1,0 0 1,
  0 0 1,0 0 1,
  0 0 1,0 0 1,
  0 0 1,0 0 1,
  0 0 1,0 0 1,
  0 0 1,0 0 1,
  0 0 1,0 0 1,
  0 0 1,0 0 1,
  0 0 1,0 0 1,
  0 0 1,0 0 1,
  0 0 1,0 0 1,
  0 0 1,0 0 1,
  0 0 1,0 0 1,
  0 0 1,0 0 1,
  0 0 1,0 0 1,
  0 0 1,0 0 1,
  0 0 1,0 0 1,
  0 0 1,0 0 1,
  0 0 1,0 0 1,
  0 0 1,0 0 1,
  0 0 1,0 0 1,
  0 0 1,0 0 1,
  0 0 1,0 0 1,
  0 0 1,0 0 1,
  0 0 1,0 0 1,
  0 0 1,0 0 1,
  0 0 1,0 0 1,
  0 0 1,0 0 1,
  0 0 1,0 0 1,
  0 0 1,0 0 1,
  0 0 1,0 0 1,
  0 0 1,0 0 1,
  0 0 1,0 0 1,
  0 0 1,0 0 1,
  0 0 1,0 0 1,
  0 0 1,0 0 1,
  0 0 1,0 0 1,
  0 0 1,0 0 1,
  0 0 1,0 0 1,
  0 0 1,0 0 1,
  0 0 1,0 0 1,
  0 0 1,0 0 1,
  0 0 1,0 0 1,
  0 0 1,0 0 1,
  0 0 1,0 0 1,
  0 0 1,0 0 1,
  0 0 1,0 0 1,
  0 0 1,0 0 1,
  0 0 1,0 0 1,
  0 0 1,0 0 1,
  0 0 1,0 0 1,
  0 0 1,0 0 1,
  0 0 1,0 0 1,
  0 0 1,0 0 1,
  0 0 1,0 0 1,
  0 0 1,0 0 1,
  0 0 1,0 0 1,
  0 0 1,0 0 1,
  0 0 1,0 0 1,
  0 0 1,0 0 1,
  0 0 1,0 0 1,
  0 0 1,0 0 1,
  0 0 1,0 0 1,
  0 0 1,0 0 1,
  0 0 1,0 0 1,
  0 0 1,0 0 1,
  0 0 1,0 0 1,
  0 0 1,0 0 1,
  0 0 1,0 0 1,
  0 0 1,0 0 1,
  0 0 1,0 0 1,
  0 0 1,0 0 1,
  0 0 1,0 0 1,
  0 0 1,0 0 1,
  0 0 1,0 0 1,
  0 0 1,0 0 1,
  0 0 1,0 0 1,
  0 0 1,0 0 1,
  0 0 1,0 0 1,
  0 0 1,0 0 1,
  0 0 1,0 0 1,
  0 0 1,0 0 1,
  0 0 1,0 0 1,
  0 0 1,0 0 1,
  0 0 1,0 0 1,
  0 0 1,0 0 1,
  0 0 1,0 0 1,
  0 0 1,0 0 1,
  0 0 1,0 0 1,
  0 0 1,0 0 1,
  0 0 1,0 0 1,
  0 0 1,0 0 1,
  0 0 1,0 0 1,
  0 0 1,0 0 1,
  0 0 1,0 0 1,
  0 0 1,0 0 1,
  0 0 1,0 0 1,
  0 0 1,0 0 1,
  0 0 1,0 0 1,
  0 0 1,0 0 1,
  0 0 1,0 0 1,
  0 0 1,0 0 1,
  0 0 1,0 0 1,
  0 0 1,0 0 1,
  0 0 1,0 0 1,
  0 0 1,0 0 1,
  0 0 1,0 0 1,
  0 0 1,0 0 1,
  0 0 1,0 0 1,
  0 0 1,0 0 1,
  0 0 1,0 0 1,
  0 0 1,0 0 1,
  0 0 1,0 0 1,
  0 0 1,0 0 1,
  0 0 1,0 0 1,
  0 0 1,0 0 1,
  0 0 1,0 0 1,
  0 0 1,0 0 1,
  0 0 1,0 0 1,
  0 0 1,0 0 1,
  0 0 1,0 0 1,
  0 0 1,0 0 1,
  0 0 1,0 0 1,
  0 0 1,0 0 1,
  0 0 1,0 0 1,
  0 0 1,0 0 1,
  0 0 1,0 0 1,
  0 0 1,0 0 1,
  0 0 1,0 0 1,
  0 0 1,0 0 1,
  0 0 1,0 0 1,
  0 0 1,0 0 1,
  0 0 1,0 0 1,
  0 0 1,0 0 1,
  0 0 1,0 0 1,
  0 0 1,0 0 1,
  0 0 1,0 0 1,
  0 0 1,0 0 1,
  0 0 1,0 0 1,
  0 0 1,0 0 1,
  0 0 1,0 0 1,
  0 0 1,0 0 1,
  0 0 1,0 0 1,
  0 0 1,0 0 1,
  0 0 1,0 0 1,
  0 0 1,0 0 1,
  0 0 1,0 0 1,
  0 0 1,0 0 1,
  0 0 1,0 0 1,
  0 0 1,0 0 1,
  0 0 1,0 0 1,
  0 0 1,0 0 1,
  0 0 1,0 0 1,
  0 0 1,0 0 1,
  0 0 1,0 0 1,
  0 0 1,0 0 1,
  0 0 1,0 0 1,
  0 0 1,0 0 1,
  0 0 1,0 0 1,
  0 0 1,0 0 1,
  0 0 1,0 0 1,
  0 0 1,0 0 1,
  0 0 1,0 0 1,
  0 0 1,0 0 1,
  0 0 1,0 0 1,
  0 0 1,0 0 1,
  0 0 1,0 0 1,
  0 0 1,0 0 1,
  0 0 1,0 0 1,
  0 0 1,0 0 1,
  0 0 1,0 0 1,
  0 0 1,0 0 1,
  0 0 1,0 0 1,
  0 0 1,0 0 1,
  0 0 1,0 0 1,
  0 0 1,0 0 1,
  0 0 1,0 0 1,
  0 0 1,0 0 1,
  0 0 1,0 0 1,
  0 0 1,0 0 1,
  0 0 1,0 0 1,
  0 0 1,0 0 1,
  0 0 1,0 0 1,
  0 0 1,0 0 1,
  0 0 1,0 0 1,
  0 0 1,0 0 1,
  0 0 1,0 0 1,
  0 0 1,0 0 1,
  0 0 1,0 0 1,
  0 0 1,0 0 1,
  0 0 1,0 0 1,
  0 0 1,0 0 1,
  0 0 1,0 0 1,
  0 0 1,0 0 1,
  0 0 1,0 0 1,
  0 0 1,0 0 1,
  0 0 1,0 0 1,
  0 0 1,0 0 1,
  0 0 1,0 0 1,
  0 0 1,0 0 1,
  0 0 1,0 0 1,
  0 0 1,0 0 1,
  0 0 1,0 0 1,
  0 0 1,0 0 1,
  0 0 1,0 0 1,
  0 0 1,0 0 1,
  0 0 1,0 0 1,
  0 0 1,0 0 1,
  0 0 1,0 0 1,
  0 0 1,0 0 1,
  0 0 1,0 0 1,
  0 0 1,0 0 1] }
}
}
] }
DEF TXFM_10 Transform {
  center 0 0 0
  rotation 0 0 1 0
  scale 1 1 1
  scaleOrientation 0 0 1 0
  translation 0 0 0
 children [
DEF SHAPE_10 Shape {
 appearance DEF APP_7 Appearance {
  material Material {
   ambientIntensity 0.72857141
   diffuseColor 0.96078432 0.96078432 0.96078432
   emissiveColor 0 0 0
   shininess 0.02
   specularColor 0.96470588 0.96470588 0.96470588
   transparency 0
} }
 geometry DEF FACE_10 IndexedFaceSet {
  coord DEF COORD_10 Coordinate { point [
  19.309055 -35.147806 -0.34448819,19.307109 -35.156333 -0.34448819,
  19.292268 -35.288054 -0.34448819,19.291339 -35.354331 -0.34448819,
  19.291339 -45.11811 -0.34448819,19.292268 -45.184387 -0.34448819,
  19.307109 -45.316108 -0.34448819,19.309055 -45.324634 -0.34448819,
  20.42113 -43.606543 -0.34448819,20.443724 -43.551995 -0.34448819,
  20.455243 -43.494088 -0.34448819,20.455243 -43.435046 -0.34448819,
  20.443724 -43.377139 -0.34448819,20.42113 -43.322591 -0.34448819,
  20.388328 -43.2735 -0.34448819,20.346579 -43.231751 -0.34448819,
  20.297488 -43.198949 -0.34448819,20.24294 -43.176355 -0.34448819,
  20.185033 -43.164836 -0.34448819,20.125991 -43.164836 -0.34448819,
  20.068083 -43.176355 -0.34448819,20.013536 -43.198949 -0.34448819,
  19.964444 -43.231751 -0.34448819,19.922696 -43.2735 -0.34448819,
  19.889894 -43.322591 -0.34448819,19.8673 -43.377139 -0.34448819,
  19.855781 -43.435046 -0.34448819,19.855781 -43.44072 -0.34448819,
  19.855781 -43.494088 -0.34448819,19.8673 -43.551995 -0.34448819,
  19.889894 -43.606543 -0.34448819,19.922696 -43.655634 -0.34448819,
  19.964444 -43.697383 -0.34448819,20.013536 -43.730185 -0.34448819,
  20.068083 -43.752779 -0.34448819,20.125991 -43.764298 -0.34448819,
  20.185033 -43.764298 -0.34448819,20.24294 -43.752779 -0.34448819,
  20.297488 -43.730185 -0.34448819,20.346579 -43.697383 -0.34448819,
  20.388328 -43.655634 -0.34448819,20.397638 -43.44072 -0.34448819,
  20.397638 -43.488414 -0.34448819,20.388333 -43.535193 -0.34448819,
  20.370081 -43.579257 -0.34448819,20.343583 -43.618913 -0.34448819,
  20.309858 -43.652639 -0.34448819,20.270202 -43.679136 -0.34448819,
  20.226137 -43.697388 -0.34448819,20.179359 -43.706693 -0.34448819,
  20.131665 -43.706693 -0.34448819,20.084886 -43.697388 -0.34448819,
  20.040822 -43.679136 -0.34448819,20.001165 -43.652639 -0.34448819,
  19.96744 -43.618913 -0.34448819,19.940943 -43.579257 -0.34448819,
  19.922691 -43.535193 -0.34448819,19.913386 -43.488414 -0.34448819,
  19.913386 -43.44072 -0.34448819,19.922691 -43.393941 -0.34448819,
  19.940943 -43.349877 -0.34448819,19.96744 -43.31022 -0.34448819,
  20.001165 -43.276495 -0.34448819,20.040822 -43.249998 -0.34448819,
  20.084886 -43.231746 -0.34448819,20.131665 -43.222441 -0.34448819,
  20.179359 -43.222441 -0.34448819,20.226137 -43.231746 -0.34448819,
  20.270202 -43.249998 -0.34448819,20.309858 -43.276495 -0.34448819,
  20.343583 -43.31022 -0.34448819,20.370081 -43.349877 -0.34448819,
  20.388333 -43.393941 -0.34448819,21.042324 -36.261844 -0.34448819,
  21.042324 -36.257068 -0.34448819,21.049803 -36.242109 -0.34448819,
  21.064761 -36.23463 -0.34448819,21.110813 -36.23463 -0.34448819,
  21.134574 -36.246511 -0.34448819,21.13998 -36.24858 -0.34448819,
  21.151472 -36.249397 -0.34448819,21.162402 -36.245754 -0.34448819,
  21.171106 -36.238205 -0.34448819,21.176258 -36.2279 -0.34448819,
  21.177075 -36.216408 -0.34448819,21.173432 -36.205478 -0.34448819,
  21.165883 -36.196775 -0.34448819,21.160985 -36.193691 -0.34448819,
  21.130989 -36.178693 -0.34448819,21.125583 -36.176624 -0.34448819,
  21.124524 -36.176548 -0.34448819,21.123544 -36.176143 -0.34448819,
  21.117783 -36.175575 -0.34448819,21.057791 -36.175575 -0.34448819,
  21.05203 -36.176143 -0.34448819,21.05105 -36.176548 -0.34448819,
  21.049992 -36.176624 -0.34448819,21.044585 -36.178693 -0.34448819,
  21.014589 -36.193691 -0.34448819,21.013626 -36.194297 -0.34448819,
  21.013172 -36.194449 -0.34448819,21.012605 -36.19494 -0.34448819,
  21.009691 -36.196775 -0.34448819,21.007265 -36.19957 -0.34448819,
  21.004468 -36.201997 -0.34448819,21.002632 -36.204913 -0.34448819,
  21.002142 -36.205478 -0.34448819,21.001991 -36.205932 -0.34448819,
  21.001384 -36.206896 -0.34448819,20.986386 -36.236892 -0.34448819,
  20.984317 -36.242298 -0.34448819,20.984242 -36.243356 -0.34448819,
  20.983836 -36.244337 -0.34448819,20.983269 -36.250097 -0.34448819,
  20.983269 -36.38183 -0.34448819,20.983269 -36.415077 -0.34448819,
  20.983836 -36.420837 -0.34448819,20.988245 -36.431481 -0.34448819,
  20.996392 -36.439628 -0.34448819,21.007036 -36.444037 -0.34448819,
  21.018557 -36.444037 -0.34448819,21.027379 -36.440383 -0.34448819,
  21.029588 -36.441487 -0.34448819,21.034994 -36.443556 -0.34448819,
  21.036052 -36.443631 -0.34448819,21.037032 -36.444037 -0.34448819,
  21.042793 -36.444604 -0.34448819,21.117783 -36.444604 -0.34448819,
  21.123544 -36.444037 -0.34448819,21.124524 -36.443631 -0.34448819,
  21.125582 -36.443556 -0.34448819,21.130989 -36.441487 -0.34448819,
  21.160985 -36.426489 -0.34448819,21.161948 -36.425882 -0.34448819,
  21.162402 -36.425731 -0.34448819,21.162968 -36.425241 -0.34448819,
  21.165883 -36.423406 -0.34448819,21.16831 -36.420607 -0.34448819,
  21.171106 -36.418183 -0.34448819,21.172941 -36.415268 -0.34448819,
  21.173432 -36.414702 -0.34448819,21.173583 -36.414247 -0.34448819,
  21.17419 -36.413284 -0.34448819,21.189188 -36.383288 -0.34448819,
  21.191257 -36.377881 -0.34448819,21.191332 -36.376822 -0.34448819,
  21.191738 -36.375843 -0.34448819,21.192306 -36.370082 -0.34448819,
  21.192306 -36.340086 -0.34448819,21.191738 -36.334326 -0.34448819,
  21.191332 -36.333346 -0.34448819,21.191257 -36.332287 -0.34448819,
  21.189188 -36.326881 -0.34448819,21.17419 -36.296885 -0.34448819,
  21.173583 -36.295921 -0.34448819,21.173432 -36.295467 -0.34448819,
  21.172941 -36.2949 -0.34448819,21.171106 -36.291986 -0.34448819,
  21.16831 -36.289561 -0.34448819,21.165883 -36.286763 -0.34448819,
  21.162968 -36.284928 -0.34448819,21.162402 -36.284437 -0.34448819,
  21.161948 -36.284286 -0.34448819,21.160985 -36.28368 -0.34448819,
  21.130989 -36.268681 -0.34448819,21.125582 -36.266613 -0.34448819,
  21.124524 -36.266537 -0.34448819,21.123544 -36.266131 -0.34448819,
  21.117783 -36.265564 -0.34448819,21.049763 -36.265564 -0.34448819,
  21.042324 -36.324573 -0.34448819,21.042793 -36.324619 -0.34448819,
  21.110813 -36.324619 -0.34448819,21.125771 -36.332098 -0.34448819,
  21.13325 -36.347057 -0.34448819,21.13325 -36.363111 -0.34448819,
  21.125771 -36.37807 -0.34448819,21.110813 -36.385549 -0.34448819,
  21.049763 -36.385549 -0.34448819,21.042324 -36.38183 -0.34448819,
  27.744094 -40.708661 -0.34448819,27.743527 -40.702901 -0.34448819,
  27.739118 -40.692257 -0.34448819,27.730972 -40.68411 -0.34448819,
  27.720328 -40.679701 -0.34448819,27.708806 -40.679701 -0.34448819,
  27.698162 -40.68411 -0.34448819,27.690016 -40.692257 -0.34448819,
  27.685607 -40.702901 -0.34448819,27.685039 -40.708661 -0.34448819,
  27.685039 -43.070866 -0.34448819,27.685607 -43.076627 -0.34448819,
  27.690016 -43.087271 -0.34448819,27.698162 -43.095417 -0.34448819,
  27.708806 -43.099826 -0.34448819,27.720328 -43.099826 -0.34448819,
  27.730972 -43.095417 -0.34448819,27.739118 -43.087271 -0.34448819,
  27.743527 -43.076627 -0.34448819,27.744094 -43.070866 -0.34448819,
  27.074673 -43.606543 -0.34448819,27.097267 -43.551995 -0.34448819,
  27.108786 -43.494088 -0.34448819,27.108786 -43.435046 -0.34448819,
  27.097267 -43.377139 -0.34448819,27.074673 -43.322591 -0.34448819,
  27.041871 -43.2735 -0.34448819,27.000122 -43.231751 -0.34448819,
  26.951031 -43.198949 -0.34448819,26.896483 -43.176355 -0.34448819,
  26.838576 -43.164836 -0.34448819,26.779534 -43.164836 -0.34448819,
  26.721627 -43.176355 -0.34448819,26.667079 -43.198949 -0.34448819,
  26.617988 -43.231751 -0.34448819,26.576239 -43.2735 -0.34448819,
  26.543437 -43.322591 -0.34448819,26.520843 -43.377139 -0.34448819,
  26.509324 -43.435046 -0.34448819,26.509324 -43.44072 -0.34448819,
  26.509324 -43.494088 -0.34448819,26.520843 -43.551995 -0.34448819,
  26.543437 -43.606543 -0.34448819,26.576239 -43.655634 -0.34448819,
  26.617988 -43.697383 -0.34448819,26.667079 -43.730185 -0.34448819,
  26.721627 -43.752779 -0.34448819,26.779534 -43.764298 -0.34448819,
  26.838576 -43.764298 -0.34448819,26.896483 -43.752779 -0.34448819,
  26.951031 -43.730185 -0.34448819,27.000122 -43.697383 -0.34448819,
  27.041871 -43.655634 -0.34448819,27.051181 -43.44072 -0.34448819,
  27.051181 -43.488414 -0.34448819,27.041876 -43.535193 -0.34448819,
  27.023624 -43.579257 -0.34448819,26.997127 -43.618913 -0.34448819,
  26.963402 -43.652639 -0.34448819,26.923745 -43.679136 -0.34448819,
  26.879681 -43.697388 -0.34448819,26.832902 -43.706693 -0.34448819,
  26.785208 -43.706693 -0.34448819,26.73843 -43.697388 -0.34448819,
  26.694365 -43.679136 -0.34448819,26.654709 -43.652639 -0.34448819,
  26.620983 -43.618913 -0.34448819,26.594486 -43.579257 -0.34448819,
  26.576234 -43.535193 -0.34448819,26.566929 -43.488414 -0.34448819,
  26.566929 -43.44072 -0.34448819,26.576234 -43.393941 -0.34448819,
  26.594486 -43.349877 -0.34448819,26.620983 -43.31022 -0.34448819,
  26.654709 -43.276495 -0.34448819,26.694365 -43.249998 -0.34448819,
  26.73843 -43.231746 -0.34448819,26.785208 -43.222441 -0.34448819,
  26.832902 -43.222441 -0.34448819,26.879681 -43.231746 -0.34448819,
  26.923745 -43.249998 -0.34448819,26.963402 -43.276495 -0.34448819,
  26.997127 -43.31022 -0.34448819,27.023624 -43.349877 -0.34448819,
  27.041876 -43.393941 -0.34448819,23.806519 -43.537546 -0.34448819,
  23.80211 -43.526902 -0.34448819,23.793964 -43.518756 -0.34448819,
  23.78332 -43.514347 -0.34448819,23.777559 -43.51378 -0.34448819,
  21.415354 -43.51378 -0.34448819,21.409594 -43.514347 -0.34448819,
  21.39895 -43.518756 -0.34448819,21.390803 -43.526902 -0.34448819,
  21.386394 -43.537546 -0.34448819,21.386394 -43.549068 -0.34448819,
  21.390803 -43.559712 -0.34448819,21.39895 -43.567858 -0.34448819,
  21.409594 -43.572267 -0.34448819,21.415354 -43.572835 -0.34448819,
  23.777559 -43.572835 -0.34448819,23.78332 -43.572267 -0.34448819,
  23.793964 -43.567858 -0.34448819,23.80211 -43.559712 -0.34448819,
  23.806519 -43.549068 -0.34448819,30.460063 -43.537546 -0.34448819,
  30.455654 -43.526902 -0.34448819,30.447507 -43.518756 -0.34448819,
  30.436863 -43.514347 -0.34448819,30.431102 -43.51378 -0.34448819,
  28.068898 -43.51378 -0.34448819,28.063137 -43.514347 -0.34448819,
  28.052493 -43.518756 -0.34448819,28.044346 -43.526902 -0.34448819,
  28.039937 -43.537546 -0.34448819,28.039937 -43.549068 -0.34448819,
  28.044346 -43.559712 -0.34448819,28.052493 -43.567858 -0.34448819,
  28.063137 -43.572267 -0.34448819,28.068898 -43.572835 -0.34448819,
  30.431102 -43.572835 -0.34448819,30.436863 -43.572267 -0.34448819,
  30.447507 -43.567858 -0.34448819,30.455654 -43.559712 -0.34448819,
  30.460063 -43.549068 -0.34448819,21.090551 -40.708661 -0.34448819,
  21.089984 -40.702901 -0.34448819,21.085575 -40.692257 -0.34448819,
  21.077428 -40.68411 -0.34448819,21.066784 -40.679701 -0.34448819,
  21.055263 -40.679701 -0.34448819,21.044619 -40.68411 -0.34448819,
  21.036472 -40.692257 -0.34448819,21.032063 -40.702901 -0.34448819,
  21.031496 -40.708661 -0.34448819,21.031496 -43.070866 -0.34448819,
  21.032063 -43.076627 -0.34448819,21.036472 -43.087271 -0.34448819,
  21.044619 -43.095417 -0.34448819,21.055263 -43.099826 -0.34448819,
  21.066784 -43.099826 -0.34448819,21.077428 -43.095417 -0.34448819,
  21.085575 -43.087271 -0.34448819,21.089984 -43.076627 -0.34448819,
  21.090551 -43.070866 -0.34448819,24.161417 -40.708661 -0.34448819,
  24.16085 -40.702901 -0.34448819,24.156441 -40.692257 -0.34448819,
  24.148294 -40.68411 -0.34448819,24.13765 -40.679701 -0.34448819,
  24.126129 -40.679701 -0.34448819,24.115485 -40.68411 -0.34448819,
  24.107339 -40.692257 -0.34448819,24.10293 -40.702901 -0.34448819,
  24.102362 -40.708661 -0.34448819,24.102362 -43.070866 -0.34448819,
  24.10293 -43.076627 -0.34448819,24.107339 -43.087271 -0.34448819,
  24.115485 -43.095417 -0.34448819,24.126129 -43.099826 -0.34448819,
  24.13765 -43.099826 -0.34448819,24.148294 -43.095417 -0.34448819,
  24.156441 -43.087271 -0.34448819,24.16085 -43.076627 -0.34448819,
  24.161417 -43.070866 -0.34448819,30.814961 -40.708661 -0.34448819,
  30.814393 -40.702901 -0.34448819,30.809984 -40.692257 -0.34448819,
  30.801838 -40.68411 -0.34448819,30.791194 -40.679701 -0.34448819,
  30.779672 -40.679701 -0.34448819,30.769028 -40.68411 -0.34448819,
  30.760882 -40.692257 -0.34448819,30.756473 -40.702901 -0.34448819,
  30.755906 -40.708661 -0.34448819,30.755906 -43.070866 -0.34448819,
  30.756473 -43.076627 -0.34448819,30.760882 -43.087271 -0.34448819,
  30.769028 -43.095417 -0.34448819,30.779672 -43.099826 -0.34448819,
  30.791194 -43.099826 -0.34448819,30.801838 -43.095417 -0.34448819,
  30.809984 -43.087271 -0.34448819,30.814393 -43.076627 -0.34448819,
  30.814961 -43.070866 -0.34448819,23.737129 -41.861067 -0.34448819,
  23.73012 -41.866509 -0.34448819,23.727309 -41.869113 -0.34448819,
  23.716807 -41.879326 -0.34448819,23.641738 -41.841007 -0.34448819,
  23.613552 -41.826788 -0.34448819,23.590134 -41.815502 -0.34448819,
  23.570416 -41.806845 -0.34448819,23.55333 -41.800515 -0.34448819,
  23.537808 -41.796207 -0.34448819,23.522783 -41.79362 -0.34448819,
  23.507188 -41.79245 -0.34448819,23.489955 -41.792393 -0.34448819,
  23.472695 -41.793019 -0.34448819,23.424556 -41.797183 -0.34448819,
  23.378064 -41.805297 -0.34448819,23.331566 -41.817762 -0.34448819,
  23.28341 -41.834977 -0.34448819,23.261309 -41.844143 -0.34448819,
  23.244367 -41.851365 -0.34448819,23.229541 -41.857551 -0.34448819,
  23.217924 -41.862254 -0.34448819,23.210607 -41.865029 -0.34448819,
  23.208664 -41.865589 -0.34448819,23.2063 -41.862806 -0.34448819,
  23.205827 -41.859388 -0.34448819,23.202897 -41.851178 -0.34448819,
  23.194934 -41.841965 -0.34448819,23.18318 -41.833013 -0.34448819,
  23.175655 -41.828711 -0.34448819,23.162638 -41.824324 -0.34448819,
  23.145588 -41.821708 -0.34448819,23.126947 -41.821041 -0.34448819,
  23.109156 -41.822498 -0.34448819,23.103741 -41.823508 -0.34448819,
  23.096687 -41.824193 -0.34448819,23.092685 -41.821044 -0.34448819,
  23.090195 -41.81546 -0.34448819,23.083505 -41.806186 -0.34448819,
  23.072676 -41.799487 -0.34448819,23.060083 -41.796512 -0.34448819,
  23.052238 -41.797083 -0.34448819,23.043252 -41.801394 -0.34448819,
  23.034535 -41.809161 -0.34448819,23.028073 -41.818227 -0.34448819,
  23.025827 -41.825775 -0.34448819,23.023432 -41.830286 -0.34448819,
  23.016584 -41.83057 -0.34448819,23.005785 -41.826877 -0.34448819,
  22.991537 -41.819454 -0.34448819,22.974343 -41.80855 -0.34448819,
  22.954705 -41.794411 -0.34448819,22.941696 -41.784269 -0.34448819,
  22.917309 -41.765758 -0.34448819,22.8962 -41.752058 -0.34448819,
  22.877549 -41.742704 -0.34448819,22.860535 -41.737232 -0.34448819,
  22.857493 -41.736607 -0.34448819,22.845064 -41.732365 -0.34448819,
  22.838597 -41.725312 -0.34448819,22.837925 -41.715261 -0.34448819,
  22.837958 -41.715087 -0.34448819,22.837923 -41.705594 -0.34448819,
  22.833169 -41.698784 -0.34448819,22.823092 -41.694198 -0.34448819,
  22.807089 -41.691376 -0.34448819,22.806731 -41.691337 -0.34448819,
  22.793286 -41.689102 -0.34448819,22.776281 -41.685147 -0.34448819,
  22.758386 -41.680131 -0.34448819,22.748783 -41.67704 -0.34448819,
  22.728157 -41.67013 -0.34448819,22.711867 -41.665103 -0.34448819,
  22.697982 -41.661556 -0.34448819,22.684573 -41.65909 -0.34448819,
  22.66971 -41.657302 -0.34448819,22.651463 -41.655791 -0.34448819,
  22.644101 -41.655265 -0.34448819,22.623316 -41.654376 -0.34448819,
  22.596618 -41.654133 -0.34448819,22.564724 -41.654491 -0.34448819,
  22.528352 -41.655403 -0.34448819,22.48822 -41.656823 -0.34448819,
  22.445044 -41.658704 -0.34448819,22.399543 -41.661 -0.34448819,
  22.352434 -41.663664 -0.34448819,22.304435 -41.66665 -0.34448819,
  22.256263 -41.669912 -0.34448819,22.208635 -41.673402 -0.34448819,
  22.16227 -41.677075 -0.34448819,22.117885 -41.680884 -0.34448819,
  22.076197 -41.684783 -0.34448819,22.037924 -41.688724 -0.34448819,
  22.003784 -41.692663 -0.34448819,21.974493 -41.696552 -0.34448819,
  21.952451 -41.700044 -0.34448819,21.925049 -41.704878 -0.34448819,
  21.886364 -41.669398 -0.34448819,21.858816 -41.644714 -0.34448819,
  21.834921 -41.624682 -0.34448819,21.813989 -41.608882 -0.34448819,
  21.795329 -41.596891 -0.34448819,21.778252 -41.588287 -0.34448819,
  21.762068 -41.582649 -0.34448819,21.746086 -41.579554 -0.34448819,
  21.738226 -41.578845 -0.34448819,21.72469 -41.578364 -0.34448819,
  21.714769 -41.579286 -0.34448819,21.705457 -41.582217 -0.34448819,
  21.69375 -41.587763 -0.34448819,21.693598 -41.587841 -0.34448819,
  21.675242 -41.598827 -0.34448819,21.656647 -41.613425 -0.34448819,
  21.637461 -41.632045 -0.34448819,21.617334 -41.655101 -0.34448819,
  21.595913 -41.683003 -0.34448819,21.572848 -41.716163 -0.34448819,
  21.547787 -41.754994 -0.34448819,21.539122 -41.768954 -0.34448819,
  21.526461 -41.789446 -0.34448819,21.516619 -41.805042 -0.34448819,
  21.50895 -41.816565 -0.34448819,21.502813 -41.824835 -0.34448819,
  21.497562 -41.830674 -0.34448819,21.492554 -41.834904 -0.34448819,
  21.487145 -41.838345 -0.34448819,21.482909 -41.840654 -0.34448819,
  21.4672 -41.850465 -0.34448819,21.451541 -41.862832 -0.34448819,
  21.437535 -41.876265 -0.34448819,21.426781 -41.889273 -0.34448819,
  21.422037 -41.897346 -0.34448819,21.416646 -41.916798 -0.34448819,
  21.41744 -41.936305 -0.34448819,21.424076 -41.954555 -0.34448819,
  21.436214 -41.970233 -0.34448819,21.442284 -41.975307 -0.34448819,
  21.450147 -41.980362 -0.34448819,21.461205 -41.986548 -0.34448819,
  21.473762 -41.993032 -0.34448819,21.486126 -41.998976 -0.34448819,
  21.496602 -42.003546 -0.34448819,21.503495 -42.005905 -0.34448819,
  21.504633 -42.006057 -0.34448819,21.509575 -42.008837 -0.34448819,
  21.518216 -42.017171 -0.34448819,21.527445 -42.027558 -0.34448819,
  21.530549 -42.031053 -0.34448819,21.546569 -42.050476 -0.34448819,
  21.56627 -42.075432 -0.34448819,21.587467 -42.103047 -0.34448819,
  21.609217 -42.131434 -0.34448819,21.627722 -42.155012 -0.34448819,
  21.643557 -42.174454 -0.34448819,21.657298 -42.190431 -0.34448819,
  21.669518 -42.20362 -0.34448819,21.680792 -42.214691 -0.34448819,
  21.68916 -42.222171 -0.34448819,21.717353 -42.244213 -0.34448819,
  21.743565 -42.260056 -0.34448819,21.768237 -42.269734 -0.34448819,
  21.791807 -42.27328 -0.34448819,21.814717 -42.270728 -0.34448819,
  21.837407 -42.26211 -0.34448819,21.860317 -42.247462 -0.34448819,
  21.873876 -42.236218 -0.34448819,21.886816 -42.223188 -0.34448819,
  21.901951 -42.205542 -0.34448819,21.918304 -42.184547 -0.34448819,
  21.934897 -42.16147 -0.34448819,21.950754 -42.137579 -0.34448819,
  21.954408 -42.131757 -0.34448819,21.961777 -42.119897 -0.34448819,
  21.967847 -42.110168 -0.34448819,21.971733 -42.103987 -0.34448819,
  21.972587 -42.10266 -0.34448819,21.976285 -42.102331 -0.34448819,
  21.985462 -42.103033 -0.34448819,21.999034 -42.104641 -0.34448819,
  22.015914 -42.107028 -0.34448819,22.032602 -42.109664 -0.34448819,
  22.086083 -42.117952 -0.34448819,22.134639 -42.124278 -0.34448819,
  22.17967 -42.1288 -0.34448819,22.222574 -42.131676 -0.34448819,
  22.229587 -42.132005 -0.34448819,22.278347 -42.134156 -0.34448819,
  22.284389 -42.124905 -0.34448819,22.288248 -42.117811 -0.34448819,
  22.288118 -42.112252 -0.34448819,22.28551 -42.106842 -0.34448819,
  22.283331 -42.103343 -0.34448819,22.280597 -42.100851 -0.34448819,
  22.276169 -42.09912 -0.34448819,22.268908 -42.0979 -0.34448819,
  22.257672 -42.096942 -0.34448819,22.241324 -42.095998 -0.34448819,
  22.234042 -42.095618 -0.34448819,22.211143 -42.094256 -0.34448819,
  22.188417 -42.092508 -0.34448819,22.164983 -42.090262 -0.34448819,
  22.139963 -42.087405 -0.34448819,22.112477 -42.083826 -0.34448819,
  22.081644 -42.079411 -0.34448819,22.046586 -42.07405 -0.34448819,
  22.006422 -42.067628 -0.34448819,21.977493 -42.062888 -0.34448819,
  21.946447 -42.057778 -0.34448819,21.914374 -42.052524 -0.34448819,
  21.882637 -42.047349 -0.34448819,21.852597 -42.042473 -0.34448819,
  21.825617 -42.038118 -0.34448819,21.803059 -42.034505 -0.34448819,
  21.792493 -42.03283 -0.34448819,21.749604 -42.025819 -0.34448819,
  21.711245 -42.018967 -0.34448819,21.675307 -42.011843 -0.34448819,
  21.63968 -42.004021 -0.34448819,21.602254 -41.995071 -0.34448819,
  21.58416 -41.990535 -0.34448819,21.547431 -41.980748 -0.34448819,
  21.517074 -41.971528 -0.34448819,21.492837 -41.962652 -0.34448819,
  21.474474 -41.953896 -0.34448819,21.461735 -41.945034 -0.34448819,
  21.45437 -41.935844 -0.34448819,21.452131 -41.926102 -0.34448819,
  21.45477 -41.915581 -0.34448819,21.462036 -41.90406 -0.34448819,
  21.473681 -41.891313 -0.34448819,21.473812 -41.891185 -0.34448819,
  21.489359 -41.878161 -0.34448819,21.508539 -41.866085 -0.34448819,
  21.531959 -41.854694 -0.34448819,21.56023 -41.843724 -0.34448819,
  21.593957 -41.83291 -0.34448819,21.632493 -41.822313 -0.34448819,
  21.651601 -41.817266 -0.34448819,21.665258 -41.813297 -0.34448819,
  21.674515 -41.80999 -0.34448819,21.680419 -41.806931 -0.34448819,
  21.68402 -41.803705 -0.34448819,21.685628 -41.801311 -0.34448819,
  21.688567 -41.79447 -0.34448819,21.687498 -41.788733 -0.34448819,
  21.684718 -41.784034 -0.34448819,21.67791 -41.777355 -0.34448819,
  21.671583 -41.775337 -0.34448819,21.665903 -41.77627 -0.34448819,
  21.655146 -41.77881 -0.34448819,21.640615 -41.782622 -0.34448819,
  21.623613 -41.78737 -0.34448819,21.614167 -41.790116 -0.34448819,
  21.596995 -41.795075 -0.34448819,21.582201 -41.799156 -0.34448819,
  21.570904 -41.802065 -0.34448819,21.564219 -41.80351 -0.34448819,
  21.562893 -41.80356 -0.34448819,21.563979 -41.80028 -0.34448819,
  21.568172 -41.792495 -0.34448819,21.574824 -41.781227 -0.34448819,
  21.583288 -41.767496 -0.34448819,21.592917 -41.752325 -0.34448819,
  21.603063 -41.736735 -0.34448819,21.613078 -41.721748 -0.34448819,
  21.622314 -41.708386 -0.34448819,21.629391 -41.698642 -0.34448819,
  21.642737 -41.68203 -0.34448819,21.65747 -41.665565 -0.34448819,
  21.672486 -41.65032 -0.34448819,21.686681 -41.637369 -0.34448819,
  21.69895 -41.627785 -0.34448819,21.707126 -41.623052 -0.34448819,
  21.725137 -41.618296 -0.34448819,21.744398 -41.618783 -0.34448819,
  21.765222 -41.624656 -0.34448819,21.787924 -41.63605 -0.34448819,
  21.812819 -41.653106 -0.34448819,21.840222 -41.675963 -0.34448819,
  21.852392 -41.687171 -0.34448819,21.879765 -41.713008 -0.34448819,
  21.838629 -41.723866 -0.34448819,21.815657 -41.730223 -0.34448819,
  21.793066 -41.737007 -0.34448819,21.772054 -41.743813 -0.34448819,
  21.753818 -41.750235 -0.34448819,21.739556 -41.755869 -0.34448819,
  21.730465 -41.760311 -0.34448819,21.729993 -41.760605 -0.34448819,
  21.724231 -41.767533 -0.34448819,21.722172 -41.776843 -0.34448819,
  21.723874 -41.785916 -0.34448819,21.729315 -41.792093 -0.34448819,
  21.733718 -41.793352 -0.34448819,21.740163 -41.792885 -0.34448819,
  21.749882 -41.790437 -0.34448819,21.764109 -41.785752 -0.34448819,
  21.770094 -41.783639 -0.34448819,21.81651 -41.768519 -0.34448819,
  21.865898 -41.755302 -0.34448819,21.919016 -41.743837 -0.34448819,
  21.976623 -41.733973 -0.34448819,22.039478 -41.725559 -0.34448819,
  22.08916 -41.720242 -0.34448819,22.100708 -41.719196 -0.34448819,
  22.117304 -41.717798 -0.34448819,22.138141 -41.716109 -0.34448819,
  22.162409 -41.71419 -0.34448819,22.189303 -41.7121 -0.34448819,
  22.218014 -41.709899 -0.34448819,22.247735 -41.707648 -0.34448819,
  22.277658 -41.705408 -0.34448819,22.306976 -41.703239 -0.34448819,
  22.33488 -41.7012 -0.34448819,22.360565 -41.699352 -0.34448819,
  22.383221 -41.697756 -0.34448819,22.402041 -41.696472 -0.34448819,
  22.416219 -41.695559 -0.34448819,22.424945 -41.695079 -0.34448819,
  22.426962 -41.69502 -0.34448819,22.431409 -41.697856 -0.34448819,
  22.433095 -41.702204 -0.34448819,22.436693 -41.710622 -0.34448819,
  22.442991 -41.714364 -0.34448819,22.45005 -41.713556 -0.34448819,
  22.45593 -41.708328 -0.34448819,22.458548 -41.700536 -0.34448819,
  22.459603 -41.691676 -0.34448819,22.512358 -41.691676 -0.34448819,
  22.532749 -41.691772 -0.34448819,22.547405 -41.692117 -0.34448819,
  22.557256 -41.692797 -0.34448819,22.563231 -41.693897 -0.34448819,
  22.56626 -41.695502 -0.34448819,22.567032 -41.696693 -0.34448819,
  22.571545 -41.701143 -0.34448819,22.57416 -41.701709 -0.34448819,
  22.579816 -41.699002 -0.34448819,22.581288 -41.696693 -0.34448819,
  22.585366 -41.694454 -0.34448819,22.594773 -41.692851 -0.34448819,
  22.608202 -41.691882 -0.34448819,22.624346 -41.691549 -0.34448819,
  22.641898 -41.69185 -0.34448819,22.65955 -41.692786 -0.34448819,
  22.675994 -41.694357 -0.34448819,22.689925 -41.696562 -0.34448819,
  22.690582 -41.696699 -0.34448819,22.711091 -41.701599 -0.34448819,
  22.726357 -41.70641 -0.34448819,22.735986 -41.710966 -0.34448819,
  22.739582 -41.715101 -0.34448819,22.738944 -41.717021 -0.34448819,
  22.735989 -41.725233 -0.34448819,22.737717 -41.73472 -0.34448819,
  22.743417 -41.742828 -0.34448819,22.746432 -41.744971 -0.34448819,
  22.753262 -41.74807 -0.34448819,22.758081 -41.7471 -0.34448819,
  22.762266 -41.743722 -0.34448819,22.767463 -41.736496 -0.34448819,
  22.76916 -41.730189 -0.34448819,22.769571 -41.726111 -0.34448819,
  22.771869 -41.724361 -0.34448819,22.777656 -41.724587 -0.34448819,
  22.787256 -41.726206 -0.34448819,22.805353 -41.729497 -0.34448819,
  22.803498 -41.751695 -0.34448819,22.803117 -41.771554 -0.34448819,
  22.805678 -41.791086 -0.34448819,22.811569 -41.812063 -0.34448819,
  22.821176 -41.836257 -0.34448819,22.822791 -41.839894 -0.34448819,
  22.832945 -41.864319 -0.34448819,22.839128 -41.884417 -0.34448819,
  22.841222 -41.90132 -0.34448819,22.839109 -41.916157 -0.34448819,
  22.832674 -41.930062 -0.34448819,22.821797 -41.944164 -0.34448819,
  22.810818 -41.955395 -0.34448819,22.797791 -41.968439 -0.34448819,
  22.788969 -41.979202 -0.34448819,22.78338 -41.989609 -0.34448819,
  22.780048 -42.001593 -0.34448819,22.778 -42.017078 -0.34448819,
  22.777628 -42.021107 -0.34448819,22.775894 -42.03485 -0.34448819,
  22.773459 -42.04682 -0.34448819,22.7708 -42.054767 -0.34448819,
  22.770331 -42.055601 -0.34448819,22.761146 -42.065504 -0.34448819,
  22.746621 -42.075726 -0.34448819,22.72802 -42.085685 -0.34448819,
  22.70661 -42.094803 -0.34448819,22.683655 -42.102499 -0.34448819,
  22.660422 -42.108193 -0.34448819,22.652493 -42.109601 -0.34448819,
  22.630746 -42.11188 -0.34448819,22.603517 -42.112826 -0.34448819,
  22.571852 -42.112459 -0.34448819,22.536797 -42.110798 -0.34448819,
  22.4994 -42.107865 -0.34448819,22.48416 -42.106355 -0.34448819,
  22.460909 -42.104022 -0.34448819,22.436735 -42.101782 -0.34448819,
  22.413665 -42.099812 -0.34448819,22.393725 -42.098286 -0.34448819,
  22.382372 -42.097556 -0.34448819,22.365455 -42.096729 -0.34448819,
  22.353888 -42.096554 -0.34448819,22.346376 -42.097139 -0.34448819,
  22.341626 -42.098586 -0.34448819,22.338343 -42.101001 -0.34448819,
  22.338206 -42.101138 -0.34448819,22.333915 -42.108794 -0.34448819,
  22.332645 -42.118216 -0.34448819,22.334567 -42.126378 -0.34448819,
  22.33666 -42.128952 -0.34448819,22.341416 -42.130364 -0.34448819,
  22.351435 -42.131855 -0.34448819,22.365315 -42.133259 -0.34448819,
  22.381658 -42.134412 -0.34448819,22.38416 -42.134549 -0.34448819,
  22.404944 -42.135874 -0.34448819,22.429277 -42.13778 -0.34448819,
  22.454094 -42.14001 -0.34448819,22.475827 -42.14225 -0.34448819,
  22.497166 -42.144195 -0.34448819,22.522888 -42.145836 -0.34448819,
  22.550712 -42.14706 -0.34448819,22.578358 -42.147756 -0.34448819,
  22.590827 -42.14787 -0.34448819,22.622327 -42.147576 -0.34448819,
  22.648561 -42.146337 -0.34448819,22.670888 -42.143936 -0.34448819,
  22.690669 -42.140156 -0.34448819,22.709265 -42.134778 -0.34448819,
  22.728036 -42.127585 -0.34448819,22.734052 -42.124976 -0.34448819,
  22.751131 -42.116225 -0.34448819,22.768335 -42.105391 -0.34448819,
  22.784044 -42.093672 -0.34448819,22.796638 -42.082262 -0.34448819,
  22.803855 -42.073432 -0.34448819,22.807483 -42.068195 -0.34448819,
  22.811598 -42.064141 -0.34448819,22.817445 -42.060642 -0.34448819,
  22.826269 -42.057069 -0.34448819,22.839314 -42.052793 -0.34448819,
  22.852904 -42.048661 -0.34448819,22.878782 -42.041031 -0.34448819,
  22.899702 -42.035281 -0.34448819,22.917029 -42.031179 -0.34448819,
  22.932129 -42.028491 -0.34448819,22.946369 -42.026982 -0.34448819,
  22.961113 -42.026419 -0.34448819,22.977728 -42.026569 -0.34448819,
  22.981443 -42.026665 -0.34448819,22.998607 -42.027215 -0.34448819,
  23.010485 -42.027924 -0.34448819,23.018455 -42.029077 -0.34448819,
  23.023895 -42.030957 -0.34448819,23.028185 -42.033848 -0.34448819,
  23.031626 -42.036993 -0.34448819,23.040744 -42.043645 -0.34448819,
  23.051326 -42.046074 -0.34448819,23.055395 -42.046191 -0.34448819,
  23.066202 -42.045263 -0.34448819,23.075281 -42.042959 -0.34448819,
  23.076879 -42.042222 -0.34448819,23.084439 -42.040196 -0.34448819,
  23.096994 -42.039143 -0.34448819,23.111396 -42.039152 -0.34448819,
  23.125067 -42.039435 -0.34448819,23.133609 -42.038986 -0.34448819,
  23.138543 -42.037516 -0.34448819,23.141393 -42.034736 -0.34448819,
  23.14223 -42.033307 -0.34448819,23.145612 -42.021999 -0.34448819,
  23.142984 -42.012879 -0.34448819,23.134775 -42.006414 -0.34448819,
  23.121417 -42.003073 -0.34448819,23.114027 -42.002713 -0.34448819,
  23.102862 -42.002299 -0.34448819,23.095388 -42.000211 -0.34448819,
  23.08864 -41.995174 -0.34448819,23.082876 -41.989335 -0.34448819,
  23.074331 -41.981209 -0.34448819,23.067128 -41.977195 -0.34448819,
  23.058703 -41.97598 -0.34448819,23.056793 -41.975957 -0.34448819,
  23.042202 -41.978622 -0.34448819,23.03445 -41.983014 -0.34448819,
  23.030074 -41.985999 -0.34448819,23.025028 -41.987975 -0.34448819,
  23.017952 -41.98912 -0.34448819,23.007485 -41.989611 -0.34448819,
  22.992263 -41.989628 -0.34448819,22.984501 -41.989541 -0.34448819,
  22.959787 -41.989911 -0.34448819,22.936154 -41.991875 -0.34448819,
  22.911906 -41.995717 -0.34448819,22.885349 -42.001717 -0.34448819,
  22.854788 -42.010157 -0.34448819,22.847545 -42.012313 -0.34448819,
  22.833714 -42.016351 -0.34448819,22.822481 -42.019399 -0.34448819,
  22.815222 -42.021098 -0.34448819,22.813216 -42.021274 -0.34448819,
  22.812639 -42.016174 -0.34448819,22.816566 -42.007355 -0.34448819,
  22.824534 -41.995557 -0.34448819,22.836079 -41.981522 -0.34448819,
  22.8425 -41.97448 -0.34448819,22.85525 -41.960063 -0.34448819,
  22.865168 -41.947161 -0.34448819,22.871333 -41.937008 -0.34448819,
  22.872447 -41.934291 -0.34448819,22.875694 -41.91504 -0.34448819,
  22.874327 -41.89155 -0.34448819,22.868415 -41.864339 -0.34448819,
  22.859556 -41.837855 -0.34448819,22.853395 -41.821159 -0.34448819,
  22.849704 -41.809454 -0.34448819,22.848213 -41.801629 -0.34448819,
  22.848652 -41.796576 -0.34448819,22.849211 -41.795259 -0.34448819,
  22.850687 -41.789267 -0.34448819,22.846913 -41.783833 -0.34448819,
  22.845919 -41.782952 -0.34448819,22.840191 -41.776718 -0.34448819,
  22.839928 -41.773018 -0.34448819,22.844398 -41.771924 -0.34448819,
  22.852866 -41.773509 -0.34448819,22.864601 -41.777842 -0.34448819,
  22.870458 -41.780563 -0.34448819,22.880063 -41.786137 -0.34448819,
  22.893009 -41.79482 -0.34448819,22.907553 -41.805397 -0.34448819,
  22.921082 -41.815941 -0.34448819,22.941612 -41.832057 -0.34448819,
  22.958805 -41.84415 -0.34448819,22.974092 -41.85287 -0.34448819,
  22.988906 -41.858865 -0.34448819,23.004678 -41.862786 -0.34448819,
  23.022841 -41.865282 -0.34448819,23.031593 -41.866067 -0.34448819,
  23.050066 -41.867212 -0.34448819,23.064225 -41.867389 -0.34448819,
  23.073135 -41.866603 -0.34448819,23.075156 -41.865949 -0.34448819,
  23.083482 -41.863172 -0.34448819,23.096257 -41.860757 -0.34448819,
  23.111263 -41.858935 -0.34448819,23.126284 -41.857938 -0.34448819,
  23.139104 -41.858 -0.34448819,23.144857 -41.858648 -0.34448819,
  23.156086 -41.861794 -0.34448819,23.166229 -41.866355 -0.34448819,
  23.17342 -41.871325 -0.34448819,23.175827 -41.87532 -0.34448819,
  23.172851 -41.877441 -0.34448819,23.165276 -41.879606 -0.34448819,
  23.159993 -41.880556 -0.34448819,23.145038 -41.884491 -0.34448819,
  23.135988 -41.89111 -0.34448819,23.132545 -41.900647 -0.34448819,
  23.132493 -41.902228 -0.34448819,23.13403 -41.910582 -0.34448819,
  23.13888 -41.915973 -0.34448819,23.147408 -41.918349 -0.34448819,
  23.159977 -41.917661 -0.34448819,23.176949 -41.913858 -0.34448819,
  23.198687 -41.906891 -0.34448819,23.225555 -41.896709 -0.34448819,
  23.252155 -41.885719 -0.34448819,23.314529 -41.862028 -0.34448819,
  23.379426 -41.842627 -0.34448819,23.40416 -41.836579 -0.34448819,
  23.419819 -41.833651 -0.34448819,23.437405 -41.831762 -0.34448819,
  23.458565 -41.830784 -0.34448819,23.480827 -41.830574 -0.34448819,
  23.500629 -41.830698 -0.34448819,23.515334 -41.831111 -0.34448819,
  23.526511 -41.832012 -0.34448819,23.535729 -41.833602 -0.34448819,
  23.544557 -41.836078 -0.34448819,23.554563 -41.839642 -0.34448819,
  23.555827 -41.840118 -0.34448819,23.565578 -41.844162 -0.34448819,
  23.578407 -41.849992 -0.34448819,23.593141 -41.857013 -0.34448819,
  23.608602 -41.864631 -0.34448819,23.623614 -41.87225 -0.34448819,
  23.637 -41.879276 -0.34448819,23.647584 -41.885113 -0.34448819,
  23.65419 -41.889167 -0.34448819,23.655827 -41.890685 -0.34448819,
  23.652867 -41.890602 -0.34448819,23.644698 -41.888593 -0.34448819,
  23.632388 -41.884986 -0.34448819,23.617006 -41.880111 -0.34448819,
  23.59962 -41.874295 -0.34448819,23.581296 -41.867867 -0.34448819,
  23.57916 -41.867098 -0.34448819,23.557684 -41.860146 -0.34448819,
  23.537043 -41.855381 -0.34448819,23.516279 -41.852858 -0.34448819,
  23.494439 -41.85263 -0.34448819,23.470566 -41.85475 -0.34448819,
  23.443706 -41.859274 -0.34448819,23.412903 -41.866254 -0.34448819,
  23.377201 -41.875746 -0.34448819,23.364987 -41.879207 -0.34448819,
  23.344385 -41.884907 -0.34448819,23.323857 -41.890221 -0.34448819,
  23.305146 -41.894722 -0.34448819,23.289996 -41.897986 -0.34448819,
  23.283161 -41.8992 -0.34448819,23.265954 -41.902081 -0.34448819,
  23.254232 -41.904897 -0.34448819,23.246835 -41.908152 -0.34448819,
  23.242606 -41.912352 -0.34448819,23.240428 -41.917832 -0.34448819,
  23.240128 -41.928344 -0.34448819,23.245403 -41.935231 -0.34448819,
  23.256263 -41.938495 -0.34448819,23.272717 -41.938141 -0.34448819,
  23.286515 -41.935954 -0.34448819,23.295814 -41.933831 -0.34448819,
  23.310111 -41.93021 -0.34448819,23.328003 -41.925463 -0.34448819,
  23.348087 -41.919962 -0.34448819,23.368195 -41.914297 -0.34448819,
  23.389662 -41.908333 -0.34448819,23.410875 -41.902744 -0.34448819,
  23.430261 -41.897922 -0.34448819,23.44625 -41.894259 -0.34448819,
  23.456476 -41.892271 -0.34448819,23.495747 -41.889222 -0.34448819,
  23.534537 -41.892662 -0.34448819,23.567309 -41.900905 -0.34448819,
  23.596886 -41.910739 -0.34448819,23.553856 -41.912891 -0.34448819,
  23.540603 -41.913587 -0.34448819,23.529024 -41.914321 -0.34448819,
  23.518141 -41.915232 -0.34448819,23.50698 -41.916454 -0.34448819,
  23.494562 -41.918122 -0.34448819,23.479913 -41.920374 -0.34448819,
  23.462055 -41.923345 -0.34448819,23.446024 -41.926128 -0.34448819,
  23.440012 -41.927171 -0.34448819,23.412808 -41.931988 -0.34448819,
  23.39916 -41.934419 -0.34448819,23.376244 -41.938285 -0.34448819,
  23.352835 -41.94185 -0.34448819,23.330757 -41.944864 -0.34448819,
  23.311832 -41.947076 -0.34448819,23.299454 -41.948145 -0.34448819,
  23.27867 -41.950232 -0.34448819,23.264089 -41.953713 -0.34448819,
  23.255343 -41.958853 -0.34448819,23.252064 -41.965917 -0.34448819,
  23.253883 -41.97517 -0.34448819,23.255944 -41.979521 -0.34448819,
  23.259882 -41.983022 -0.34448819,23.267516 -41.985228 -0.34448819,
  23.279199 -41.986111 -0.34448819,23.295283 -41.985637 -0.34448819,
  23.316119 -41.983778 -0.34448819,23.34206 -41.980501 -0.34448819,
  23.373457 -41.975777 -0.34448819,23.410662 -41.969573 -0.34448819,
  23.450827 -41.962442 -0.34448819,23.478911 -41.957695 -0.34448819,
  23.503728 -41.9544 -0.34448819,23.528248 -41.952253 -0.34448819,
  23.555441 -41.950948 -0.34448819,23.565827 -41.950643 -0.34448819,
  23.588386 -41.950212 -0.34448819,23.604703 -41.950248 -0.34448819,
  23.614659 -41.950745 -0.34448819,23.618138 -41.9517 -0.34448819,
  23.617493 -41.95231 -0.34448819,23.610713 -41.954963 -0.34448819,
  23.598536 -41.959143 -0.34448819,23.58198 -41.964544 -0.34448819,
  23.562057 -41.970859 -0.34448819,23.539784 -41.977779 -0.34448819,
  23.516176 -41.984998 -0.34448819,23.492247 -41.992208 -0.34448819,
  23.469014 -41.999101 -0.34448819,23.44749 -42.005371 -0.34448819,
  23.428691 -42.010709 -0.34448819,23.413633 -42.014808 -0.34448819,
  23.403329 -42.017361 -0.34448819,23.401367 -42.01777 -0.34448819,
  23.377089 -42.021099 -0.34448819,23.350763 -42.022484 -0.34448819,
  23.324839 -42.021926 -0.34448819,23.301769 -42.019426 -0.34448819,
  23.293188 -42.01772 -0.34448819,23.282832 -42.014723 -0.34448819,
  23.26794 -42.009693 -0.34448819,23.250114 -42.003202 -0.34448819,
  23.230957 -41.99583 -0.34448819,23.219855 -41.99137 -0.34448819,
  23.191303 -41.980047 -0.34448819,23.168082 -41.971681 -0.34448819,
  23.149593 -41.966174 -0.34448819,23.135236 -41.96343 -0.34448819,
  23.124411 -41.96335 -0.34448819,23.116519 -41.965838 -0.34448819,
  23.11096 -41.970796 -0.34448819,23.109272 -41.973419 -0.34448819,
  23.106413 -41.983348 -0.34448819,23.109783 -41.991096 -0.34448819,
  23.119155 -41.996152 -0.34448819,23.119398 -41.996221 -0.34448819,
  23.142417 -42.002912 -0.34448819,23.162043 -42.009273 -0.34448819,
  23.181215 -42.016333 -0.34448819,23.202872 -42.025122 -0.34448819,
  23.207493 -42.027066 -0.34448819,23.234333 -42.037935 -0.34448819,
  23.257172 -42.04598 -0.34448819,23.27782 -42.051652 -0.34448819,
  23.298089 -42.0554 -0.34448819,23.319793 -42.057674 -0.34448819,
  23.33416 -42.058513 -0.34448819,23.352497 -42.059033 -0.34448819,
  23.369649 -42.058702 -0.34448819,23.386557 -42.057324 -0.34448819,
  23.404162 -42.054705 -0.34448819,23.423407 -42.05065 -0.34448819,
  23.445233 -42.044964 -0.34448819,23.470582 -42.037451 -0.34448819,
  23.500394 -42.027918 -0.34448819,23.530811 -42.017789 -0.34448819,
  23.574198 -42.003432 -0.34448819,23.612584 -41.991368 -0.34448819,
  23.647122 -41.981317 -0.34448819,23.678966 -41.972998 -0.34448819,
  23.709268 -41.966133 -0.34448819,23.739181 -41.960441 -0.34448819,
  23.769859 -41.955643 -0.34448819,23.802456 -41.951458 -0.34448819,
  23.805711 -41.95108 -0.34448819,23.82514 -41.948588 -0.34448819,
  23.838866 -41.946011 -0.34448819,23.847843 -41.942894 -0.34448819,
  23.853024 -41.938786 -0.34448819,23.855362 -41.933231 -0.34448819,
  23.855827 -41.927232 -0.34448819,23.85471 -41.920245 -0.34448819,
  23.850725 -41.915732 -0.34448819,23.84292 -41.913377 -0.34448819,
  23.830341 -41.912864 -0.34448819,23.814888 -41.913662 -0.34448819,
  23.80005 -41.914893 -0.34448819,23.786721 -41.916257 -0.34448819,
  23.777038 -41.917526 -0.34448819,23.774631 -41.917964 -0.34448819,
  23.768169 -41.918973 -0.34448819,23.766922 -41.91718 -0.34448819,
  23.768915 -41.912871 -0.34448819,23.770503 -41.905358 -0.34448819,
  23.768813 -41.897809 -0.34448819,23.764712 -41.892939 -0.34448819,
  23.762376 -41.892344 -0.34448819,23.760118 -41.889438 -0.34448819,
  23.75916 -41.882434 -0.34448819,23.75916 -41.882311 -0.34448819,
  23.757011 -41.873205 -0.34448819,23.751723 -41.86486 -0.34448819,
  23.745032 -41.859622 -0.34448819,23.741819 -41.8589 -0.34448819,
  23.731099 -41.92134 -0.34448819,23.730643 -41.922958 -0.34448819,
  23.724096 -41.925593 -0.34448819,23.711929 -41.929087 -0.34448819,
  23.695665 -41.933046 -0.34448819,23.679554 -41.936777 -0.34448819,
  23.66553 -41.94009 -0.34448819,23.655026 -41.94264 -0.34448819,
  23.649476 -41.944085 -0.34448819,23.649287 -41.944144 -0.34448819,
  23.645522 -41.943571 -0.34448819,23.644193 -41.937812 -0.34448819,
  23.64416 -41.935952 -0.34448819,23.64416 -41.926128 -0.34448819,
  23.66916 -41.927946 -0.34448819,23.687667 -41.928407 -0.34448819,
  23.701714 -41.926582 -0.34448819,23.707493 -41.924822 -0.34448819,
  23.717217 -41.921296 -0.34448819,23.722899 -41.919752 -0.34448819,
  23.726757 -41.919864 -0.34448819,23.731007 -41.921305 -0.34448819,
  21.931394 -42.094141 -0.34448819,21.930718 -42.097882 -0.34448819,
  21.926548 -42.10582 -0.34448819,21.919591 -42.116959 -0.34448819,
  21.910553 -42.130299 -0.34448819,21.900139 -42.144844 -0.34448819,
  21.889057 -42.159595 -0.34448819,21.878011 -42.173555 -0.34448819,
  21.86771 -42.185727 -0.34448819,21.862651 -42.191261 -0.34448819,
  21.844074 -42.210016 -0.34448819,21.828382 -42.223637 -0.34448819,
  21.814634 -42.232467 -0.34448819,21.801887 -42.236848 -0.34448819,
  21.789201 -42.237124 -0.34448819,21.775632 -42.233638 -0.34448819,
  21.762315 -42.227781 -0.34448819,21.749404 -42.219668 -0.34448819,
  21.733446 -42.206944 -0.34448819,21.71528 -42.190432 -0.34448819,
  21.695748 -42.170951 -0.34448819,21.675692 -42.149324 -0.34448819,
  21.655952 -42.126372 -0.34448819,21.646541 -42.114753 -0.34448819,
  21.63338 -42.098176 -0.34448819,21.619713 -42.081006 -0.34448819,
  21.606983 -42.065052 -0.34448819,21.596632 -42.052123 -0.34448819,
  21.594785 -42.049825 -0.34448819,21.586881 -42.039552 -0.34448819,
  21.58161 -42.031802 -0.34448819,21.579598 -42.027558 -0.34448819,
  21.580332 -42.027143 -0.34448819,21.585296 -42.028525 -0.34448819,
  21.595583 -42.031021 -0.34448819,21.609996 -42.034353 -0.34448819,
  21.627338 -42.038242 -0.34448819,21.641655 -42.041381 -0.34448819,
  21.658865 -42.044941 -0.34448819,21.681356 -42.049319 -0.34448819,
  21.707822 -42.054278 -0.34448819,21.736961 -42.059578 -0.34448819,
  21.76747 -42.064981 -0.34448819,21.798046 -42.070249 -0.34448819,
  21.813466 -42.072843 -0.34448819,21.840452 -42.077387 -0.34448819,
  21.865324 -42.081661 -0.34448819,21.887321 -42.085528 -0.34448819,
  21.905687 -42.088852 -0.34448819,21.919662 -42.091494 -0.34448819,
  21.928487 -42.093318 -0.34448819,21.631836 -41.890262 -0.34448819,
  21.630313 -41.883441 -0.34448819,21.624894 -41.88062 -0.34448819,
  21.619363 -41.882185 -0.34448819,21.616159 -41.887212 -0.34448819,
  21.617381 -41.89317 -0.34448819,21.622068 -41.89705 -0.34448819,
  21.624206 -41.897361 -0.34448819,21.630178 -41.894589 -0.34448819,
  21.564996 -41.876363 -0.34448819,21.563322 -41.871641 -0.34448819,
  21.562632 -41.870773 -0.34448819,21.557984 -41.866489 -0.34448819,
  21.555827 -41.865589 -0.34448819,21.551865 -41.867863 -0.34448819,
  21.549021 -41.870773 -0.34448819,21.54658 -41.875698 -0.34448819,
  21.549379 -41.880594 -0.34448819,21.55028 -41.881523 -0.34448819,
  21.554966 -41.885273 -0.34448819,21.558819 -41.883941 -0.34448819,
  21.561374 -41.881523 -0.34448819,21.73195 -41.863554 -0.34448819,
  21.728433 -41.857991 -0.34448819,21.722566 -41.855893 -0.34448819,
  21.718164 -41.857669 -0.34448819,21.715877 -41.863536 -0.34448819,
  21.717126 -41.870103 -0.34448819,21.720296 -41.873283 -0.34448819,
  21.72731 -41.873196 -0.34448819,21.731658 -41.868381 -0.34448819,
  21.655827 -41.847194 -0.34448819,21.653274 -41.840787 -0.34448819,
  21.647489 -41.834802 -0.34448819,21.64128 -41.832144 -0.34448819,
  21.641256 -41.832144 -0.34448819,21.635462 -41.834311 -0.34448819,
  21.63316 -41.836157 -0.34448819,21.62958 -41.843718 -0.34448819,
  21.63073 -41.8522 -0.34448819,21.635632 -41.85918 -0.34448819,
  21.643307 -41.862238 -0.34448819,21.643703 -41.862244 -0.34448819,
  21.647952 -41.859723 -0.34448819,21.652728 -41.85412 -0.34448819,
  21.655659 -41.84838 -0.34448819,22.942493 -41.84385 -0.34448819,
  22.940949 -41.837312 -0.34448819,22.935722 -41.835488 -0.34448819,
  22.929342 -41.837596 -0.34448819,22.927093 -41.840345 -0.34448819,
  22.926972 -41.847575 -0.34448819,22.932239 -41.851726 -0.34448819,
  22.936024 -41.852211 -0.34448819,22.941127 -41.850144 -0.34448819,
  22.911727 -41.83703 -0.34448819,22.909125 -41.830429 -0.34448819,
  22.903572 -41.825876 -0.34448819,22.898498 -41.827581 -0.34448819,
  22.896178 -41.830048 -0.34448819,22.893892 -41.836837 -0.34448819,
  22.896558 -41.842905 -0.34448819,22.902955 -41.845522 -0.34448819,
  22.909426 -41.842988 -0.34448819,22.881836 -41.83675 -0.34448819,
  22.880313 -41.82993 -0.34448819,22.874895 -41.827109 -0.34448819,
  22.869363 -41.828674 -0.34448819,22.866159 -41.8337 -0.34448819,
  22.867381 -41.839659 -0.34448819,22.872068 -41.843538 -0.34448819,
  22.874206 -41.84385 -0.34448819,22.880178 -41.841078 -0.34448819,
  21.771653 -41.833613 -0.34448819,21.769125 -41.827085 -0.34448819,
  21.763181 -41.822489 -0.34448819,21.758548 -41.824284 -0.34448819,
  21.757032 -41.827127 -0.34448819,21.75644 -41.834881 -0.34448819,
  21.759873 -41.840672 -0.34448819,21.76416 -41.842177 -0.34448819,
  21.769741 -41.839587 -0.34448819,22.88195 -41.810043 -0.34448819,
  22.878433 -41.80448 -0.34448819,22.872566 -41.802381 -0.34448819,
  22.868164 -41.804157 -0.34448819,22.865877 -41.810024 -0.34448819,
  22.867126 -41.816591 -0.34448819,22.870296 -41.819771 -0.34448819,
  22.87731 -41.819684 -0.34448819,22.881658 -41.81487 -0.34448819,
  22.785283 -41.806698 -0.34448819,22.781767 -41.801135 -0.34448819,
  22.775899 -41.799037 -0.34448819,22.771498 -41.800813 -0.34448819,
  22.769211 -41.80668 -0.34448819,22.77046 -41.813247 -0.34448819,
  22.773629 -41.816426 -0.34448819,22.780643 -41.81634 -0.34448819,
  22.784992 -41.811526 -0.34448819,21.99416 -41.782209 -0.34448819,
  21.992395 -41.774865 -0.34448819,21.987996 -41.772982 -0.34448819,
  21.982621 -41.776806 -0.34448819,21.980007 -41.783384 -0.34448819,
  21.981749 -41.789112 -0.34448819,21.986881 -41.791524 -0.34448819,
  21.988317 -41.791375 -0.34448819,21.993144 -41.787407 -0.34448819,
  22.260528 -41.783225 -0.34448819,22.260378 -41.776809 -0.34448819,
  22.256902 -41.770847 -0.34448819,22.252493 -41.768599 -0.34448819,
  22.248512 -41.770869 -0.34448819,22.245827 -41.773615 -0.34448819,
  22.243357 -41.778969 -0.34448819,22.245827 -41.783649 -0.34448819,
  22.252247 -41.788217 -0.34448819,22.257997 -41.787005 -0.34448819,
  22.508751 -41.760103 -0.34448819,22.504863 -41.753435 -0.34448819,
  22.496596 -41.749453 -0.34448819,22.494774 -41.749157 -0.34448819,
  22.487843 -41.749739 -0.34448819,22.484407 -41.754914 -0.34448819,
  22.483904 -41.756726 -0.34448819,22.484039 -41.765946 -0.34448819,
  22.488412 -41.772262 -0.34448819,22.495184 -41.7748 -0.34448819,
  22.502518 -41.772689 -0.34448819,22.507136 -41.767763 -0.34448819,
  22.464638 -41.783606 -0.34448819,22.464286 -41.777496 -0.34448819,
  22.460703 -41.771385 -0.34448819,22.45584 -41.768599 -0.34448819,
  22.455827 -41.768599 -0.34448819,22.451845 -41.770869 -0.34448819,
  22.44916 -41.773615 -0.34448819,22.446691 -41.778969 -0.34448819,
  22.44916 -41.783649 -0.34448819,22.4556 -41.788137 -0.34448819,
  22.461693 -41.787408 -0.34448819,22.304996 -41.772685 -0.34448819,
  22.303322 -41.767963 -0.34448819,22.302632 -41.767094 -0.34448819,
  22.297984 -41.76281 -0.34448819,22.295827 -41.76191 -0.34448819,
  22.291865 -41.764184 -0.34448819,22.289021 -41.767094 -0.34448819,
  22.28658 -41.772019 -0.34448819,22.289379 -41.776915 -0.34448819,
  22.29028 -41.777844 -0.34448819,22.294966 -41.781594 -0.34448819,
  22.298819 -41.780261 -0.34448819,22.301374 -41.777844 -0.34448819,
  22.717376 -41.745577 -0.34448819,22.7142 -41.74062 -0.34448819,
  22.710418 -41.739158 -0.34448819,22.704028 -41.740227 -0.34448819,
  22.701559 -41.742806 -0.34448819,22.701565 -41.749944 -0.34448819,
  22.706295 -41.754357 -0.34448819,22.711226 -41.754668 -0.34448819,
  22.716434 -41.751207 -0.34448819,22.690827 -41.768599 -0.34448819,
  22.688766 -41.762061 -0.34448819,22.684125 -41.758966 -0.34448819,
  22.679217 -41.760201 -0.34448819,22.677127 -41.763335 -0.34448819,
  22.676382 -41.77111 -0.34448819,22.67956 -41.776706 -0.34448819,
  22.684983 -41.777997 -0.34448819,22.689806 -41.774017 -0.34448819,
  21.691937 -41.765102 -0.34448819,21.691934 -41.759795 -0.34448819,
  21.688413 -41.754282 -0.34448819,21.682534 -41.75222 -0.34448819,
  21.678164 -41.753991 -0.34448819,21.675809 -41.760244 -0.34448819,
  21.677743 -41.766977 -0.34448819,21.681384 -41.770023 -0.34448819,
  21.688238 -41.77008 -0.34448819,21.978617 -41.759875 -0.34448819,
  21.9751 -41.754312 -0.34448819,21.969232 -41.752215 -0.34448819,
  21.964831 -41.753991 -0.34448819,21.962544 -41.759857 -0.34448819,
  21.963793 -41.766424 -0.34448819,21.966962 -41.769604 -0.34448819,
  21.973977 -41.769517 -0.34448819,21.978325 -41.764703 -0.34448819,
  22.235221 -41.751126 -0.34448819,22.234255 -41.745427 -0.34448819,
  22.231385 -41.740556 -0.34448819,22.223578 -41.733472 -0.34448819,
  22.214363 -41.732224 -0.34448819,22.205569 -41.736994 -0.34448819,
  22.204677 -41.737926 -0.34448819,22.199739 -41.747548 -0.34448819,
  22.200631 -41.757571 -0.34448819,22.204579 -41.763525 -0.34448819,
  22.212933 -41.767802 -0.34448819,22.2223 -41.766767 -0.34448819,
  22.230325 -41.760883 -0.34448819,22.23219 -41.758115 -0.34448819,
  22.03195 -41.756531 -0.34448819,22.028433 -41.750968 -0.34448819,
  22.022566 -41.74887 -0.34448819,22.018164 -41.750646 -0.34448819,
  22.015877 -41.756513 -0.34448819,22.017126 -41.76308 -0.34448819,
  22.020296 -41.766259 -0.34448819,22.02731 -41.766173 -0.34448819,
  22.031658 -41.761358 -0.34448819,22.597434 -41.746053 -0.34448819,
  22.596725 -41.742679 -0.34448819,22.592621 -41.739116 -0.34448819,
  22.586286 -41.738951 -0.34448819,22.581144 -41.742041 -0.34448819,
  22.580427 -41.743355 -0.34448819,22.580322 -41.750614 -0.34448819,
  22.585552 -41.754781 -0.34448819,22.589 -41.755221 -0.34448819,
  22.595388 -41.752596 -0.34448819,22.28916 -41.743515 -0.34448819,
  22.287615 -41.736977 -0.34448819,22.282389 -41.735154 -0.34448819,
  22.276009 -41.737261 -0.34448819,22.27376 -41.740011 -0.34448819,
  22.273638 -41.747241 -0.34448819,22.278905 -41.751392 -0.34448819,
  22.28269 -41.751876 -0.34448819,22.287794 -41.74981 -0.34448819,
  22.257493 -41.807015 -0.34448819,22.25492 -41.801496 -0.34448819,
  22.249162 -41.799062 -0.34448819,22.243166 -41.800282 -0.34448819,
  22.240369 -41.803706 -0.34448819,22.24027 -41.810167 -0.34448819,
  22.241697 -41.812615 -0.34448819,22.24788 -41.815222 -0.34448819,
  22.254106 -41.813343 -0.34448819,22.257428 -41.808021 -0.34448819,
  22.20443 -41.729791 -0.34448819,22.202143 -41.723024 -0.34448819,
  22.196767 -41.718793 -0.34448819,22.191618 -41.7208 -0.34448819,
  22.189195 -41.723406 -0.34448819,22.186593 -41.730337 -0.34448819,
  22.18912 -41.736187 -0.34448819,22.195365 -41.738498 -0.34448819,
  22.201777 -41.735866 -0.34448819,22.50443 -41.729791 -0.34448819,
  22.502143 -41.723024 -0.34448819,22.496767 -41.718793 -0.34448819,
  22.491618 -41.7208 -0.34448819,22.489195 -41.723406 -0.34448819,
  22.486593 -41.730337 -0.34448819,22.48912 -41.736187 -0.34448819,
  22.495365 -41.738498 -0.34448819,22.501777 -41.735866 -0.34448819,
  22.690827 -41.728744 -0.34448819,22.689055 -41.721262 -0.34448819,
  22.684102 -41.719478 -0.34448819,22.679665 -41.721395 -0.34448819,
  22.676253 -41.726624 -0.34448819,22.677381 -41.732689 -0.34448819,
  22.682154 -41.736552 -0.34448819,22.684206 -41.736826 -0.34448819,
  22.689467 -41.734768 -0.34448819,22.427493 -41.718431 -0.34448819,
  22.425433 -41.711894 -0.34448819,22.420792 -41.708798 -0.34448819,
  22.415883 -41.710034 -0.34448819,22.413793 -41.713168 -0.34448819,
  22.413048 -41.720943 -0.34448819,22.416226 -41.726539 -0.34448819,
  22.42165 -41.72783 -0.34448819,22.426473 -41.72385 -0.34448819,
  30.460063 -40.23046 -0.34448819,30.455654 -40.219816 -0.34448819,
  30.447507 -40.211669 -0.34448819,30.436863 -40.20726 -0.34448819,
  30.431102 -40.206693 -0.34448819,28.068898 -40.206693 -0.34448819,
  28.063137 -40.20726 -0.34448819,28.052493 -40.211669 -0.34448819,
  28.044346 -40.219816 -0.34448819,28.039937 -40.23046 -0.34448819,
  28.039937 -40.241981 -0.34448819,28.044346 -40.252625 -0.34448819,
  28.052493 -40.260772 -0.34448819,28.063137 -40.265181 -0.34448819,
  28.068898 -40.265748 -0.34448819,29.218172 -40.265749 -0.34448819,
  29.220472 -40.263817 -0.34448819,29.239745 -40.256803 -0.34448819,
  29.260255 -40.256803 -0.34448819,29.279528 -40.263817 -0.34448819,
  29.281829 -40.265748 -0.34448819,30.431102 -40.265748 -0.34448819,
  30.436863 -40.265181 -0.34448819,30.447507 -40.260772 -0.34448819,
  30.455654 -40.252625 -0.34448819,30.460063 -40.241981 -0.34448819,
  21.090551 -37.401575 -0.34448819,21.089984 -37.395814 -0.34448819,
  21.085575 -37.38517 -0.34448819,21.077428 -37.377024 -0.34448819,
  21.066784 -37.372615 -0.34448819,21.055263 -37.372615 -0.34448819,
  21.044619 -37.377024 -0.34448819,21.036472 -37.38517 -0.34448819,
  21.032063 -37.395814 -0.34448819,21.031496 -37.401575 -0.34448819,
  21.031496 -39.76378 -0.34448819,21.032063 -39.76954 -0.34448819,
  21.036472 -39.780184 -0.34448819,21.044619 -39.788331 -0.34448819,
  21.055263 -39.79274 -0.34448819,21.066784 -39.79274 -0.34448819,
  21.077428 -39.788331 -0.34448819,21.085575 -39.780184 -0.34448819,
  21.089984 -39.76954 -0.34448819,21.090551 -39.76378 -0.34448819,
  24.161417 -37.401575 -0.34448819,24.16085 -37.395814 -0.34448819,
  24.156441 -37.38517 -0.34448819,24.148294 -37.377024 -0.34448819,
  24.13765 -37.372615 -0.34448819,24.126129 -37.372615 -0.34448819,
  24.115485 -37.377024 -0.34448819,24.107339 -37.38517 -0.34448819,
  24.10293 -37.395814 -0.34448819,24.102362 -37.401575 -0.34448819,
  24.102362 -39.76378 -0.34448819,24.10293 -39.76954 -0.34448819,
  24.107339 -39.780184 -0.34448819,24.115485 -39.788331 -0.34448819,
  24.126129 -39.79274 -0.34448819,24.13765 -39.79274 -0.34448819,
  24.148294 -39.788331 -0.34448819,24.156441 -39.780184 -0.34448819,
  24.16085 -39.76954 -0.34448819,24.161417 -39.76378 -0.34448819,
  27.744094 -37.401575 -0.34448819,27.743527 -37.395814 -0.34448819,
  27.739118 -37.38517 -0.34448819,27.730972 -37.377024 -0.34448819,
  27.720328 -37.372615 -0.34448819,27.708806 -37.372615 -0.34448819,
  27.698162 -37.377024 -0.34448819,27.690016 -37.38517 -0.34448819,
  27.685607 -37.395814 -0.34448819,27.685039 -37.401575 -0.34448819,
  27.685039 -39.76378 -0.34448819,27.685607 -39.76954 -0.34448819,
  27.690016 -39.780184 -0.34448819,27.698162 -39.788331 -0.34448819,
  27.708806 -39.79274 -0.34448819,27.720328 -39.79274 -0.34448819,
  27.730972 -39.788331 -0.34448819,27.739118 -39.780184 -0.34448819,
  27.743527 -39.76954 -0.34448819,27.744094 -39.76378 -0.34448819,
  30.814961 -37.401575 -0.34448819,30.814393 -37.395814 -0.34448819,
  30.809984 -37.38517 -0.34448819,30.801838 -37.377024 -0.34448819,
  30.791194 -37.372615 -0.34448819,30.779672 -37.372615 -0.34448819,
  30.769028 -37.377024 -0.34448819,30.760882 -37.38517 -0.34448819,
  30.756473 -37.395814 -0.34448819,30.755906 -37.401575 -0.34448819,
  30.755906 -39.76378 -0.34448819,30.756473 -39.76954 -0.34448819,
  30.760882 -39.780184 -0.34448819,30.769028 -39.788331 -0.34448819,
  30.779672 -39.79274 -0.34448819,30.791194 -39.79274 -0.34448819,
  30.801838 -39.788331 -0.34448819,30.809984 -39.780184 -0.34448819,
  30.814393 -39.76954 -0.34448819,30.814961 -39.76378 -0.34448819,
  23.806519 -36.923373 -0.34448819,23.80211 -36.912729 -0.34448819,
  23.793964 -36.904583 -0.34448819,23.78332 -36.900174 -0.34448819,
  23.777559 -36.899606 -0.34448819,21.415354 -36.899606 -0.34448819,
  21.409594 -36.900174 -0.34448819,21.39895 -36.904583 -0.34448819,
  21.390803 -36.912729 -0.34448819,21.386394 -36.923373 -0.34448819,
  21.386394 -36.934894 -0.34448819,21.390803 -36.945539 -0.34448819,
  21.39895 -36.953685 -0.34448819,21.409594 -36.958094 -0.34448819,
  21.415354 -36.958661 -0.34448819,23.777559 -36.958661 -0.34448819,
  23.78332 -36.958094 -0.34448819,23.793964 -36.953685 -0.34448819,
  23.80211 -36.945539 -0.34448819,23.806519 -36.934894 -0.34448819,
  30.460063 -36.923373 -0.34448819,30.455654 -36.912729 -0.34448819,
  30.447507 -36.904583 -0.34448819,30.436863 -36.900174 -0.34448819,
  30.431102 -36.899606 -0.34448819,28.068898 -36.899606 -0.34448819,
  28.063137 -36.900174 -0.34448819,28.052493 -36.904583 -0.34448819,
  28.044346 -36.912729 -0.34448819,28.039937 -36.923373 -0.34448819,
  28.039937 -36.934894 -0.34448819,28.044346 -36.945539 -0.34448819,
  28.052493 -36.953685 -0.34448819,28.063137 -36.958094 -0.34448819,
  28.068898 -36.958661 -0.34448819,30.431102 -36.958661 -0.34448819,
  30.436863 -36.958094 -0.34448819,30.447507 -36.953685 -0.34448819,
  30.455654 -36.945539 -0.34448819,30.460063 -36.934894 -0.34448819,
  21.491701 -36.199342 -0.34448819,21.487292 -36.188698 -0.34448819,
  21.479145 -36.180552 -0.34448819,21.468501 -36.176143 -0.34448819,
  21.45698 -36.176143 -0.34448819,21.446336 -36.180552 -0.34448819,
  21.438189 -36.188698 -0.34448819,21.43378 -36.199342 -0.34448819,
  21.433213 -36.205103 -0.34448819,21.433213 -36.415077 -0.34448819,
  21.43378 -36.420837 -0.34448819,21.438189 -36.431481 -0.34448819,
  21.446336 -36.439628 -0.34448819,21.45698 -36.444037 -0.34448819,
  21.468501 -36.444037 -0.34448819,21.479145 -36.439628 -0.34448819,
  21.483034 -36.435739 -0.34448819,21.49453 -36.441487 -0.34448819,
  21.499936 -36.443556 -0.34448819,21.500994 -36.443631 -0.34448819,
  21.501974 -36.444037 -0.34448819,21.507735 -36.444604 -0.34448819,
  21.55273 -36.444604 -0.34448819,21.55849 -36.444037 -0.34448819,
  21.55947 -36.443631 -0.34448819,21.560528 -36.443556 -0.34448819,
  21.565935 -36.441487 -0.34448819,21.595931 -36.426489 -0.34448819,
  21.596894 -36.425882 -0.34448819,21.597348 -36.425731 -0.34448819,
  21.597914 -36.425241 -0.34448819,21.60083 -36.423406 -0.34448819,
  21.603255 -36.420608 -0.34448819,21.606052 -36.418183 -0.34448819,
  21.607887 -36.415267 -0.34448819,21.608378 -36.414702 -0.34448819,
  21.608529 -36.414247 -0.34448819,21.609136 -36.413284 -0.34448819,
  21.624134 -36.383287 -0.34448819,21.626203 -36.377881 -0.34448819,
  21.626278 -36.376823 -0.34448819,21.626684 -36.375843 -0.34448819,
  21.627251 -36.370082 -0.34448819,21.627251 -36.205103 -0.34448819,
  21.626684 -36.199342 -0.34448819,21.622275 -36.188698 -0.34448819,
  21.614128 -36.180552 -0.34448819,21.603484 -36.176143 -0.34448819,
  21.591963 -36.176143 -0.34448819,21.581319 -36.180552 -0.34448819,
  21.573172 -36.188698 -0.34448819,21.568763 -36.199342 -0.34448819,
  21.568196 -36.205103 -0.34448819,21.568196 -36.363112 -0.34448819,
  21.560717 -36.37807 -0.34448819,21.545759 -36.385549 -0.34448819,
  21.514706 -36.385549 -0.34448819,21.49523 -36.375811 -0.34448819,
  21.492268 -36.37285 -0.34448819,21.492268 -36.205103 -0.34448819,
  23.140738 -36.426489 -0.34448819,23.141701 -36.425882 -0.34448819,
  23.142156 -36.425731 -0.34448819,23.142721 -36.425241 -0.34448819,
  23.145637 -36.423406 -0.34448819,23.148063 -36.420607 -0.34448819,
  23.150859 -36.418183 -0.34448819,23.152694 -36.415268 -0.34448819,
  23.153185 -36.414702 -0.34448819,23.153336 -36.414247 -0.34448819,
  23.153943 -36.413284 -0.34448819,23.168941 -36.383288 -0.34448819,
  23.17101 -36.377881 -0.34448819,23.171085 -36.376822 -0.34448819,
  23.171491 -36.375843 -0.34448819,23.172059 -36.370082 -0.34448819,
  23.172059 -36.250097 -0.34448819,23.171491 -36.244337 -0.34448819,
  23.171085 -36.243356 -0.34448819,23.17101 -36.242298 -0.34448819,
  23.168941 -36.236892 -0.34448819,23.153943 -36.206896 -0.34448819,
  23.153336 -36.205932 -0.34448819,23.153185 -36.205478 -0.34448819,
  23.152694 -36.204913 -0.34448819,23.150859 -36.201997 -0.34448819,
  23.148062 -36.199571 -0.34448819,23.145637 -36.196775 -0.34448819,
  23.142722 -36.19494 -0.34448819,23.142155 -36.194448 -0.34448819,
  23.1417 -36.194296 -0.34448819,23.140738 -36.193691 -0.34448819,
  23.110742 -36.178693 -0.34448819,23.105336 -36.176624 -0.34448819,
  23.104277 -36.176548 -0.34448819,23.103297 -36.176143 -0.34448819,
  23.097537 -36.175575 -0.34448819,23.037544 -36.175575 -0.34448819,
  23.031783 -36.176143 -0.34448819,23.030804 -36.176548 -0.34448819,
  23.029745 -36.176624 -0.34448819,23.024339 -36.178693 -0.34448819,
  22.994343 -36.193691 -0.34448819,22.993379 -36.194297 -0.34448819,
  22.992925 -36.194449 -0.34448819,22.992358 -36.19494 -0.34448819,
  22.989444 -36.196775 -0.34448819,22.987019 -36.19957 -0.34448819,
  22.984221 -36.201997 -0.34448819,22.982385 -36.204913 -0.34448819,
  22.981895 -36.205478 -0.34448819,22.981744 -36.205932 -0.34448819,
  22.981137 -36.206896 -0.34448819,22.966139 -36.236892 -0.34448819,
  22.96407 -36.242298 -0.34448819,22.963995 -36.243356 -0.34448819,
  22.963589 -36.244337 -0.34448819,22.963022 -36.250097 -0.34448819,
  22.963022 -36.255994 -0.34448819,22.963022 -36.280094 -0.34448819,
  22.963589 -36.285854 -0.34448819,22.964696 -36.288527 -0.34448819,
  22.965258 -36.291365 -0.34448819,22.96688 -36.293798 -0.34448819,
  22.967998 -36.296498 -0.34448819,22.970044 -36.298544 -0.34448819,
  22.971648 -36.300951 -0.34448819,22.974078 -36.302578 -0.34448819,
  22.976145 -36.304645 -0.34448819,22.978817 -36.305752 -0.34448819,
  22.981221 -36.307362 -0.34448819,22.986759 -36.309048 -0.34448819,
  23.113004 -36.334296 -0.34448819,23.113004 -36.363111 -0.34448819,
  23.105524 -36.37807 -0.34448819,23.090566 -36.385549 -0.34448819,
  23.044515 -36.385549 -0.34448819,23.020753 -36.373669 -0.34448819,
  23.015346 -36.3716 -0.34448819,23.003854 -36.370783 -0.34448819,
  22.992925 -36.374426 -0.34448819,22.984221 -36.381975 -0.34448819,
  22.979069 -36.39228 -0.34448819,22.978252 -36.403772 -0.34448819,
  22.981895 -36.414702 -0.34448819,22.989444 -36.423406 -0.34448819,
  22.994343 -36.426489 -0.34448819,23.024339 -36.441487 -0.34448819,
  23.029745 -36.443556 -0.34448819,23.030803 -36.443631 -0.34448819,
  23.031783 -36.444037 -0.34448819,23.037544 -36.444604 -0.34448819,
  23.097537 -36.444604 -0.34448819,23.103297 -36.444037 -0.34448819,
  23.104277 -36.443631 -0.34448819,23.105335 -36.443556 -0.34448819,
  23.110742 -36.441487 -0.34448819,23.113004 -36.257068 -0.34448819,
  23.113004 -36.274072 -0.34448819,23.022614 -36.255994 -0.34448819,
  23.029556 -36.242109 -0.34448819,23.044515 -36.23463 -0.34448819,
  23.090566 -36.23463 -0.34448819,23.105524 -36.242109 -0.34448819,
  22.588069 -36.175621 -0.34448819,22.5876 -36.175575 -0.34448819,
  22.527608 -36.175575 -0.34448819,22.521847 -36.176143 -0.34448819,
  22.520867 -36.176548 -0.34448819,22.519809 -36.176624 -0.34448819,
  22.514402 -36.178693 -0.34448819,22.484406 -36.193691 -0.34448819,
  22.481927 -36.195251 -0.34448819,22.481207 -36.19555 -0.34448819,
  22.480395 -36.196216 -0.34448819,22.479507 -36.196775 -0.34448819,
  22.478997 -36.197363 -0.34448819,22.476732 -36.199222 -0.34448819,
  22.461734 -36.21422 -0.34448819,22.459876 -36.216483 -0.34448819,
  22.459287 -36.216995 -0.34448819,22.458727 -36.217885 -0.34448819,
  22.458062 -36.218694 -0.34448819,22.457764 -36.219414 -0.34448819,
  22.456203 -36.221894 -0.34448819,22.441205 -36.25189 -0.34448819,
  22.439136 -36.257296 -0.34448819,22.439061 -36.258354 -0.34448819,
  22.438655 -36.259335 -0.34448819,22.438088 -36.265095 -0.34448819,
  22.438088 -36.272066 -0.34448819,22.438088 -36.355084 -0.34448819,
  22.438655 -36.360845 -0.34448819,22.439061 -36.361825 -0.34448819,
  22.439136 -36.362883 -0.34448819,22.441205 -36.368289 -0.34448819,
  22.456203 -36.398285 -0.34448819,22.457763 -36.400764 -0.34448819,
  22.458062 -36.401485 -0.34448819,22.458727 -36.402295 -0.34448819,
  22.459287 -36.403184 -0.34448819,22.459876 -36.403696 -0.34448819,
  22.461734 -36.405959 -0.34448819,22.476732 -36.420957 -0.34448819,
  22.478996 -36.422816 -0.34448819,22.479507 -36.423406 -0.34448819,
  22.480395 -36.423964 -0.34448819,22.481206 -36.42463 -0.34448819,
  22.481927 -36.424928 -0.34448819,22.484406 -36.426489 -0.34448819,
  22.514403 -36.441487 -0.34448819,22.519809 -36.443556 -0.34448819,
  22.520867 -36.443631 -0.34448819,22.521847 -36.444037 -0.34448819,
  22.527608 -36.444604 -0.34448819,22.5876 -36.444604 -0.34448819,
  22.593361 -36.444037 -0.34448819,22.594341 -36.443631 -0.34448819,
  22.595399 -36.443556 -0.34448819,22.600806 -36.441487 -0.34448819,
  22.603014 -36.440383 -0.34448819,22.611836 -36.444037 -0.34448819,
  22.623357 -36.444037 -0.34448819,22.634001 -36.439628 -0.34448819,
  22.642148 -36.431481 -0.34448819,22.646557 -36.420837 -0.34448819,
  22.647124 -36.415077 -0.34448819,22.647124 -36.100116 -0.34448819,
  22.646557 -36.094356 -0.34448819,22.642148 -36.083711 -0.34448819,
  22.634001 -36.075565 -0.34448819,22.623357 -36.071156 -0.34448819,
  22.611836 -36.071156 -0.34448819,22.601192 -36.075565 -0.34448819,
  22.593045 -36.083711 -0.34448819,22.588636 -36.094356 -0.34448819,
  22.588069 -36.100116 -0.34448819,22.588069 -36.23835 -0.34448819,
  22.588069 -36.38183 -0.34448819,22.58063 -36.385549 -0.34448819,
  22.534578 -36.385549 -0.34448819,22.515102 -36.375811 -0.34448819,
  22.506881 -36.367589 -0.34448819,22.497143 -36.348114 -0.34448819,
  22.497143 -36.272066 -0.34448819,22.506881 -36.25259 -0.34448819,
  22.515102 -36.244368 -0.34448819,22.534578 -36.23463 -0.34448819,
  22.58063 -36.23463 -0.34448819,22.319203 -36.414485 -0.34448819,
  22.390436 -36.215034 -0.34448819,22.391839 -36.209418 -0.34448819,
  22.391267 -36.197911 -0.34448819,22.386335 -36.187499 -0.34448819,
  22.377794 -36.179767 -0.34448819,22.366944 -36.175892 -0.34448819,
  22.355437 -36.176465 -0.34448819,22.345025 -36.181396 -0.34448819,
  22.337293 -36.189937 -0.34448819,22.334821 -36.195172 -0.34448819,
  22.287637 -36.327284 -0.34448819,22.240454 -36.195172 -0.34448819,
  22.237982 -36.189937 -0.34448819,22.23025 -36.181396 -0.34448819,
  22.219838 -36.176464 -0.34448819,22.208331 -36.175892 -0.34448819,
  22.197481 -36.179767 -0.34448819,22.188941 -36.187499 -0.34448819,
  22.184008 -36.197911 -0.34448819,22.183436 -36.209418 -0.34448819,
  22.184839 -36.215034 -0.34448819,22.25983 -36.425008 -0.34448819,
  22.260067 -36.42551 -0.34448819,22.260222 -36.426043 -0.34448819,
  22.290218 -36.501033 -0.34448819,22.292884 -36.506172 -0.34448819,
  22.293013 -36.506303 -0.34448819,22.293083 -36.506472 -0.34448819,
  22.296755 -36.510946 -0.34448819,22.311753 -36.525944 -0.34448819,
  22.314016 -36.527802 -0.34448819,22.314528 -36.528392 -0.34448819,
  22.315417 -36.528952 -0.34448819,22.316227 -36.529617 -0.34448819,
  22.316946 -36.529915 -0.34448819,22.319427 -36.531476 -0.34448819,
  22.349423 -36.546474 -0.34448819,22.35483 -36.548543 -0.34448819,
  22.366322 -36.549359 -0.34448819,22.377251 -36.545716 -0.34448819,
  22.385955 -36.538167 -0.34448819,22.391107 -36.527862 -0.34448819,
  22.391924 -36.51637 -0.34448819,22.388281 -36.505441 -0.34448819,
  22.380732 -36.496737 -0.34448819,22.375833 -36.493653 -0.34448819,
  22.350122 -36.480798 -0.34448819,22.342798 -36.473474 -0.34448819,
  21.882219 -36.100116 -0.34448819,21.881652 -36.094356 -0.34448819,
  21.877243 -36.083711 -0.34448819,21.869096 -36.075565 -0.34448819,
  21.858452 -36.071156 -0.34448819,21.846931 -36.071156 -0.34448819,
  21.836287 -36.075565 -0.34448819,21.828141 -36.083711 -0.34448819,
  21.823731 -36.094356 -0.34448819,21.823164 -36.100116 -0.34448819,
  21.823164 -36.385549 -0.34448819,21.702711 -36.385549 -0.34448819,
  21.69695 -36.386117 -0.34448819,21.686306 -36.390526 -0.34448819,
  21.678159 -36.398672 -0.34448819,21.67375 -36.409316 -0.34448819,
  21.67375 -36.420837 -0.34448819,21.678159 -36.431481 -0.34448819,
  21.686306 -36.439628 -0.34448819,21.69695 -36.444037 -0.34448819,
  21.702711 -36.444604 -0.34448819,21.852692 -36.444604 -0.34448819,
  21.858452 -36.444037 -0.34448819,21.869096 -36.439628 -0.34448819,
  21.877243 -36.431481 -0.34448819,21.881652 -36.420837 -0.34448819,
  21.882219 -36.415077 -0.34448819,23.410704 -36.426489 -0.34448819,
  23.413184 -36.424928 -0.34448819,23.413904 -36.42463 -0.34448819,
  23.414713 -36.423965 -0.34448819,23.415603 -36.423406 -0.34448819,
  23.416115 -36.422815 -0.34448819,23.418379 -36.420957 -0.34448819,
  23.433377 -36.405959 -0.34448819,23.435235 -36.403694 -0.34448819,
  23.435824 -36.403184 -0.34448819,23.436382 -36.402296 -0.34448819,
  23.437049 -36.401485 -0.34448819,23.437347 -36.400764 -0.34448819,
  23.438907 -36.398286 -0.34448819,23.453906 -36.36829 -0.34448819,
  23.455974 -36.362883 -0.34448819,23.456049 -36.361826 -0.34448819,
  23.456456 -36.360845 -0.34448819,23.457023 -36.355084 -0.34448819,
  23.457023 -36.265095 -0.34448819,23.456456 -36.259335 -0.34448819,
  23.456049 -36.258354 -0.34448819,23.455974 -36.257296 -0.34448819,
  23.453906 -36.25189 -0.34448819,23.438907 -36.221894 -0.34448819,
  23.437346 -36.219414 -0.34448819,23.437048 -36.218694 -0.34448819,
  23.436382 -36.217883 -0.34448819,23.435824 -36.216995 -0.34448819,
  23.435235 -36.216485 -0.34448819,23.433376 -36.21422 -0.34448819,
  23.418378 -36.199222 -0.34448819,23.416113 -36.197363 -0.34448819,
  23.415603 -36.196775 -0.34448819,23.414715 -36.196216 -0.34448819,
  23.413904 -36.19555 -0.34448819,23.413183 -36.195251 -0.34448819,
  23.410704 -36.193691 -0.34448819,23.380709 -36.178693 -0.34448819,
  23.375302 -36.176624 -0.34448819,23.374243 -36.176548 -0.34448819,
  23.373264 -36.176143 -0.34448819,23.367503 -36.175575 -0.34448819,
  23.307511 -36.175575 -0.34448819,23.307042 -36.175621 -0.34448819,
  23.307042 -36.100116 -0.34448819,23.306474 -36.094356 -0.34448819,
  23.302065 -36.083711 -0.34448819,23.293919 -36.075565 -0.34448819,
  23.283275 -36.071156 -0.34448819,23.271754 -36.071156 -0.34448819,
  23.261109 -36.075565 -0.34448819,23.252963 -36.083711 -0.34448819,
  23.248554 -36.094356 -0.34448819,23.247987 -36.100116 -0.34448819,
  23.247987 -36.23835 -0.34448819,23.247987 -36.415077 -0.34448819,
  23.248554 -36.420837 -0.34448819,23.252963 -36.431481 -0.34448819,
  23.261109 -36.439628 -0.34448819,23.271754 -36.444037 -0.34448819,
  23.283275 -36.444037 -0.34448819,23.292096 -36.440383 -0.34448819,
  23.294306 -36.441487 -0.34448819,23.299712 -36.443556 -0.34448819,
  23.30077 -36.443631 -0.34448819,23.30175 -36.444037 -0.34448819,
  23.307511 -36.444604 -0.34448819,23.367503 -36.444604 -0.34448819,
  23.373264 -36.444037 -0.34448819,23.374244 -36.443631 -0.34448819,
  23.375302 -36.443556 -0.34448819,23.380708 -36.441487 -0.34448819,
  23.397968 -36.272066 -0.34448819,23.397968 -36.348113 -0.34448819,
  23.38823 -36.36759 -0.34448819,23.380008 -36.375811 -0.34448819,
  23.360533 -36.385549 -0.34448819,23.314481 -36.385549 -0.34448819,
  23.307042 -36.38183 -0.34448819,23.307042 -36.23835 -0.34448819,
  23.314481 -36.23463 -0.34448819,23.360532 -36.23463 -0.34448819,
  23.380008 -36.244368 -0.34448819,23.38823 -36.25259 -0.34448819,
  21.342287 -36.100116 -0.34448819,21.341719 -36.094356 -0.34448819,
  21.33731 -36.083711 -0.34448819,21.329164 -36.075565 -0.34448819,
  21.31852 -36.071156 -0.34448819,21.306998 -36.071156 -0.34448819,
  21.296354 -36.075565 -0.34448819,21.288208 -36.083711 -0.34448819,
  21.283799 -36.094356 -0.34448819,21.283231 -36.100116 -0.34448819,
  21.283231 -36.363112 -0.34448819,21.275752 -36.37807 -0.34448819,
  21.25456 -36.388667 -0.34448819,21.249661 -36.39175 -0.34448819,
  21.242113 -36.400454 -0.34448819,21.238469 -36.411383 -0.34448819,
  21.239286 -36.422876 -0.34448819,21.244438 -36.433181 -0.34448819,
  21.253142 -36.440729 -0.34448819,21.264072 -36.444372 -0.34448819,
  21.275564 -36.443556 -0.34448819,21.28097 -36.441487 -0.34448819,
  21.310966 -36.426489 -0.34448819,21.31193 -36.425882 -0.34448819,
  21.312384 -36.425731 -0.34448819,21.312949 -36.425241 -0.34448819,
  21.315865 -36.423406 -0.34448819,21.318291 -36.420608 -0.34448819,
  21.321088 -36.418183 -0.34448819,21.322923 -36.415267 -0.34448819,
  21.323413 -36.414702 -0.34448819,21.323565 -36.414247 -0.34448819,
  21.324171 -36.413284 -0.34448819,21.339169 -36.383287 -0.34448819,
  21.341238 -36.377881 -0.34448819,21.341313 -36.376823 -0.34448819,
  21.341719 -36.375843 -0.34448819,21.342287 -36.370082 -0.34448819,
  23.818394 -36.095259 -0.34448819,23.818258 -36.095633 -0.34448819,
  23.818289 -36.096328 -0.34448819,23.817916 -36.100116 -0.34448819,
  23.817916 -36.415077 -0.34448819,23.818483 -36.420837 -0.34448819,
  23.822892 -36.431481 -0.34448819,23.831039 -36.439628 -0.34448819,
  23.841683 -36.444037 -0.34448819,23.853204 -36.444037 -0.34448819,
  23.863848 -36.439628 -0.34448819,23.871994 -36.431481 -0.34448819,
  23.876404 -36.420837 -0.34448819,23.876971 -36.415077 -0.34448819,
  23.876971 -36.233213 -0.34448819,23.925673 -36.337574 -0.34448819,
  23.926922 -36.339683 -0.34448819,23.927182 -36.340398 -0.34448819,
  23.927645 -36.340904 -0.34448819,23.928623 -36.342555 -0.34448819,
  23.931932 -36.345585 -0.34448819,23.934963 -36.348895 -0.34448819,
  23.936152 -36.349449 -0.34448819,23.93712 -36.350336 -0.34448819,
  23.941336 -36.351869 -0.34448819,23.945404 -36.353767 -0.34448819,
  23.946715 -36.353825 -0.34448819,23.947947 -36.354273 -0.34448819,
  23.95243 -36.354076 -0.34448819,23.956914 -36.354273 -0.34448819,
  23.958145 -36.353825 -0.34448819,23.959457 -36.353767 -0.34448819,
  23.963524 -36.351869 -0.34448819,23.967741 -36.350336 -0.34448819,
  23.968708 -36.349449 -0.34448819,23.969897 -36.348895 -0.34448819,
  23.972928 -36.345585 -0.34448819,23.976237 -36.342555 -0.34448819,
  23.977215 -36.340904 -0.34448819,23.977678 -36.340398 -0.34448819,
  23.977938 -36.339683 -0.34448819,23.979188 -36.337574 -0.34448819,
  24.027889 -36.233213 -0.34448819,24.027889 -36.415077 -0.34448819,
  24.028457 -36.420837 -0.34448819,24.032866 -36.431481 -0.34448819,
  24.041012 -36.439628 -0.34448819,24.051656 -36.444037 -0.34448819,
  24.063178 -36.444037 -0.34448819,24.073822 -36.439628 -0.34448819,
  24.081968 -36.431481 -0.34448819,24.086377 -36.420837 -0.34448819,
  24.086944 -36.415077 -0.34448819,24.086944 -36.100116 -0.34448819,
  24.086572 -36.09633 -0.34448819,24.086602 -36.095633 -0.34448819,
  24.086466 -36.095257 -0.34448819,24.086377 -36.094356 -0.34448819,
  24.084417 -36.089624 -0.34448819,24.082665 -36.084806 -0.34448819,
  24.08222 -36.08432 -0.34448819,24.081968 -36.083711 -0.34448819,
  24.078346 -36.080089 -0.34448819,24.074884 -36.076309 -0.34448819,
  24.074287 -36.07603 -0.34448819,24.073822 -36.075565 -0.34448819,
  24.069092 -36.073606 -0.34448819,24.064444 -36.071437 -0.34448819,
  24.063785 -36.071407 -0.34448819,24.063178 -36.071156 -0.34448819,
  24.058057 -36.071156 -0.34448819,24.052933 -36.070931 -0.34448819,
  24.052314 -36.071156 -0.34448819,24.051656 -36.071156 -0.34448819,
  24.046924 -36.073116 -0.34448819,24.042106 -36.074868 -0.34448819,
  24.04162 -36.075313 -0.34448819,24.041012 -36.075565 -0.34448819,
  24.037391 -36.079186 -0.34448819,24.03361 -36.082649 -0.34448819,
  24.033147 -36.08343 -0.34448819,24.032866 -36.083711 -0.34448819,
  24.032599 -36.084354 -0.34448819,24.030659 -36.087629 -0.34448819,
  23.95243 -36.255263 -0.34448819,23.874201 -36.08763 -0.34448819,
  23.872261 -36.084356 -0.34448819,23.871994 -36.083711 -0.34448819,
  23.871713 -36.08343 -0.34448819,23.87125 -36.082649 -0.34448819,
  23.867472 -36.079189 -0.34448819,23.863848 -36.075565 -0.34448819,
  23.863239 -36.075313 -0.34448819,23.862754 -36.074868 -0.34448819,
  23.857939 -36.073117 -0.34448819,23.853204 -36.071156 -0.34448819,
  23.852545 -36.071156 -0.34448819,23.851927 -36.070931 -0.34448819,
  23.846808 -36.071156 -0.34448819,23.841683 -36.071156 -0.34448819,
  23.841074 -36.071407 -0.34448819,23.840417 -36.071437 -0.34448819,
  23.835771 -36.073604 -0.34448819,23.831039 -36.075565 -0.34448819,
  23.830573 -36.07603 -0.34448819,23.829976 -36.076309 -0.34448819,
  23.826516 -36.080087 -0.34448819,23.822892 -36.083711 -0.34448819,
  23.82264 -36.08432 -0.34448819,23.822195 -36.084806 -0.34448819,
  23.820444 -36.08962 -0.34448819,23.818483 -36.094356 -0.34448819,
  29.374252 -36.405234 -0.34448819,29.380013 -36.404667 -0.34448819,
  29.390657 -36.400258 -0.34448819,29.398804 -36.392111 -0.34448819,
  29.403213 -36.381467 -0.34448819,29.40378 -36.375707 -0.34448819,
  29.40378 -36.060746 -0.34448819,29.403213 -36.054985 -0.34448819,
  29.398804 -36.044341 -0.34448819,29.390657 -36.036195 -0.34448819,
  29.380013 -36.031786 -0.34448819,29.374252 -36.031219 -0.34448819,
  29.299262 -36.031219 -0.34448819,29.296346 -36.031506 -0.34448819,
  29.295569 -36.03145 -0.34448819,29.294546 -36.031683 -0.34448819,
  29.293501 -36.031786 -0.34448819,29.29278 -36.032084 -0.34448819,
  29.289924 -36.032734 -0.34448819,29.24493 -36.047732 -0.34448819,
  29.239644 -36.050092 -0.34448819,29.238844 -36.050786 -0.34448819,
  29.237863 -36.051193 -0.34448819,29.233388 -36.054865 -0.34448819,
  29.203392 -36.084861 -0.34448819,29.201534 -36.087124 -0.34448819,
  29.200944 -36.087636 -0.34448819,29.200385 -36.088526 -0.34448819,
  29.19972 -36.089335 -0.34448819,29.199422 -36.090055 -0.34448819,
  29.197861 -36.092535 -0.34448819,29.182863 -36.122531 -0.34448819,
  29.182702 -36.122952 -0.34448819,29.182575 -36.123124 -0.34448819,
  29.181709 -36.125546 -0.34448819,29.180794 -36.127938 -0.34448819,
  29.180779 -36.12815 -0.34448819,29.180627 -36.128575 -0.34448819,
  29.165629 -36.188567 -0.34448819,29.165481 -36.189567 -0.34448819,
  29.165315 -36.189969 -0.34448819,29.165101 -36.192138 -0.34448819,
  29.164782 -36.194294 -0.34448819,29.164846 -36.194724 -0.34448819,
  29.164747 -36.195729 -0.34448819,29.164747 -36.199365 -0.34448819,
  29.164747 -36.240724 -0.34448819,29.164846 -36.241729 -0.34448819,
  29.164782 -36.242159 -0.34448819,29.165101 -36.244314 -0.34448819,
  29.165315 -36.246484 -0.34448819,29.165481 -36.246886 -0.34448819,
  29.165629 -36.247885 -0.34448819,29.180627 -36.307878 -0.34448819,
  29.180779 -36.308303 -0.34448819,29.180794 -36.308515 -0.34448819,
  29.181709 -36.310907 -0.34448819,29.182575 -36.313329 -0.34448819,
  29.182702 -36.3135 -0.34448819,29.182863 -36.313921 -0.34448819,
  29.197861 -36.343917 -0.34448819,29.199421 -36.346396 -0.34448819,
  29.19972 -36.347117 -0.34448819,29.200385 -36.347927 -0.34448819,
  29.200944 -36.348816 -0.34448819,29.201534 -36.349328 -0.34448819,
  29.203392 -36.351591 -0.34448819,29.233388 -36.381588 -0.34448819,
  29.237863 -36.38526 -0.34448819,29.238843 -36.385666 -0.34448819,
  29.239644 -36.386361 -0.34448819,29.24493 -36.388721 -0.34448819,
  29.289924 -36.403719 -0.34448819,29.29278 -36.404368 -0.34448819,
  29.293501 -36.404667 -0.34448819,29.294546 -36.40477 -0.34448819,
  29.295569 -36.405002 -0.34448819,29.296346 -36.404947 -0.34448819,
  29.299262 -36.405234 -0.34448819,29.344725 -36.090274 -0.34448819,
  29.344725 -36.346179 -0.34448819,29.304053 -36.346179 -0.34448819,
  29.270218 -36.334901 -0.34448819,29.248539 -36.313221 -0.34448819,
  29.237133 -36.29041 -0.34448819,29.223802 -36.237087 -0.34448819,
  29.223802 -36.199365 -0.34448819,29.237133 -36.146042 -0.34448819,
  29.248539 -36.123231 -0.34448819,29.270217 -36.101552 -0.34448819,
  29.304053 -36.090274 -0.34448819,29.057499 -36.387119 -0.34448819,
  29.059979 -36.385558 -0.34448819,29.060698 -36.38526 -0.34448819,
  29.061508 -36.384595 -0.34448819,29.062398 -36.384035 -0.34448819,
  29.062909 -36.383445 -0.34448819,29.065173 -36.381587 -0.34448819,
  29.080171 -36.366589 -0.34448819,29.08203 -36.364324 -0.34448819,
  29.082618 -36.363814 -0.34448819,29.083177 -36.362926 -0.34448819,
  29.083843 -36.362115 -0.34448819,29.084142 -36.361394 -0.34448819,
  29.085702 -36.358916 -0.34448819,29.1007 -36.32892 -0.34448819,
  29.102769 -36.323513 -0.34448819,29.102844 -36.322456 -0.34448819,
  29.10325 -36.321475 -0.34448819,29.103818 -36.315714 -0.34448819,
  29.103818 -36.225725 -0.34448819,29.10325 -36.219965 -0.34448819,
  29.102844 -36.218983 -0.34448819,29.102769 -36.217926 -0.34448819,
  29.1007 -36.21252 -0.34448819,29.085702 -36.182524 -0.34448819,
  29.084141 -36.180044 -0.34448819,29.083843 -36.179324 -0.34448819,
  29.083177 -36.178513 -0.34448819,29.082618 -36.177625 -0.34448819,
  29.082029 -36.177115 -0.34448819,29.080171 -36.17485 -0.34448819,
  29.065173 -36.159852 -0.34448819,29.062908 -36.157993 -0.34448819,
  29.062398 -36.157405 -0.34448819,29.06151 -36.156846 -0.34448819,
  29.060698 -36.15618 -0.34448819,29.059978 -36.155881 -0.34448819,
  29.057499 -36.154321 -0.34448819,29.027503 -36.139322 -0.34448819,
  29.022097 -36.137254 -0.34448819,29.021038 -36.137178 -0.34448819,
  29.020058 -36.136772 -0.34448819,29.014298 -36.136205 -0.34448819,
  28.969303 -36.136205 -0.34448819,28.963543 -36.136772 -0.34448819,
  28.962563 -36.137178 -0.34448819,28.961504 -36.137254 -0.34448819,
  28.956098 -36.139322 -0.34448819,28.926102 -36.154321 -0.34448819,
  28.923622 -36.155881 -0.34448819,28.922902 -36.15618 -0.34448819,
  28.92209 -36.156846 -0.34448819,28.921203 -36.157405 -0.34448819,
  28.920692 -36.157993 -0.34448819,28.918428 -36.159852 -0.34448819,
  28.90343 -36.17485 -0.34448819,28.901572 -36.177113 -0.34448819,
  28.900982 -36.177625 -0.34448819,28.900422 -36.178515 -0.34448819,
  28.899757 -36.179324 -0.34448819,28.899459 -36.180044 -0.34448819,
  28.897898 -36.182524 -0.34448819,28.8829 -36.21252 -0.34448819,
  28.880831 -36.217926 -0.34448819,28.880756 -36.218984 -0.34448819,
  28.88035 -36.219965 -0.34448819,28.879783 -36.225725 -0.34448819,
  28.879783 -36.232696 -0.34448819,28.879783 -36.315714 -0.34448819,
  28.88035 -36.321475 -0.34448819,28.880756 -36.322455 -0.34448819,
  28.880831 -36.323513 -0.34448819,28.8829 -36.328919 -0.34448819,
  28.897898 -36.358915 -0.34448819,28.899459 -36.361394 -0.34448819,
  28.899757 -36.362115 -0.34448819,28.900422 -36.362925 -0.34448819,
  28.900982 -36.363814 -0.34448819,28.901572 -36.364326 -0.34448819,
  28.903429 -36.366589 -0.34448819,28.918427 -36.381587 -0.34448819,
  28.920691 -36.383446 -0.34448819,28.921203 -36.384035 -0.34448819,
  28.922091 -36.384594 -0.34448819,28.922902 -36.38526 -0.34448819,
  28.923622 -36.385558 -0.34448819,28.926102 -36.387119 -0.34448819,
  28.956098 -36.402117 -0.34448819,28.961504 -36.404186 -0.34448819,
  28.962562 -36.404261 -0.34448819,28.963543 -36.404667 -0.34448819,
  28.969303 -36.405234 -0.34448819,29.014298 -36.405234 -0.34448819,
  29.020058 -36.404667 -0.34448819,29.021038 -36.404261 -0.34448819,
  29.022096 -36.404186 -0.34448819,29.027503 -36.402117 -0.34448819,
  29.044763 -36.232696 -0.34448819,29.044763 -36.308743 -0.34448819,
  29.035024 -36.32822 -0.34448819,29.026802 -36.336441 -0.34448819,
  29.007327 -36.346179 -0.34448819,28.976274 -36.346179 -0.34448819,
  28.956798 -36.336441 -0.34448819,28.948576 -36.328219 -0.34448819,
  28.938838 -36.308744 -0.34448819,28.938838 -36.232696 -0.34448819,
  28.948576 -36.21322 -0.34448819,28.956798 -36.204998 -0.34448819,
  28.976274 -36.19526 -0.34448819,29.007327 -36.19526 -0.34448819,
  29.026802 -36.204998 -0.34448819,29.035024 -36.21322 -0.34448819,
  28.610384 -36.164002 -0.34448819,28.609904 -36.168002 -0.34448819,
  28.610384 -36.169714 -0.34448819,28.610384 -36.171493 -0.34448819,
  28.611926 -36.175215 -0.34448819,28.613013 -36.179095 -0.34448819,
  28.614495 -36.181419 -0.34448819,28.614793 -36.182137 -0.34448819,
  28.615236 -36.182581 -0.34448819,28.616126 -36.183976 -0.34448819,
  28.743572 -36.346179 -0.34448819,28.639344 -36.346179 -0.34448819,
  28.633583 -36.346746 -0.34448819,28.622939 -36.351156 -0.34448819,
  28.614793 -36.359302 -0.34448819,28.610384 -36.369946 -0.34448819,
  28.610384 -36.381467 -0.34448819,28.614793 -36.392111 -0.34448819,
  28.622939 -36.400258 -0.34448819,28.633583 -36.404667 -0.34448819,
  28.639344 -36.405234 -0.34448819,28.804324 -36.405234 -0.34448819,
  28.80597 -36.405072 -0.34448819,28.806593 -36.405147 -0.34448819,
  28.807341 -36.404937 -0.34448819,28.810084 -36.404667 -0.34448819,
  28.813806 -36.403125 -0.34448819,28.817686 -36.402038 -0.34448819,
  28.819085 -36.400938 -0.34448819,28.820728 -36.400258 -0.34448819,
  28.823576 -36.397409 -0.34448819,28.826746 -36.39492 -0.34448819,
  28.827617 -36.393369 -0.34448819,28.828875 -36.392111 -0.34448819,
  28.830417 -36.388389 -0.34448819,28.832391 -36.384876 -0.34448819,
  28.832603 -36.38311 -0.34448819,28.833284 -36.381467 -0.34448819,
  28.833284 -36.377437 -0.34448819,28.833764 -36.373438 -0.34448819,
  28.833284 -36.371725 -0.34448819,28.833284 -36.369946 -0.34448819,
  28.831742 -36.366224 -0.34448819,28.830655 -36.362344 -0.34448819,
  28.829172 -36.36002 -0.34448819,28.828875 -36.359302 -0.34448819,
  28.828431 -36.358858 -0.34448819,28.827542 -36.357464 -0.34448819,
  28.700096 -36.19526 -0.34448819,28.804324 -36.19526 -0.34448819,
  28.810084 -36.194693 -0.34448819,28.820728 -36.190284 -0.34448819,
  28.828875 -36.182137 -0.34448819,28.833284 -36.171493 -0.34448819,
  28.833284 -36.159972 -0.34448819,28.828875 -36.149328 -0.34448819,
  28.820728 -36.141181 -0.34448819,28.810084 -36.136772 -0.34448819,
  28.804324 -36.136205 -0.34448819,28.639344 -36.136205 -0.34448819,
  28.637698 -36.136367 -0.34448819,28.637075 -36.136293 -0.34448819,
  28.636326 -36.136502 -0.34448819,28.633583 -36.136772 -0.34448819,
  28.629861 -36.138314 -0.34448819,28.625981 -36.139402 -0.34448819,
  28.624582 -36.140501 -0.34448819,28.622939 -36.141181 -0.34448819,
  28.620091 -36.14403 -0.34448819,28.616922 -36.14652 -0.34448819,
  28.61605 -36.14807 -0.34448819,28.614793 -36.149328 -0.34448819,
  28.613251 -36.15305 -0.34448819,28.611276 -36.156563 -0.34448819,
  28.611064 -36.158329 -0.34448819,28.610384 -36.159972 -0.34448819,
  28.532564 -36.387119 -0.34448819,28.533528 -36.386512 -0.34448819,
  28.533982 -36.386361 -0.34448819,28.534547 -36.38587 -0.34448819,
  28.537463 -36.384035 -0.34448819,28.539889 -36.381237 -0.34448819,
  28.542685 -36.378813 -0.34448819,28.54452 -36.375898 -0.34448819,
  28.545011 -36.375331 -0.34448819,28.545163 -36.374877 -0.34448819,
  28.545769 -36.373914 -0.34448819,28.560768 -36.343918 -0.34448819,
  28.562837 -36.338511 -0.34448819,28.562912 -36.337452 -0.34448819,
  28.563318 -36.336473 -0.34448819,28.563885 -36.330712 -0.34448819,
  28.563885 -36.210727 -0.34448819,28.563318 -36.204967 -0.34448819,
  28.562911 -36.203985 -0.34448819,28.562836 -36.202928 -0.34448819,
  28.560767 -36.197522 -0.34448819,28.545769 -36.167526 -0.34448819,
  28.545163 -36.166562 -0.34448819,28.545011 -36.166108 -0.34448819,
  28.544521 -36.165543 -0.34448819,28.542685 -36.162627 -0.34448819,
  28.539888 -36.160201 -0.34448819,28.537463 -36.157405 -0.34448819,
  28.534548 -36.15557 -0.34448819,28.533981 -36.155078 -0.34448819,
  28.533526 -36.154926 -0.34448819,28.532564 -36.154321 -0.34448819,
  28.502569 -36.139322 -0.34448819,28.497162 -36.137254 -0.34448819,
  28.496103 -36.137178 -0.34448819,28.495124 -36.136772 -0.34448819,
  28.489363 -36.136205 -0.34448819,28.42937 -36.136205 -0.34448819,
  28.42361 -36.136772 -0.34448819,28.42263 -36.137178 -0.34448819,
  28.421571 -36.137254 -0.34448819,28.416165 -36.139322 -0.34448819,
  28.386169 -36.154321 -0.34448819,28.385206 -36.154927 -0.34448819,
  28.384751 -36.155079 -0.34448819,28.384185 -36.15557 -0.34448819,
  28.38127 -36.157405 -0.34448819,28.378845 -36.1602 -0.34448819,
  28.376047 -36.162627 -0.34448819,28.374212 -36.165543 -0.34448819,
  28.373722 -36.166108 -0.34448819,28.37357 -36.166562 -0.34448819,
  28.372964 -36.167526 -0.34448819,28.357966 -36.197522 -0.34448819,
  28.355897 -36.202928 -0.34448819,28.355822 -36.203986 -0.34448819,
  28.355416 -36.204967 -0.34448819,28.354848 -36.210727 -0.34448819,
  28.354848 -36.216624 -0.34448819,28.354848 -36.240724 -0.34448819,
  28.355416 -36.246484 -0.34448819,28.356522 -36.249157 -0.34448819,
  28.357084 -36.251995 -0.34448819,28.358706 -36.254428 -0.34448819,
  28.359825 -36.257128 -0.34448819,28.36187 -36.259174 -0.34448819,
  28.363475 -36.261581 -0.34448819,28.365904 -36.263207 -0.34448819,
  28.367971 -36.265275 -0.34448819,28.370644 -36.266381 -0.34448819,
  28.373048 -36.267992 -0.34448819,28.378585 -36.269678 -0.34448819,
  28.50483 -36.294926 -0.34448819,28.50483 -36.323741 -0.34448819,
  28.49735 -36.3387 -0.34448819,28.482393 -36.346179 -0.34448819,
  28.436341 -36.346179 -0.34448819,28.412579 -36.334298 -0.34448819,
  28.407173 -36.33223 -0.34448819,28.395681 -36.331413 -0.34448819,
  28.384751 -36.335056 -0.34448819,28.376047 -36.342605 -0.34448819,
  28.370895 -36.35291 -0.34448819,28.370078 -36.364402 -0.34448819,
  28.373722 -36.375331 -0.34448819,28.38127 -36.384035 -0.34448819,
  28.386169 -36.387119 -0.34448819,28.416165 -36.402117 -0.34448819,
  28.421572 -36.404186 -0.34448819,28.42263 -36.404261 -0.34448819,
  28.42361 -36.404667 -0.34448819,28.42937 -36.405234 -0.34448819,
  28.489363 -36.405234 -0.34448819,28.495124 -36.404667 -0.34448819,
  28.496104 -36.404261 -0.34448819,28.497162 -36.404186 -0.34448819,
  28.502568 -36.402117 -0.34448819,28.50483 -36.217698 -0.34448819,
  28.50483 -36.234702 -0.34448819,28.41444 -36.216624 -0.34448819,
  28.421382 -36.202739 -0.34448819,28.436341 -36.19526 -0.34448819,
  28.482392 -36.19526 -0.34448819,28.49735 -36.202739 -0.34448819,
  29.882396 -36.282132 -0.34448819,29.883359 -36.281525 -0.34448819,
  29.883813 -36.281374 -0.34448819,29.884379 -36.280883 -0.34448819,
  29.887294 -36.279048 -0.34448819,29.889721 -36.27625 -0.34448819,
  29.892517 -36.273826 -0.34448819,29.894352 -36.270911 -0.34448819,
  29.894843 -36.270344 -0.34448819,29.894994 -36.26989 -0.34448819,
  29.895601 -36.268927 -0.34448819,29.910599 -36.238931 -0.34448819,
  29.912668 -36.233524 -0.34448819,29.912743 -36.232465 -0.34448819,
  29.913149 -36.231486 -0.34448819,29.913717 -36.225725 -0.34448819,
  29.913717 -36.210727 -0.34448819,29.913149 -36.204967 -0.34448819,
  29.912743 -36.203985 -0.34448819,29.912668 -36.202928 -0.34448819,
  29.910599 -36.197522 -0.34448819,29.895601 -36.167526 -0.34448819,
  29.894994 -36.166562 -0.34448819,29.894843 -36.166108 -0.34448819,
  29.894352 -36.165543 -0.34448819,29.892517 -36.162627 -0.34448819,
  29.88972 -36.160201 -0.34448819,29.887294 -36.157405 -0.34448819,
  29.88438 -36.15557 -0.34448819,29.883813 -36.155078 -0.34448819,
  29.883358 -36.154926 -0.34448819,29.882396 -36.154321 -0.34448819,
  29.8524 -36.139322 -0.34448819,29.846994 -36.137254 -0.34448819,
  29.845935 -36.137178 -0.34448819,29.844955 -36.136772 -0.34448819,
  29.839194 -36.136205 -0.34448819,29.7942 -36.136205 -0.34448819,
  29.788439 -36.136772 -0.34448819,29.787458 -36.137179 -0.34448819,
  29.786401 -36.137254 -0.34448819,29.780994 -36.139323 -0.34448819,
  29.750998 -36.154321 -0.34448819,29.7461 -36.157405 -0.34448819,
  29.738551 -36.166109 -0.34448819,29.734908 -36.177038 -0.34448819,
  29.735725 -36.18853 -0.34448819,29.740878 -36.198835 -0.34448819,
  29.749581 -36.206384 -0.34448819,29.760511 -36.210027 -0.34448819,
  29.772003 -36.20921 -0.34448819,29.777409 -36.207141 -0.34448819,
  29.801171 -36.19526 -0.34448819,29.832224 -36.19526 -0.34448819,
  29.847181 -36.202739 -0.34448819,29.854661 -36.217698 -0.34448819,
  29.854661 -36.218754 -0.34448819,29.847182 -36.233713 -0.34448819,
  29.832224 -36.241192 -0.34448819,29.7942 -36.241192 -0.34448819,
  29.788439 -36.241759 -0.34448819,29.787459 -36.242165 -0.34448819,
  29.786401 -36.242241 -0.34448819,29.780995 -36.244309 -0.34448819,
  29.750999 -36.259307 -0.34448819,29.750035 -36.259914 -0.34448819,
  29.749581 -36.260065 -0.34448819,29.749015 -36.260556 -0.34448819,
  29.7461 -36.262391 -0.34448819,29.743673 -36.265189 -0.34448819,
  29.740878 -36.267614 -0.34448819,29.739043 -36.270528 -0.34448819,
  29.738552 -36.271095 -0.34448819,29.7384 -36.271549 -0.34448819,
  29.737794 -36.272513 -0.34448819,29.722795 -36.302509 -0.34448819,
  29.720726 -36.307915 -0.34448819,29.720651 -36.308974 -0.34448819,
  29.720245 -36.309954 -0.34448819,29.719678 -36.315714 -0.34448819,
  29.719678 -36.330712 -0.34448819,29.720245 -36.336473 -0.34448819,
  29.720651 -36.337452 -0.34448819,29.720726 -36.338511 -0.34448819,
  29.722795 -36.343917 -0.34448819,29.737794 -36.373914 -0.34448819,
  29.7384 -36.374877 -0.34448819,29.738552 -36.375331 -0.34448819,
  29.739043 -36.375898 -0.34448819,29.740878 -36.378813 -0.34448819,
  29.743673 -36.381237 -0.34448819,29.7461 -36.384035 -0.34448819,
  29.749015 -36.38587 -0.34448819,29.749581 -36.386361 -0.34448819,
  29.750035 -36.386512 -0.34448819,29.750999 -36.387119 -0.34448819,
  29.780995 -36.402117 -0.34448819,29.786401 -36.404186 -0.34448819,
  29.787459 -36.404261 -0.34448819,29.788439 -36.404667 -0.34448819,
  29.7942 -36.405234 -0.34448819,29.854193 -36.405234 -0.34448819,
  29.859953 -36.404667 -0.34448819,29.860933 -36.404261 -0.34448819,
  29.861991 -36.404186 -0.34448819,29.867398 -36.402117 -0.34448819,
  29.897394 -36.387119 -0.34448819,29.902293 -36.384035 -0.34448819,
  29.909841 -36.375331 -0.34448819,29.913485 -36.364402 -0.34448819,
  29.912668 -36.35291 -0.34448819,29.907516 -36.342605 -0.34448819,
  29.898812 -36.335056 -0.34448819,29.887882 -36.331413 -0.34448819,
  29.87639 -36.33223 -0.34448819,29.870984 -36.334298 -0.34448819,
  29.847222 -36.346179 -0.34448819,29.80117 -36.346179 -0.34448819,
  29.786212 -36.3387 -0.34448819,29.778733 -36.323741 -0.34448819,
  29.778733 -36.322685 -0.34448819,29.786212 -36.307726 -0.34448819,
  29.80117 -36.300247 -0.34448819,29.839194 -36.300247 -0.34448819,
  29.844955 -36.29968 -0.34448819,29.845935 -36.299274 -0.34448819,
  29.846993 -36.299199 -0.34448819,29.8524 -36.29713 -0.34448819,
  30.184627 -36.280425 -0.34448819,30.205137 -36.280425 -0.34448819,
  30.224409 -36.287439 -0.34448819,30.23763 -36.298533 -0.34448819,
  30.242794 -36.277881 -0.34448819,30.242941 -36.276882 -0.34448819,
  30.243108 -36.27648 -0.34448819,30.243321 -36.27431 -0.34448819,
  30.24364 -36.272155 -0.34448819,30.243576 -36.271725 -0.34448819,
  30.243675 -36.27072 -0.34448819,30.243675 -36.165733 -0.34448819,
  30.243576 -36.164727 -0.34448819,30.24364 -36.164297 -0.34448819,
  30.243321 -36.162142 -0.34448819,30.243108 -36.159972 -0.34448819,
  30.242941 -36.15957 -0.34448819,30.242794 -36.158571 -0.34448819,
  30.227795 -36.098578 -0.34448819,30.225848 -36.093128 -0.34448819,
  30.224541 -36.091364 -0.34448819,30.223701 -36.089335 -0.34448819,
  30.220028 -36.084861 -0.34448819,30.190032 -36.054865 -0.34448819,
  30.187769 -36.053007 -0.34448819,30.187257 -36.052417 -0.34448819,
  30.186367 -36.051857 -0.34448819,30.185558 -36.051193 -0.34448819,
  30.184838 -36.050894 -0.34448819,30.182358 -36.049334 -0.34448819,
  30.152362 -36.034336 -0.34448819,30.146956 -36.032267 -0.34448819,
  30.145897 -36.032192 -0.34448819,30.144917 -36.031786 -0.34448819,
  30.139157 -36.031219 -0.34448819,30.079164 -36.031219 -0.34448819,
  30.073404 -36.031786 -0.34448819,30.072423 -36.032192 -0.34448819,
  30.071365 -36.032267 -0.34448819,30.065959 -36.034336 -0.34448819,
  30.035963 -36.049334 -0.34448819,30.033484 -36.050894 -0.34448819,
  30.032764 -36.051193 -0.34448819,30.031953 -36.051857 -0.34448819,
  30.031064 -36.052417 -0.34448819,30.030552 -36.053007 -0.34448819,
  30.028289 -36.054865 -0.34448819,29.998293 -36.084861 -0.34448819,
  29.99462 -36.089335 -0.34448819,29.99378 -36.091363 -0.34448819,
  29.992473 -36.093128 -0.34448819,29.990526 -36.098579 -0.34448819,
  29.975528 -36.158571 -0.34448819,29.97538 -36.15957 -0.34448819,
  29.975213 -36.159972 -0.34448819,29.974999 -36.162143 -0.34448819,
  29.974681 -36.164298 -0.34448819,29.974745 -36.164727 -0.34448819,
  29.974646 -36.165733 -0.34448819,29.974646 -36.169368 -0.34448819,
  29.974646 -36.27072 -0.34448819,29.974745 -36.271725 -0.34448819,
  29.974681 -36.272155 -0.34448819,29.974999 -36.274309 -0.34448819,
  29.975213 -36.27648 -0.34448819,29.97538 -36.276882 -0.34448819,
  29.975528 -36.277881 -0.34448819,29.990526 -36.337874 -0.34448819,
  29.992473 -36.343325 -0.34448819,29.99378 -36.345089 -0.34448819,
  29.99462 -36.347117 -0.34448819,29.998293 -36.351591 -0.34448819,
  30.028289 -36.381588 -0.34448819,30.030552 -36.383445 -0.34448819,
  30.031064 -36.384035 -0.34448819,30.031954 -36.384595 -0.34448819,
  30.032763 -36.38526 -0.34448819,30.033483 -36.385558 -0.34448819,
  30.035963 -36.387119 -0.34448819,30.065959 -36.402117 -0.34448819,
  30.071365 -36.404186 -0.34448819,30.072423 -36.404261 -0.34448819,
  30.073404 -36.404667 -0.34448819,30.079164 -36.405234 -0.34448819,
  30.139157 -36.405234 -0.34448819,30.144917 -36.404667 -0.34448819,
  30.145897 -36.404261 -0.34448819,30.146956 -36.404186 -0.34448819,
  30.152362 -36.402117 -0.34448819,30.172178 -36.39221 -0.34448819,
  30.165354 -36.389726 -0.34448819,30.149643 -36.376543 -0.34448819,
  30.139388 -36.358781 -0.34448819,30.136763 -36.343891 -0.34448819,
  30.132186 -36.346179 -0.34448819,30.086135 -36.346179 -0.34448819,
  30.066659 -36.336441 -0.34448819,30.045834 -36.315616 -0.34448819,
  30.033701 -36.267084 -0.34448819,30.033701 -36.169368 -0.34448819,
  30.045834 -36.120836 -0.34448819,30.066659 -36.100011 -0.34448819,
  30.086135 -36.090274 -0.34448819,30.132186 -36.090274 -0.34448819,
  30.151662 -36.100011 -0.34448819,30.172487 -36.120836 -0.34448819,
  30.18462 -36.169369 -0.34448819,30.18462 -36.267083 -0.34448819,
  30.180951 -36.281764 -0.34448819,21.415354 -40.206693 -0.34448819,
  21.409594 -40.20726 -0.34448819,21.39895 -40.211669 -0.34448819,
  21.390803 -40.219816 -0.34448819,21.386394 -40.23046 -0.34448819,
  21.386394 -40.241981 -0.34448819,21.390803 -40.252625 -0.34448819,
  21.39895 -40.260772 -0.34448819,21.409594 -40.265181 -0.34448819,
  21.415354 -40.265748 -0.34448819,22.558822 -40.265747 -0.34448819,
  22.557087 -40.255906 -0.34448819,22.560648 -40.235707 -0.34448819,
  22.570903 -40.217946 -0.34448819,22.584313 -40.206693 -0.34448819,
  23.777559 -40.265748 -0.34448819,23.78332 -40.265181 -0.34448819,
  23.793964 -40.260772 -0.34448819,23.80211 -40.252625 -0.34448819,
  23.806519 -40.241981 -0.34448819,23.806519 -40.23046 -0.34448819,
  23.80211 -40.219816 -0.34448819,23.793964 -40.211669 -0.34448819,
  23.78332 -40.20726 -0.34448819,23.777559 -40.206693 -0.34448819,
  22.64797 -40.206693 -0.34448819,22.661381 -40.217946 -0.34448819,
  22.671635 -40.235707 -0.34448819,22.675197 -40.255906 -0.34448819,
  22.673461 -40.265747 -0.34448819,25.962598 -34.488554 -0.34448819,
  25.924739 -34.491127 -0.34448819,25.923228 -34.491029 -0.34448819,
  25.883858 -34.488485 -0.34448819,25.883858 -45.98402 -0.34448819,
  25.923228 -45.981345 -0.34448819,25.923686 -45.981314 -0.34448819,
  25.962598 -45.983828 -0.34448819,23.726757 -36.216408 -0.34448819,
  23.723114 -36.205478 -0.34448819,23.715566 -36.196775 -0.34448819,
  23.710667 -36.193691 -0.34448819,23.680671 -36.178693 -0.34448819,
  23.675265 -36.176624 -0.34448819,23.674206 -36.176548 -0.34448819,
  23.673226 -36.176143 -0.34448819,23.667466 -36.175575 -0.34448819,
  23.607473 -36.175575 -0.34448819,23.601713 -36.176143 -0.34448819,
  23.600733 -36.176548 -0.34448819,23.599674 -36.176624 -0.34448819,
  23.594268 -36.178693 -0.34448819,23.564272 -36.193691 -0.34448819,
  23.563308 -36.194297 -0.34448819,23.562854 -36.194449 -0.34448819,
  23.562287 -36.19494 -0.34448819,23.559373 -36.196775 -0.34448819,
  23.556948 -36.19957 -0.34448819,23.55415 -36.201997 -0.34448819,
  23.553834 -36.2025 -0.34448819,23.570866 -36.208699 -0.34448819,
  23.586577 -36.221883 -0.34448819,23.596832 -36.239644 -0.34448819,
  23.597845 -36.245388 -0.34448819,23.599485 -36.242109 -0.34448819,
  23.614444 -36.23463 -0.34448819,23.660495 -36.23463 -0.34448819,
  23.684256 -36.246511 -0.34448819,23.689663 -36.24858 -0.34448819,
  23.701155 -36.249397 -0.34448819,23.712084 -36.245754 -0.34448819,
  23.720788 -36.238205 -0.34448819,23.725941 -36.2279 -0.34448819,
  23.710667 -36.426489 -0.34448819,23.71163 -36.425882 -0.34448819,
  23.712085 -36.425731 -0.34448819,23.71265 -36.425241 -0.34448819,
  23.715566 -36.423406 -0.34448819,23.717992 -36.420607 -0.34448819,
  23.720788 -36.418183 -0.34448819,23.722623 -36.415268 -0.34448819,
  23.723114 -36.414702 -0.34448819,23.723265 -36.414247 -0.34448819,
  23.723872 -36.413284 -0.34448819,23.73887 -36.383288 -0.34448819,
  23.740939 -36.377881 -0.34448819,23.741015 -36.376822 -0.34448819,
  23.74142 -36.375843 -0.34448819,23.741988 -36.370082 -0.34448819,
  23.741988 -36.340086 -0.34448819,23.74142 -36.334326 -0.34448819,
  23.741015 -36.333346 -0.34448819,23.740939 -36.332287 -0.34448819,
  23.73887 -36.326881 -0.34448819,23.723872 -36.296885 -0.34448819,
  23.723265 -36.295921 -0.34448819,23.723114 -36.295467 -0.34448819,
  23.722623 -36.2949 -0.34448819,23.720788 -36.291986 -0.34448819,
  23.717992 -36.289561 -0.34448819,23.715566 -36.286763 -0.34448819,
  23.71265 -36.284928 -0.34448819,23.712085 -36.284437 -0.34448819,
  23.71163 -36.284286 -0.34448819,23.710667 -36.28368 -0.34448819,
  23.680671 -36.268681 -0.34448819,23.675265 -36.266613 -0.34448819,
  23.674206 -36.266537 -0.34448819,23.673226 -36.266131 -0.34448819,
  23.667466 -36.265564 -0.34448819,23.599446 -36.265564 -0.34448819,
  23.59939 -36.265536 -0.34448819,23.596832 -36.280041 -0.34448819,
  23.586577 -36.297802 -0.34448819,23.570866 -36.310986 -0.34448819,
  23.551593 -36.318 -0.34448819,23.532951 -36.318 -0.34448819,
  23.532951 -36.38183 -0.34448819,23.532951 -36.415077 -0.34448819,
  23.533519 -36.420837 -0.34448819,23.537928 -36.431481 -0.34448819,
  23.546074 -36.439628 -0.34448819,23.556718 -36.444037 -0.34448819,
  23.568239 -36.444037 -0.34448819,23.577061 -36.440383 -0.34448819,
  23.57927 -36.441487 -0.34448819,23.584676 -36.443556 -0.34448819,
  23.585734 -36.443631 -0.34448819,23.586715 -36.444037 -0.34448819,
  23.592475 -36.444604 -0.34448819,23.667466 -36.444604 -0.34448819,
  23.673226 -36.444037 -0.34448819,23.674206 -36.443631 -0.34448819,
  23.675265 -36.443556 -0.34448819,23.680671 -36.441487 -0.34448819,
  23.682933 -36.347057 -0.34448819,23.682933 -36.363111 -0.34448819,
  23.675453 -36.37807 -0.34448819,23.660495 -36.385549 -0.34448819,
  23.599446 -36.385549 -0.34448819,23.592006 -36.38183 -0.34448819,
  23.592006 -36.324573 -0.34448819,23.592475 -36.324619 -0.34448819,
  23.660495 -36.324619 -0.34448819,23.675453 -36.332098 -0.34448819,
  32.559055 -35.354331 -0.34448819,32.558126 -35.288054 -0.34448819,
  32.543285 -35.156333 -0.34448819,32.537402 -35.130557 -0.34448819,
  32.537402 -45.342069 -0.34448819,32.543285 -45.316322 -0.34448819,
  32.558158 -45.184459 -0.34448819,32.559055 -45.11811 -0.34448819] }
 coordIndex [
  5,3,2,-1,5,2,6,-1,6,2,1,-1,6,1,7,-1,7,1,0,-1,80,79,87,-1,80,87,81,-1,81,87,86,-1,
  81,86,82,-1,82,86,85,-1,82,85,83,-1,83,85,84,-1,79,78,87,-1,87,78,88,-1,88,78,89,-1,89,78,90,-1,
  90,78,91,-1,91,78,92,-1,92,78,77,-1,77,76,92,-1,92,76,93,-1,93,76,94,-1,94,76,95,-1,95,76,96,-1,
  96,76,75,-1,98,97,120,-1,120,97,121,-1,121,97,122,-1,122,97,123,-1,123,97,124,-1,124,97,74,-1,74,97,75,-1,
  75,97,96,-1,167,166,173,-1,167,173,168,-1,168,173,172,-1,168,172,169,-1,169,172,171,-1,169,171,73,-1,73,171,170,-1,
  73,170,74,-1,74,170,179,-1,74,179,125,-1,125,179,126,-1,98,120,99,-1,99,120,100,-1,100,120,101,-1,101,120,102,-1,
  102,120,103,-1,103,120,119,-1,103,119,104,-1,104,119,105,-1,105,119,106,-1,106,119,107,-1,107,119,108,-1,108,119,118,-1,
  118,117,108,-1,108,117,109,-1,109,117,110,-1,110,117,111,-1,111,117,112,-1,112,117,116,-1,112,116,113,-1,113,116,114,-1,
  114,116,115,-1,132,174,163,-1,132,163,133,-1,133,163,162,-1,133,162,134,-1,134,162,161,-1,134,161,135,-1,135,161,160,-1,
  135,160,136,-1,136,160,159,-1,136,159,137,-1,137,159,158,-1,137,158,138,-1,138,158,157,-1,138,157,139,-1,139,157,156,-1,
  139,156,140,-1,140,156,155,-1,140,155,141,-1,141,155,154,-1,141,154,142,-1,142,154,153,-1,142,153,143,-1,143,153,152,-1,
  143,152,144,-1,144,152,151,-1,144,151,145,-1,145,151,150,-1,145,150,146,-1,146,150,149,-1,146,149,147,-1,147,149,148,-1,
  165,164,173,-1,173,164,174,-1,174,164,163,-1,130,129,176,-1,130,176,131,-1,131,176,175,-1,131,175,132,-1,132,175,174,-1,
  177,176,127,-1,127,176,128,-1,128,176,129,-1,179,178,126,-1,126,178,127,-1,127,178,177,-1,8,41,13,-1,8,13,9,-1,
  9,13,12,-1,9,12,10,-1,10,12,11,-1,70,69,15,-1,70,15,71,-1,71,15,14,-1,71,14,72,-1,72,14,13,-1,
  72,13,41,-1,66,65,18,-1,66,18,67,-1,67,18,17,-1,67,17,68,-1,68,17,16,-1,68,16,69,-1,69,16,15,-1,
  62,61,21,-1,62,21,63,-1,63,21,20,-1,63,20,64,-1,64,20,19,-1,64,19,65,-1,65,19,18,-1,59,58,23,-1,
  59,23,60,-1,60,23,22,-1,60,22,61,-1,61,22,21,-1,25,24,30,-1,30,24,31,-1,31,24,57,-1,57,24,58,-1,
  58,24,23,-1,42,41,8,-1,42,8,43,-1,43,8,40,-1,43,40,44,-1,44,40,39,-1,44,39,45,-1,45,39,46,-1,
  46,39,38,-1,46,38,47,-1,47,38,37,-1,47,37,48,-1,48,37,36,-1,48,36,49,-1,49,36,50,-1,50,36,35,-1,
  50,35,51,-1,51,35,34,-1,51,34,52,-1,52,34,33,-1,52,33,53,-1,53,33,54,-1,54,33,32,-1,54,32,55,-1,
  55,32,31,-1,55,31,56,-1,56,31,57,-1,30,29,25,-1,25,29,26,-1,26,29,27,-1,27,29,28,-1,191,189,188,-1,
  191,188,192,-1,192,188,187,-1,192,187,193,-1,193,187,186,-1,193,186,194,-1,194,186,185,-1,194,185,195,-1,195,185,184,-1,
  195,184,196,-1,196,184,183,-1,196,183,197,-1,197,183,182,-1,197,182,198,-1,198,182,181,-1,198,181,199,-1,199,181,180,-1,
  200,233,205,-1,200,205,201,-1,201,205,204,-1,201,204,202,-1,202,204,203,-1,262,261,207,-1,262,207,263,-1,263,207,206,-1,
  263,206,264,-1,264,206,205,-1,264,205,233,-1,258,257,210,-1,258,210,259,-1,259,210,209,-1,259,209,260,-1,260,209,208,-1,
  260,208,261,-1,261,208,207,-1,254,253,213,-1,254,213,255,-1,255,213,212,-1,255,212,256,-1,256,212,211,-1,256,211,257,-1,
  257,211,210,-1,251,250,215,-1,251,215,252,-1,252,215,214,-1,252,214,253,-1,253,214,213,-1,217,216,222,-1,222,216,223,-1,
  223,216,249,-1,249,216,250,-1,250,216,215,-1,234,233,200,-1,234,200,235,-1,235,200,232,-1,235,232,236,-1,236,232,231,-1,
  236,231,237,-1,237,231,238,-1,238,231,230,-1,238,230,239,-1,239,230,229,-1,239,229,240,-1,240,229,228,-1,240,228,241,-1,
  241,228,242,-1,242,228,227,-1,242,227,243,-1,243,227,226,-1,243,226,244,-1,244,226,225,-1,244,225,245,-1,245,225,246,-1,
  246,225,224,-1,246,224,247,-1,247,224,223,-1,247,223,248,-1,248,223,249,-1,222,221,217,-1,217,221,218,-1,218,221,219,-1,
  219,221,220,-1,276,274,273,-1,276,273,277,-1,277,273,272,-1,277,272,278,-1,278,272,271,-1,278,271,279,-1,279,271,270,-1,
  279,270,280,-1,280,270,269,-1,280,269,281,-1,281,269,268,-1,281,268,282,-1,282,268,267,-1,282,267,283,-1,283,267,266,-1,
  283,266,284,-1,284,266,265,-1,296,294,293,-1,296,293,297,-1,297,293,292,-1,297,292,298,-1,298,292,291,-1,298,291,299,-1,
  299,291,290,-1,299,290,300,-1,300,290,289,-1,300,289,301,-1,301,289,288,-1,301,288,302,-1,302,288,287,-1,302,287,303,-1,
  303,287,286,-1,303,286,304,-1,304,286,285,-1,316,314,313,-1,316,313,317,-1,317,313,312,-1,317,312,318,-1,318,312,311,-1,
  318,311,319,-1,319,311,310,-1,319,310,320,-1,320,310,309,-1,320,309,321,-1,321,309,308,-1,321,308,322,-1,322,308,307,-1,
  322,307,323,-1,323,307,306,-1,323,306,324,-1,324,306,305,-1,336,334,333,-1,336,333,337,-1,337,333,332,-1,337,332,338,-1,
  338,332,331,-1,338,331,339,-1,339,331,330,-1,339,330,340,-1,340,330,329,-1,340,329,341,-1,341,329,328,-1,341,328,342,-1,
  342,328,327,-1,342,327,343,-1,343,327,326,-1,343,326,344,-1,344,326,325,-1,356,354,353,-1,356,353,357,-1,357,353,352,-1,
  357,352,358,-1,358,352,351,-1,358,351,359,-1,359,351,350,-1,359,350,360,-1,360,350,349,-1,360,349,361,-1,361,349,348,-1,
  361,348,362,-1,362,348,347,-1,362,347,363,-1,363,347,346,-1,363,346,364,-1,364,346,345,-1,460,459,666,-1,460,666,461,-1,
  461,666,665,-1,461,665,462,-1,462,665,645,-1,462,645,463,-1,463,645,644,-1,463,644,643,-1,464,463,643,-1,464,643,465,-1,
  465,643,642,-1,465,642,466,-1,466,642,641,-1,466,641,467,-1,467,641,640,-1,467,640,468,-1,468,640,469,-1,469,640,639,-1,
  469,639,470,-1,470,639,638,-1,470,638,471,-1,471,638,472,-1,472,638,637,-1,472,637,473,-1,473,637,636,-1,473,636,474,-1,
  474,636,475,-1,634,633,476,-1,634,476,635,-1,635,476,475,-1,635,475,636,-1,631,630,478,-1,631,478,632,-1,632,478,477,-1,
  632,477,633,-1,633,477,476,-1,480,479,628,-1,628,479,629,-1,629,479,630,-1,630,479,478,-1,481,480,625,-1,625,480,626,-1,
  626,480,627,-1,627,480,628,-1,482,481,622,-1,622,481,623,-1,623,481,624,-1,624,481,625,-1,621,620,600,-1,621,600,622,-1,
  622,600,599,-1,622,599,482,-1,482,599,483,-1,599,598,483,-1,483,598,484,-1,484,598,485,-1,485,598,486,-1,486,598,597,-1,
  486,597,487,-1,487,597,488,-1,488,597,489,-1,489,597,596,-1,595,594,491,-1,595,491,596,-1,596,491,490,-1,596,490,489,-1,
  493,492,591,-1,591,492,592,-1,592,492,593,-1,593,492,594,-1,594,492,491,-1,845,844,840,-1,840,844,841,-1,841,844,842,-1,
  842,844,843,-1,846,845,838,-1,838,845,839,-1,839,845,840,-1,836,849,848,-1,836,848,837,-1,837,848,847,-1,837,847,838,-1,
  838,847,846,-1,834,833,851,-1,834,851,835,-1,835,851,850,-1,835,850,836,-1,836,850,849,-1,852,851,833,-1,852,833,853,-1,
  853,833,832,-1,853,832,854,-1,854,832,855,-1,826,825,859,-1,826,859,827,-1,827,859,858,-1,827,858,828,-1,828,858,857,-1,
  828,857,829,-1,829,857,856,-1,829,856,830,-1,830,856,855,-1,830,855,831,-1,831,855,832,-1,823,862,861,-1,823,861,824,-1,
  824,861,860,-1,824,860,825,-1,825,860,859,-1,864,863,820,-1,820,863,821,-1,821,863,822,-1,822,863,823,-1,823,863,862,-1,
  818,817,865,-1,818,865,819,-1,819,865,864,-1,819,864,820,-1,811,872,871,-1,811,871,812,-1,812,871,870,-1,812,870,813,-1,
  813,870,869,-1,813,869,814,-1,814,869,868,-1,814,868,815,-1,815,868,867,-1,815,867,816,-1,816,867,866,-1,816,866,817,-1,
  817,866,865,-1,809,808,744,-1,809,744,810,-1,810,744,874,-1,810,874,811,-1,811,874,873,-1,811,873,872,-1,430,429,735,-1,
  430,735,431,-1,431,735,734,-1,431,734,731,-1,731,734,732,-1,712,711,438,-1,712,438,713,-1,713,438,437,-1,713,437,714,-1,
  714,437,436,-1,714,436,715,-1,715,436,435,-1,715,435,716,-1,716,435,720,-1,716,720,717,-1,717,720,719,-1,717,719,718,-1,
  606,605,610,-1,606,610,607,-1,607,610,609,-1,607,609,608,-1,612,611,604,-1,604,611,605,-1,605,611,610,-1,601,616,615,-1,
  601,615,602,-1,602,615,614,-1,602,614,603,-1,603,614,613,-1,603,613,604,-1,604,613,612,-1,617,616,601,-1,617,601,618,-1,
  618,601,600,-1,618,600,619,-1,619,600,620,-1,556,555,552,-1,552,555,553,-1,553,555,554,-1,558,557,551,-1,551,557,552,-1,
  552,557,556,-1,558,551,559,-1,559,551,560,-1,560,551,561,-1,561,551,562,-1,562,551,550,-1,550,549,562,-1,562,549,563,-1,
  563,549,564,-1,564,549,548,-1,565,564,548,-1,565,548,566,-1,566,548,547,-1,566,547,567,-1,567,547,546,-1,567,546,568,-1,
  568,546,569,-1,543,542,570,-1,543,570,544,-1,544,570,569,-1,544,569,545,-1,545,569,546,-1,572,571,535,-1,535,571,536,-1,
  536,571,537,-1,537,571,538,-1,538,571,539,-1,539,571,540,-1,540,571,541,-1,541,571,542,-1,542,571,570,-1,535,534,572,-1,
  572,534,1166,-1,1166,534,1167,-1,1167,534,1168,-1,1168,534,1169,-1,1169,534,533,-1,1214,1213,573,-1,1214,573,1215,-1,1215,573,572,-1,
  1215,572,1216,-1,1216,572,1166,-1,1206,1205,580,-1,1206,580,1207,-1,1207,580,579,-1,1207,579,1208,-1,1208,579,578,-1,1208,578,1209,-1,
  1209,578,577,-1,1209,577,1210,-1,1210,577,576,-1,1210,576,1211,-1,1211,576,575,-1,1211,575,1212,-1,1212,575,574,-1,1212,574,1213,-1,
  1213,574,573,-1,582,581,1203,-1,1203,581,1204,-1,1204,581,1205,-1,1205,581,580,-1,1200,1199,583,-1,1200,583,1201,-1,1201,583,582,-1,
  1201,582,1202,-1,1202,582,1203,-1,585,584,514,-1,514,584,1197,-1,1197,584,1198,-1,1198,584,1199,-1,1199,584,583,-1,586,585,510,-1,
  510,585,511,-1,511,585,512,-1,512,585,513,-1,513,585,514,-1,587,586,506,-1,506,586,507,-1,507,586,508,-1,508,586,509,-1,
  509,586,510,-1,587,506,505,-1,587,505,588,-1,588,505,504,-1,588,504,589,-1,589,504,503,-1,589,503,590,-1,590,503,591,-1,
  498,497,496,-1,498,496,499,-1,499,496,495,-1,499,495,500,-1,500,495,494,-1,500,494,501,-1,501,494,493,-1,501,493,502,-1,
  502,493,591,-1,502,591,503,-1,1171,1170,532,-1,532,1170,533,-1,533,1170,1169,-1,530,1174,1173,-1,530,1173,531,-1,531,1173,1172,-1,
  531,1172,532,-1,532,1172,1171,-1,527,1178,1177,-1,527,1177,528,-1,528,1177,1176,-1,528,1176,529,-1,529,1176,1175,-1,529,1175,530,-1,
  530,1175,1174,-1,1180,1179,526,-1,526,1179,527,-1,527,1179,1178,-1,1182,1181,525,-1,525,1181,526,-1,526,1181,1180,-1,523,1185,1184,-1,
  523,1184,524,-1,524,1184,1183,-1,524,1183,525,-1,525,1183,1182,-1,1187,1186,521,-1,521,1186,522,-1,522,1186,523,-1,523,1186,1185,-1,
  1188,1187,519,-1,519,1187,520,-1,520,1187,521,-1,516,1192,1191,-1,516,1191,517,-1,517,1191,1190,-1,517,1190,518,-1,518,1190,1189,-1,
  518,1189,519,-1,519,1189,1188,-1,1193,1192,516,-1,1193,516,1194,-1,1194,516,515,-1,1194,515,1195,-1,1195,515,1196,-1,514,1197,515,-1,
  515,1197,1196,-1,1142,1141,1112,-1,1142,1112,1143,-1,1143,1112,1111,-1,1143,1111,365,-1,365,1111,1144,-1,365,1144,1165,-1,1164,1163,367,-1,
  1164,367,1165,-1,1165,367,366,-1,1165,366,365,-1,1161,1160,368,-1,1161,368,1162,-1,1162,368,367,-1,1162,367,1163,-1,369,368,961,-1,
  961,368,962,-1,962,368,963,-1,963,368,1158,-1,1158,368,1159,-1,1159,368,1160,-1,958,957,370,-1,958,370,959,-1,959,370,369,-1,
  959,369,960,-1,960,369,961,-1,955,954,372,-1,955,372,956,-1,956,372,371,-1,956,371,957,-1,957,371,370,-1,951,950,374,-1,
  951,374,952,-1,952,374,373,-1,952,373,953,-1,953,373,372,-1,953,372,954,-1,946,945,378,-1,946,378,947,-1,947,378,377,-1,
  947,377,948,-1,948,377,376,-1,948,376,949,-1,949,376,375,-1,949,375,950,-1,950,375,374,-1,380,379,942,-1,942,379,943,-1,
  943,379,944,-1,944,379,945,-1,945,379,378,-1,382,381,941,-1,941,381,942,-1,942,381,380,-1,384,383,940,-1,940,383,941,-1,
  941,383,382,-1,386,385,939,-1,939,385,940,-1,940,385,384,-1,386,939,387,-1,387,939,388,-1,388,939,389,-1,389,939,938,-1,
  392,391,938,-1,938,391,389,-1,389,391,390,-1,394,393,925,-1,925,393,937,-1,937,393,938,-1,938,393,392,-1,921,920,396,-1,
  921,396,922,-1,922,396,395,-1,922,395,923,-1,923,395,394,-1,923,394,924,-1,924,394,925,-1,398,397,918,-1,918,397,919,-1,
  919,397,920,-1,920,397,396,-1,399,398,918,-1,399,918,400,-1,400,918,917,-1,400,917,401,-1,401,917,402,-1,404,403,914,-1,
  914,403,915,-1,915,403,916,-1,916,403,917,-1,917,403,402,-1,914,913,404,-1,404,913,405,-1,405,913,406,-1,406,913,912,-1,
  407,406,912,-1,407,912,408,-1,408,912,911,-1,408,911,409,-1,409,911,410,-1,412,411,910,-1,910,411,911,-1,911,411,410,-1,
  907,906,415,-1,907,415,908,-1,908,415,414,-1,908,414,909,-1,909,414,413,-1,909,413,910,-1,910,413,412,-1,905,904,417,-1,
  905,417,906,-1,906,417,416,-1,906,416,415,-1,902,901,419,-1,902,419,903,-1,903,419,418,-1,903,418,904,-1,904,418,417,-1,
  421,420,899,-1,899,420,900,-1,900,420,901,-1,901,420,419,-1,897,896,423,-1,897,423,898,-1,898,423,422,-1,898,422,899,-1,
  899,422,421,-1,428,427,425,-1,428,425,739,-1,739,425,424,-1,739,424,896,-1,896,424,423,-1,737,736,429,-1,737,429,738,-1,
  738,429,428,-1,738,428,739,-1,433,432,729,-1,729,432,730,-1,730,432,731,-1,731,432,431,-1,434,433,724,-1,724,433,725,-1,
  725,433,727,-1,727,433,728,-1,728,433,729,-1,721,720,435,-1,721,435,722,-1,722,435,434,-1,722,434,723,-1,723,434,724,-1,
  709,441,440,-1,709,440,710,-1,710,440,439,-1,710,439,711,-1,711,439,438,-1,443,442,707,-1,707,442,708,-1,708,442,709,-1,
  709,442,441,-1,705,704,444,-1,705,444,706,-1,706,444,443,-1,706,443,707,-1,445,444,698,-1,698,444,699,-1,699,444,700,-1,
  700,444,701,-1,701,444,702,-1,702,444,703,-1,703,444,704,-1,446,445,694,-1,694,445,695,-1,695,445,696,-1,696,445,697,-1,
  697,445,698,-1,689,688,448,-1,689,448,692,-1,692,448,447,-1,692,447,693,-1,693,447,446,-1,693,446,694,-1,689,692,690,-1,
  690,692,691,-1,449,448,681,-1,681,448,682,-1,682,448,683,-1,683,448,684,-1,684,448,685,-1,685,448,686,-1,686,448,687,-1,
  687,448,688,-1,678,677,450,-1,678,450,679,-1,679,450,449,-1,679,449,680,-1,680,449,681,-1,675,674,452,-1,675,452,676,-1,
  676,452,451,-1,676,451,677,-1,677,451,450,-1,454,453,672,-1,672,453,673,-1,673,453,674,-1,674,453,452,-1,670,669,455,-1,
  670,455,671,-1,671,455,454,-1,671,454,672,-1,455,669,668,-1,455,668,456,-1,456,668,667,-1,456,667,457,-1,457,667,458,-1,
  459,458,666,-1,666,458,667,-1,645,665,664,-1,645,664,646,-1,646,664,663,-1,646,663,647,-1,647,663,648,-1,650,649,661,-1,
  661,649,662,-1,662,649,663,-1,663,649,648,-1,658,652,651,-1,658,651,659,-1,659,651,650,-1,659,650,660,-1,660,650,661,-1,
  656,655,654,-1,656,654,657,-1,657,654,653,-1,657,653,658,-1,658,653,652,-1,1156,1155,966,-1,1156,966,1157,-1,1157,966,965,-1,
  1157,965,1158,-1,1158,965,964,-1,1158,964,963,-1,1224,1223,1219,-1,1224,1219,1225,-1,1225,1219,1218,-1,1225,1218,1217,-1,1221,1220,1222,-1,
  1222,1220,1223,-1,1223,1220,1219,-1,1229,1228,1237,-1,1237,1228,1238,-1,1238,1228,1226,-1,1226,1228,1227,-1,1235,1234,1231,-1,1235,1231,1236,-1,
  1236,1231,1230,-1,1236,1230,1237,-1,1237,1230,1229,-1,1233,1232,1234,-1,1234,1232,1231,-1,1244,1243,1242,-1,1244,1242,1245,-1,1245,1242,1241,-1,
  1245,1241,1246,-1,1246,1241,1240,-1,1246,1240,1247,-1,1247,1240,1239,-1,1250,1249,1260,-1,1260,1249,1261,-1,1261,1249,1262,-1,1262,1249,1248,-1,
  1251,1250,1258,-1,1258,1250,1259,-1,1259,1250,1260,-1,1253,1252,1257,-1,1257,1252,1258,-1,1258,1252,1251,-1,1255,1254,1256,-1,1256,1254,1257,-1,
  1257,1254,1253,-1,1136,1135,1112,-1,1136,1112,1137,-1,1137,1112,1140,-1,1137,1140,1138,-1,1138,1140,1139,-1,1135,1134,1131,-1,1131,1134,1132,-1,
  1132,1134,1133,-1,1114,1113,1125,-1,1114,1125,1115,-1,1115,1125,1124,-1,1115,1124,1116,-1,1116,1124,1123,-1,1116,1123,1117,-1,1117,1123,1122,-1,
  1117,1122,1118,-1,1118,1122,1121,-1,1118,1121,1119,-1,1119,1121,1120,-1,1125,1113,1126,-1,1126,1113,1127,-1,1127,1113,1128,-1,1128,1113,1129,-1,
  1129,1113,1112,-1,1129,1112,1130,-1,1130,1112,1131,-1,1131,1112,1135,-1,1144,1111,1145,-1,1145,1111,1146,-1,1146,1111,1147,-1,1147,1111,1110,-1,
  1148,1147,1110,-1,1148,1110,1149,-1,1149,1110,1109,-1,1149,1109,1150,-1,1150,1109,1151,-1,1152,1151,1109,-1,1152,1109,1153,-1,1153,1109,1108,-1,
  1153,1108,1154,-1,1154,1108,1155,-1,1048,1047,967,-1,1048,967,1049,-1,1049,967,966,-1,1049,966,1108,-1,1108,966,1155,-1,1051,1050,1107,-1,
  1107,1050,1108,-1,1108,1050,1049,-1,1052,1051,1107,-1,1052,1107,1053,-1,1053,1107,1106,-1,1053,1106,1054,-1,1054,1106,1055,-1,1055,1106,1105,-1,
  1055,1105,1056,-1,1056,1105,1104,-1,1056,1104,1057,-1,1057,1104,1103,-1,1057,1103,1058,-1,1058,1103,1059,-1,1059,1103,1102,-1,1059,1102,1060,-1,
  1060,1102,1101,-1,1060,1101,1061,-1,1061,1101,1100,-1,1061,1100,1062,-1,1062,1100,1063,-1,1098,1097,1064,-1,1098,1064,1099,-1,1099,1064,1063,-1,
  1099,1063,1100,-1,1094,1068,1067,-1,1094,1067,1095,-1,1095,1067,1066,-1,1095,1066,1096,-1,1096,1066,1065,-1,1096,1065,1097,-1,1097,1065,1064,-1,
  1091,1072,1071,-1,1091,1071,1092,-1,1092,1071,1070,-1,1092,1070,1093,-1,1093,1070,1069,-1,1093,1069,1094,-1,1094,1069,1068,-1,1074,1073,1089,-1,
  1089,1073,1090,-1,1090,1073,1091,-1,1091,1073,1072,-1,1074,1089,1088,-1,1074,1088,1075,-1,1075,1088,1087,-1,1075,1087,1076,-1,1076,1087,1086,-1,
  1076,1086,1077,-1,1077,1086,1078,-1,1079,1078,1084,-1,1084,1078,1085,-1,1085,1078,1086,-1,1081,1080,1083,-1,1083,1080,1084,-1,1084,1080,1079,-1,
  1269,1266,1265,-1,1269,1265,1270,-1,1270,1265,1264,-1,1270,1264,1271,-1,1271,1264,1263,-1,1268,1267,1269,-1,1269,1267,1266,-1,1273,1272,1280,-1,
  1273,1280,1274,-1,1274,1280,1279,-1,1274,1279,1275,-1,1275,1279,1278,-1,1275,1278,1276,-1,1276,1278,1277,-1,1288,1287,1283,-1,1288,1283,1289,-1,
  1289,1283,1282,-1,1289,1282,1281,-1,1285,1284,1286,-1,1286,1284,1287,-1,1287,1284,1283,-1,1296,1293,1292,-1,1296,1292,1297,-1,1297,1292,1291,-1,
  1297,1291,1298,-1,1298,1291,1290,-1,1295,1294,1296,-1,1296,1294,1293,-1,1304,1303,1302,-1,1304,1302,1305,-1,1305,1302,1301,-1,1305,1301,1306,-1,
  1306,1301,1300,-1,1306,1300,1307,-1,1307,1300,1299,-1,888,887,879,-1,888,879,889,-1,889,879,893,-1,889,893,890,-1,890,893,892,-1,
  890,892,891,-1,879,887,886,-1,879,886,880,-1,880,886,885,-1,880,885,881,-1,881,885,884,-1,881,884,882,-1,882,884,883,-1,
  895,894,740,-1,740,894,878,-1,878,894,879,-1,879,894,893,-1,739,896,740,-1,740,896,895,-1,1009,1008,1044,-1,1044,1008,1045,-1,
  1045,1008,1046,-1,1046,1008,1047,-1,1047,1008,968,-1,968,1008,969,-1,969,1008,970,-1,970,1008,1007,-1,971,970,1007,-1,971,1007,972,-1,
  972,1007,1006,-1,972,1006,973,-1,973,1006,1005,-1,973,1005,974,-1,974,1005,975,-1,1001,1000,977,-1,1001,977,1002,-1,1002,977,976,-1,
  1002,976,1003,-1,1003,976,975,-1,1003,975,1004,-1,1004,975,1005,-1,992,986,985,-1,992,985,993,-1,993,985,984,-1,993,984,994,-1,
  994,984,983,-1,994,983,995,-1,995,983,982,-1,995,982,996,-1,996,982,981,-1,996,981,997,-1,997,981,980,-1,997,980,998,-1,
  998,980,979,-1,998,979,999,-1,999,979,978,-1,999,978,1000,-1,1000,978,977,-1,988,987,991,-1,991,987,992,-1,992,987,986,-1,
  990,989,991,-1,991,989,988,-1,1010,1009,1044,-1,1010,1044,1011,-1,1011,1044,1043,-1,1011,1043,1012,-1,1012,1043,1013,-1,1043,1042,1013,-1,
  1013,1042,1014,-1,1014,1042,1015,-1,1015,1042,1041,-1,1017,1016,1040,-1,1040,1016,1041,-1,1041,1016,1015,-1,1018,1017,1040,-1,1018,1040,1019,-1,
  1019,1040,1039,-1,1019,1039,1020,-1,1020,1039,1021,-1,1021,1039,1038,-1,1021,1038,1022,-1,1022,1038,1037,-1,1022,1037,1023,-1,1023,1037,1036,-1,
  1023,1036,1024,-1,1024,1036,1025,-1,1032,1031,1027,-1,1032,1027,1033,-1,1033,1027,1026,-1,1033,1026,1034,-1,1034,1026,1025,-1,1034,1025,1035,-1,
  1035,1025,1036,-1,1029,1028,1030,-1,1030,1028,1031,-1,1031,1028,1027,-1,925,937,926,-1,926,937,927,-1,927,937,928,-1,928,937,936,-1,
  928,936,935,-1,928,935,929,-1,929,935,934,-1,929,934,930,-1,930,934,933,-1,930,933,931,-1,931,933,932,-1,875,874,743,-1,
  875,743,876,-1,876,743,742,-1,876,742,877,-1,877,742,741,-1,877,741,878,-1,878,741,740,-1,806,747,746,-1,806,746,807,-1,
  807,746,745,-1,807,745,808,-1,808,745,744,-1,747,806,748,-1,748,806,749,-1,749,806,750,-1,750,806,751,-1,751,806,752,-1,
  752,806,753,-1,753,806,754,-1,754,806,805,-1,803,802,756,-1,803,756,804,-1,804,756,755,-1,804,755,805,-1,805,755,754,-1,
  799,760,759,-1,799,759,800,-1,800,759,758,-1,800,758,801,-1,801,758,757,-1,801,757,802,-1,802,757,756,-1,796,795,763,-1,
  796,763,797,-1,797,763,762,-1,797,762,798,-1,798,762,761,-1,798,761,799,-1,799,761,760,-1,784,775,774,-1,784,774,785,-1,
  785,774,773,-1,785,773,786,-1,786,773,772,-1,786,772,787,-1,787,772,771,-1,787,771,788,-1,788,771,770,-1,788,770,789,-1,
  789,770,769,-1,789,769,790,-1,790,769,768,-1,790,768,791,-1,791,768,767,-1,791,767,792,-1,792,767,766,-1,792,766,793,-1,
  793,766,765,-1,793,765,794,-1,794,765,764,-1,794,764,795,-1,795,764,763,-1,777,776,783,-1,783,776,784,-1,784,776,775,-1,
  779,778,781,-1,781,778,782,-1,782,778,783,-1,783,778,777,-1,1313,1312,1311,-1,1313,1311,1314,-1,1314,1311,1310,-1,1314,1310,1315,-1,
  1315,1310,1309,-1,1315,1309,1316,-1,1316,1309,1308,-1,1322,1321,1320,-1,1322,1320,1323,-1,1323,1320,1319,-1,1323,1319,1324,-1,1324,1319,1318,-1,
  1324,1318,1325,-1,1325,1318,1317,-1,1326,1335,1327,-1,1327,1335,1328,-1,1328,1335,1329,-1,1329,1335,1334,-1,1333,1332,1331,-1,1333,1331,1334,-1,
  1334,1331,1330,-1,1334,1330,1329,-1,1344,1340,1339,-1,1344,1339,1345,-1,1345,1339,1338,-1,1345,1338,1346,-1,1346,1338,1337,-1,1346,1337,1347,-1,
  1347,1337,1336,-1,1342,1341,1343,-1,1343,1341,1344,-1,1344,1341,1340,-1,1348,1358,1349,-1,1349,1358,1350,-1,1350,1358,1351,-1,1351,1358,1352,-1,
  1352,1358,1357,-1,1356,1355,1354,-1,1356,1354,1357,-1,1357,1354,1353,-1,1357,1353,1352,-1,1362,1361,1370,-1,1370,1361,1371,-1,1371,1361,1359,-1,
  1359,1361,1360,-1,1368,1367,1364,-1,1368,1364,1369,-1,1369,1364,1363,-1,1369,1363,1370,-1,1370,1363,1362,-1,1366,1365,1367,-1,1367,1365,1364,-1,
  1377,1376,1375,-1,1377,1375,1378,-1,1378,1375,1374,-1,1378,1374,1379,-1,1379,1374,1373,-1,1379,1373,1380,-1,1380,1373,1372,-1,1387,1384,1383,-1,
  1387,1383,1388,-1,1388,1383,1382,-1,1388,1382,1389,-1,1389,1382,1381,-1,1386,1385,1387,-1,1387,1385,1384,-1,1396,1395,1394,-1,1396,1394,1397,-1,
  1397,1394,1393,-1,1397,1393,1398,-1,1398,1393,1392,-1,1398,1392,1390,-1,1390,1392,1391,-1,1404,1403,1402,-1,1404,1402,1405,-1,1405,1402,1401,-1,
  1405,1401,1406,-1,1406,1401,1400,-1,1406,1400,1407,-1,1407,1400,1399,-1,1409,1408,1421,-1,1409,1421,1410,-1,1410,1421,1420,-1,1410,1420,1411,-1,
  1411,1420,1419,-1,1411,1419,1412,-1,1412,1419,1418,-1,1412,1418,1413,-1,1413,1418,1414,-1,1415,1414,1416,-1,1416,1414,1417,-1,1417,1414,1418,-1,
  1427,1426,1425,-1,1427,1425,1428,-1,1428,1425,1424,-1,1428,1424,1429,-1,1429,1424,1423,-1,1429,1423,1430,-1,1430,1423,1422,-1,1432,1431,1440,-1,
  1432,1440,1433,-1,1433,1440,1439,-1,1433,1439,1434,-1,1434,1439,1438,-1,1434,1438,1435,-1,1435,1438,1436,-1,1447,1444,1443,-1,1447,1443,1448,-1,
  1448,1443,1442,-1,1448,1442,1449,-1,1449,1442,1441,-1,1446,1445,1447,-1,1447,1445,1444,-1,1456,1454,1453,-1,1456,1453,1457,-1,1457,1453,1452,-1,
  1457,1452,1458,-1,1458,1452,1451,-1,1458,1451,1459,-1,1459,1451,1450,-1,1461,1460,1468,-1,1461,1468,1462,-1,1462,1468,1467,-1,1462,1467,1463,-1,
  1463,1467,1464,-1,1465,1464,1466,-1,1466,1464,1467,-1,1470,1469,1477,-1,1470,1477,1471,-1,1471,1477,1476,-1,1471,1476,1472,-1,1472,1476,1473,-1,
  1474,1473,1475,-1,1475,1473,1476,-1,1483,1482,1481,-1,1483,1481,1484,-1,1484,1481,1480,-1,1484,1480,1485,-1,1485,1480,1479,-1,1485,1479,1486,-1,
  1486,1479,1478,-1,1493,1490,1489,-1,1493,1489,1494,-1,1494,1489,1488,-1,1494,1488,1495,-1,1495,1488,1487,-1,1492,1491,1493,-1,1493,1491,1490,-1,
  1517,1516,1500,-1,1517,1500,1518,-1,1518,1500,1499,-1,1518,1499,1519,-1,1519,1499,1498,-1,1519,1498,1520,-1,1520,1498,1497,-1,1520,1497,1521,-1,
  1521,1497,1496,-1,1501,1500,1513,-1,1513,1500,1514,-1,1514,1500,1515,-1,1515,1500,1516,-1,1502,1501,1510,-1,1510,1501,1511,-1,1511,1501,1512,-1,
  1512,1501,1513,-1,1502,1510,1509,-1,1502,1509,1503,-1,1503,1509,1508,-1,1503,1508,1504,-1,1504,1508,1507,-1,1504,1507,1505,-1,1505,1507,1506,-1,
  1533,1531,1530,-1,1533,1530,1534,-1,1534,1530,1529,-1,1534,1529,1535,-1,1535,1529,1528,-1,1535,1528,1536,-1,1536,1528,1527,-1,1536,1527,1537,-1,
  1537,1527,1526,-1,1537,1526,1538,-1,1538,1526,1525,-1,1538,1525,1539,-1,1539,1525,1524,-1,1539,1524,1540,-1,1540,1524,1523,-1,1540,1523,1541,-1,
  1541,1523,1522,-1,1553,1551,1550,-1,1553,1550,1554,-1,1554,1550,1549,-1,1554,1549,1555,-1,1555,1549,1548,-1,1555,1548,1556,-1,1556,1548,1547,-1,
  1556,1547,1557,-1,1557,1547,1546,-1,1557,1546,1558,-1,1558,1546,1545,-1,1558,1545,1559,-1,1559,1545,1544,-1,1559,1544,1560,-1,1560,1544,1543,-1,
  1560,1543,1561,-1,1561,1543,1542,-1,1573,1571,1570,-1,1573,1570,1574,-1,1574,1570,1569,-1,1574,1569,1575,-1,1575,1569,1568,-1,1575,1568,1576,-1,
  1576,1568,1567,-1,1576,1567,1577,-1,1577,1567,1566,-1,1577,1566,1578,-1,1578,1566,1565,-1,1578,1565,1579,-1,1579,1565,1564,-1,1579,1564,1580,-1,
  1580,1564,1563,-1,1580,1563,1581,-1,1581,1563,1562,-1,1593,1591,1590,-1,1593,1590,1594,-1,1594,1590,1589,-1,1594,1589,1595,-1,1595,1589,1588,-1,
  1595,1588,1596,-1,1596,1588,1587,-1,1596,1587,1597,-1,1597,1587,1586,-1,1597,1586,1598,-1,1598,1586,1585,-1,1598,1585,1599,-1,1599,1585,1584,-1,
  1599,1584,1600,-1,1600,1584,1583,-1,1600,1583,1601,-1,1601,1583,1582,-1,1613,1611,1610,-1,1613,1610,1614,-1,1614,1610,1609,-1,1614,1609,1615,-1,
  1615,1609,1608,-1,1615,1608,1616,-1,1616,1608,1607,-1,1616,1607,1617,-1,1617,1607,1606,-1,1617,1606,1618,-1,1618,1606,1605,-1,1618,1605,1619,-1,
  1619,1605,1604,-1,1619,1604,1620,-1,1620,1604,1603,-1,1620,1603,1621,-1,1621,1603,1602,-1,1633,1631,1630,-1,1633,1630,1634,-1,1634,1630,1629,-1,
  1634,1629,1635,-1,1635,1629,1628,-1,1635,1628,1636,-1,1636,1628,1627,-1,1636,1627,1637,-1,1637,1627,1626,-1,1637,1626,1638,-1,1638,1626,1625,-1,
  1638,1625,1639,-1,1639,1625,1624,-1,1639,1624,1640,-1,1640,1624,1623,-1,1640,1623,1641,-1,1641,1623,1622,-1,1642,1701,1700,-1,1642,1700,1643,-1,
  1643,1700,1658,-1,1643,1658,1644,-1,1644,1658,1657,-1,1644,1657,1645,-1,1645,1657,1656,-1,1645,1656,1646,-1,1646,1656,1655,-1,1646,1655,1647,-1,
  1647,1655,1654,-1,1647,1654,1648,-1,1648,1654,1653,-1,1648,1653,1649,-1,1649,1653,1652,-1,1649,1652,1650,-1,1650,1652,1651,-1,1687,1686,1680,-1,
  1680,1686,1681,-1,1681,1686,1682,-1,1682,1686,1683,-1,1683,1686,1684,-1,1684,1686,1685,-1,1689,1688,1675,-1,1675,1688,1676,-1,1676,1688,1677,-1,
  1677,1688,1678,-1,1678,1688,1679,-1,1679,1688,1680,-1,1680,1688,1687,-1,1690,1689,1669,-1,1669,1689,1670,-1,1670,1689,1671,-1,1671,1689,1672,-1,
  1672,1689,1673,-1,1673,1689,1674,-1,1674,1689,1675,-1,1690,1669,1691,-1,1691,1669,1692,-1,1692,1669,1693,-1,1693,1669,1694,-1,1694,1669,1695,-1,
  1695,1669,1668,-1,1697,1696,1664,-1,1664,1696,1665,-1,1665,1696,1666,-1,1666,1696,1667,-1,1667,1696,1668,-1,1668,1696,1695,-1,1699,1698,1660,-1,
  1660,1698,1661,-1,1661,1698,1662,-1,1662,1698,1663,-1,1663,1698,1664,-1,1664,1698,1697,-1,1660,1659,1699,-1,1699,1659,1700,-1,1700,1659,1658,-1,
  1802,1801,1743,-1,1743,1801,1744,-1,1744,1801,1745,-1,1745,1801,1746,-1,1746,1801,1747,-1,1747,1801,1748,-1,1748,1801,1749,-1,1749,1801,1773,-1,
  1773,1801,1774,-1,1774,1801,1800,-1,1749,1773,1750,-1,1750,1773,1751,-1,1751,1773,1752,-1,1752,1773,1753,-1,1753,1773,1772,-1,1755,1754,1765,-1,
  1765,1754,1766,-1,1766,1754,1767,-1,1767,1754,1768,-1,1768,1754,1769,-1,1769,1754,1770,-1,1770,1754,1771,-1,1771,1754,1772,-1,1772,1754,1753,-1,
  1756,1755,1763,-1,1763,1755,1764,-1,1764,1755,1765,-1,1757,1756,1763,-1,1757,1763,1758,-1,1758,1763,1762,-1,1758,1762,1759,-1,1759,1762,1760,-1,
  1720,1719,1715,-1,1715,1719,1716,-1,1716,1719,1717,-1,1717,1719,1718,-1,1720,1715,1714,-1,1720,1714,1721,-1,1721,1714,1713,-1,1721,1713,1722,-1,
  1722,1713,1723,-1,1708,1707,1727,-1,1708,1727,1709,-1,1709,1727,1726,-1,1709,1726,1710,-1,1710,1726,1725,-1,1710,1725,1711,-1,1711,1725,1724,-1,
  1711,1724,1712,-1,1712,1724,1723,-1,1712,1723,1713,-1,1705,1704,1730,-1,1705,1730,1706,-1,1706,1730,1729,-1,1706,1729,1707,-1,1707,1729,1728,-1,
  1707,1728,1727,-1,1732,1731,1703,-1,1703,1731,1704,-1,1704,1731,1730,-1,1734,1733,1799,-1,1799,1733,1702,-1,1702,1733,1703,-1,1703,1733,1732,-1,
  1799,1805,1734,-1,1734,1805,1735,-1,1735,1805,1736,-1,1736,1805,1737,-1,1737,1805,1738,-1,1738,1805,1804,-1,1804,1803,1738,-1,1738,1803,1739,-1,
  1739,1803,1740,-1,1740,1803,1741,-1,1741,1803,1742,-1,1742,1803,1802,-1,1799,1702,1800,-1,1800,1702,1774,-1,1774,1702,1775,-1,1775,1702,1798,-1,
  1777,1776,1794,-1,1794,1776,1795,-1,1795,1776,1796,-1,1796,1776,1797,-1,1797,1776,1798,-1,1798,1776,1775,-1,1779,1778,1789,-1,1789,1778,1790,-1,
  1790,1778,1791,-1,1791,1778,1792,-1,1792,1778,1793,-1,1793,1778,1794,-1,1794,1778,1777,-1,1780,1779,1789,-1,1780,1789,1781,-1,1781,1789,1788,-1,
  1781,1788,1782,-1,1782,1788,1787,-1,1782,1787,1783,-1,1783,1787,1786,-1,1783,1786,1784,-1,1784,1786,1785,-1,1878,1877,1858,-1,1878,1858,1806,-1,
  1806,1858,1879,-1,1806,1879,1807,-1,1807,1879,1890,-1,1807,1890,1889,-1,1807,1889,1808,-1,1808,1889,1809,-1,1809,1889,1810,-1,1810,1889,1811,-1,
  1811,1889,1888,-1,1813,1812,1886,-1,1886,1812,1887,-1,1887,1812,1888,-1,1888,1812,1811,-1,1849,1848,1815,-1,1849,1815,1850,-1,1850,1815,1814,-1,
  1850,1814,1851,-1,1851,1814,1813,-1,1851,1813,1885,-1,1885,1813,1886,-1,1863,1862,1874,-1,1863,1874,1864,-1,1864,1874,1873,-1,1864,1873,1865,-1,
  1865,1873,1872,-1,1865,1872,1866,-1,1866,1872,1871,-1,1866,1871,1867,-1,1867,1871,1870,-1,1867,1870,1868,-1,1868,1870,1869,-1,1876,1875,1858,-1,
  1858,1875,1859,-1,1859,1875,1860,-1,1860,1875,1861,-1,1861,1875,1862,-1,1862,1875,1874,-1,1881,1880,1857,-1,1857,1880,1858,-1,1858,1880,1879,-1,
  1883,1882,1853,-1,1853,1882,1854,-1,1854,1882,1855,-1,1855,1882,1856,-1,1856,1882,1857,-1,1857,1882,1881,-1,1853,1852,1883,-1,1883,1852,1884,-1,
  1884,1852,1885,-1,1885,1852,1851,-1,1816,1815,1848,-1,1816,1848,1817,-1,1817,1848,1847,-1,1817,1847,1818,-1,1818,1847,1846,-1,1818,1846,1819,-1,
  1819,1846,1845,-1,1819,1845,1820,-1,1820,1845,1844,-1,1820,1844,1821,-1,1821,1844,1843,-1,1821,1843,1822,-1,1822,1843,1842,-1,1822,1842,1823,-1,
  1823,1842,1841,-1,1823,1841,1824,-1,1824,1841,1840,-1,1824,1840,1825,-1,1825,1840,1839,-1,1825,1839,1826,-1,1826,1839,1838,-1,1826,1838,1827,-1,
  1827,1838,1837,-1,1827,1837,1828,-1,1828,1837,1836,-1,1828,1836,1829,-1,1829,1836,1835,-1,1829,1835,1830,-1,1830,1835,1834,-1,1830,1834,1831,-1,
  1831,1834,1832,-1,1893,1892,1894,-1,1894,1892,1895,-1,1895,1892,1896,-1,1896,1892,1897,-1,1897,1892,1898,-1,1898,1892,1899,-1,1899,1892,1900,-1,
  1900,1892,1901,-1,1901,1892,1891,-1,1901,1891,1920,-1,1920,1891,1921,-1,1921,1891,1922,-1,1922,1891,1923,-1,1923,1891,1924,-1,1924,1891,1925,-1,
  1925,1891,1926,-1,1926,1891,1927,-1,1927,1891,1939,-1,1902,1901,1916,-1,1916,1901,1917,-1,1917,1901,1918,-1,1918,1901,1919,-1,1919,1901,1920,-1,
  1903,1902,1913,-1,1913,1902,1914,-1,1914,1902,1915,-1,1915,1902,1916,-1,1903,1913,1904,-1,1904,1913,1905,-1,1905,1913,1906,-1,1906,1913,1907,-1,
  1907,1913,1908,-1,1908,1913,1909,-1,1909,1913,1912,-1,1911,1910,1912,-1,1912,1910,1909,-1,1930,1929,1937,-1,1930,1937,1931,-1,1931,1937,1936,-1,
  1931,1936,1932,-1,1932,1936,1935,-1,1932,1935,1933,-1,1933,1935,1934,-1,1939,1938,1928,-1,1928,1938,1929,-1,1929,1938,1937,-1,1962,1961,1944,-1,
  1962,1944,1963,-1,1963,1944,1943,-1,1963,1943,1964,-1,1964,1943,1942,-1,1964,1942,1965,-1,1965,1942,1941,-1,1965,1941,1966,-1,1966,1941,1940,-1,
  1944,1961,1945,-1,1945,1961,1946,-1,1946,1961,1947,-1,1947,1961,1948,-1,1948,1961,1949,-1,1949,1961,1950,-1,1950,1961,1951,-1,1951,1961,1960,-1,
  1957,1955,1954,-1,1957,1954,1958,-1,1958,1954,1953,-1,1958,1953,1959,-1,1959,1953,1952,-1,1959,1952,1960,-1,1960,1952,1951,-1,2896,2958,2927,-1,
  2896,2927,2897,-1,2897,2927,2926,-1,2897,2926,2898,-1,2898,2926,2925,-1,2898,2925,2899,-1,2899,2925,2924,-1,2899,2924,2900,-1,2900,2924,2923,-1,
  2900,2923,2901,-1,2901,2923,2922,-1,2901,2922,2902,-1,2902,2922,2921,-1,2902,2921,2903,-1,2903,2921,2920,-1,2903,2920,2904,-1,2904,2920,2919,-1,
  2904,2919,2905,-1,2905,2919,2918,-1,2905,2918,2906,-1,2906,2918,2917,-1,2906,2917,2907,-1,2907,2917,2916,-1,2907,2916,2908,-1,2908,2916,2915,-1,
  2908,2915,2909,-1,2909,2915,2914,-1,2909,2914,2910,-1,2910,2914,2913,-1,2910,2913,2911,-1,2911,2913,2912,-1,2929,2928,2967,-1,2967,2928,2958,-1,
  2958,2928,2927,-1,2929,2967,2930,-1,2930,2967,2931,-1,2931,2967,2932,-1,2932,2967,2966,-1,2932,2966,2933,-1,2933,2966,2934,-1,2934,2966,2935,-1,
  2935,2966,2965,-1,2965,2964,2935,-1,2935,2964,2936,-1,2936,2964,2951,-1,2951,2964,2963,-1,2937,2936,2947,-1,2947,2936,2948,-1,2948,2936,2949,-1,
  2949,2936,2950,-1,2950,2936,2951,-1,2944,2943,2938,-1,2944,2938,2945,-1,2945,2938,2937,-1,2945,2937,2946,-1,2946,2937,2947,-1,2939,2938,2940,-1,
  2940,2938,2942,-1,2942,2938,2943,-1,2956,2955,2960,-1,2956,2960,2957,-1,2957,2960,2959,-1,2957,2959,2896,-1,2896,2959,2958,-1,2961,2960,2953,-1,
  2953,2960,2954,-1,2954,2960,2955,-1,2963,2962,2952,-1,2952,2962,2953,-1,2953,2962,2961,-1,2010,2009,2048,-1,2010,2048,2011,-1,2011,2048,2047,-1,
  2011,2047,2012,-1,2012,2047,2046,-1,2012,2046,2013,-1,2013,2046,2014,-1,1980,1979,1991,-1,1980,1991,1981,-1,1981,1991,1990,-1,1981,1990,1982,-1,
  1982,1990,1989,-1,1982,1989,1983,-1,1983,1989,1988,-1,1983,1988,1984,-1,1984,1988,1987,-1,1984,1987,1985,-1,1985,1987,1986,-1,1993,1992,1978,-1,
  1978,1992,1979,-1,1979,1992,1991,-1,1976,1975,1995,-1,1976,1995,1977,-1,1977,1995,1994,-1,1977,1994,1978,-1,1978,1994,1993,-1,1972,1999,1998,-1,
  1972,1998,1973,-1,1973,1998,1997,-1,1973,1997,1974,-1,1974,1997,1996,-1,1974,1996,1975,-1,1975,1996,1995,-1,1969,1968,2002,-1,1969,2002,1970,-1,
  1970,2002,2001,-1,1970,2001,1971,-1,1971,2001,2000,-1,1971,2000,1972,-1,1972,2000,1999,-1,2003,2002,1968,-1,2003,1968,2004,-1,2004,1968,1967,-1,
  2004,1967,2040,-1,2040,1967,2041,-1,2004,2040,2051,-1,2004,2051,2005,-1,2005,2051,2050,-1,2005,2050,2006,-1,2006,2050,2007,-1,2049,2048,2009,-1,
  2049,2009,2050,-1,2050,2009,2008,-1,2050,2008,2007,-1,2038,2037,2043,-1,2038,2043,2039,-1,2039,2043,2042,-1,2039,2042,1967,-1,1967,2042,2041,-1,
  2044,2043,2035,-1,2035,2043,2036,-1,2036,2043,2037,-1,2046,2045,2034,-1,2034,2045,2035,-1,2035,2045,2044,-1,2015,2014,2030,-1,2030,2014,2031,-1,
  2031,2014,2032,-1,2032,2014,2033,-1,2033,2014,2034,-1,2034,2014,2046,-1,2015,2030,2029,-1,2015,2029,2016,-1,2016,2029,2028,-1,2016,2028,2017,-1,
  2017,2028,2027,-1,2017,2027,2018,-1,2018,2027,2026,-1,2018,2026,2019,-1,2019,2026,2025,-1,2019,2025,2020,-1,2020,2025,2024,-1,2020,2024,2021,-1,
  2021,2024,2022,-1,2054,2053,2085,-1,2085,2053,2086,-1,2086,2053,2087,-1,2087,2053,2088,-1,2088,2053,2089,-1,2089,2053,2052,-1,2056,2055,2080,-1,
  2080,2055,2081,-1,2081,2055,2082,-1,2082,2055,2083,-1,2083,2055,2084,-1,2084,2055,2085,-1,2085,2055,2054,-1,2057,2056,2074,-1,2074,2056,2075,-1,
  2075,2056,2076,-1,2076,2056,2077,-1,2077,2056,2078,-1,2078,2056,2079,-1,2079,2056,2080,-1,2057,2074,2058,-1,2058,2074,2059,-1,2059,2074,2060,-1,
  2060,2074,2061,-1,2061,2074,2062,-1,2062,2074,2073,-1,2064,2063,2071,-1,2071,2063,2072,-1,2072,2063,2073,-1,2073,2063,2062,-1,2068,2067,2066,-1,
  2068,2066,2069,-1,2069,2066,2065,-1,2069,2065,2070,-1,2070,2065,2064,-1,2070,2064,2071,-1,2200,2199,2096,-1,2200,2096,2201,-1,2201,2096,2095,-1,
  2201,2095,2090,-1,2090,2095,2092,-1,2090,2092,2091,-1,2172,2171,2135,-1,2172,2135,2173,-1,2173,2135,2134,-1,2173,2134,2132,-1,2132,2134,2133,-1,
  2202,2281,2213,-1,2202,2213,2203,-1,2203,2213,2212,-1,2203,2212,2204,-1,2204,2212,2211,-1,2204,2211,2205,-1,2205,2211,2210,-1,2205,2210,2206,-1,
  2206,2210,2209,-1,2206,2209,2207,-1,2207,2209,2208,-1,2281,2292,2213,-1,2213,2292,2214,-1,2214,2292,2215,-1,2215,2292,2216,-1,2216,2292,2217,-1,
  2217,2292,2218,-1,2218,2292,2219,-1,2219,2292,2220,-1,2220,2292,2291,-1,2291,2290,2220,-1,2220,2290,2221,-1,2221,2290,2222,-1,2222,2290,2223,-1,
  2223,2290,2224,-1,2224,2290,2289,-1,2285,2271,2270,-1,2285,2270,2286,-1,2286,2270,2269,-1,2286,2269,2287,-1,2287,2269,2226,-1,2287,2226,2288,-1,
  2288,2226,2225,-1,2288,2225,2289,-1,2289,2225,2224,-1,2280,2279,2283,-1,2280,2283,2202,-1,2202,2283,2282,-1,2202,2282,2281,-1,2284,2283,2274,-1,
  2274,2283,2275,-1,2275,2283,2276,-1,2276,2283,2277,-1,2277,2283,2278,-1,2278,2283,2279,-1,2271,2285,2272,-1,2272,2285,2273,-1,2273,2285,2274,-1,
  2274,2285,2284,-1,2226,2269,2268,-1,2226,2268,2227,-1,2227,2268,2267,-1,2227,2267,2228,-1,2228,2267,2266,-1,2228,2266,2229,-1,2229,2266,2265,-1,
  2229,2265,2230,-1,2230,2265,2264,-1,2230,2264,2231,-1,2231,2264,2263,-1,2231,2263,2232,-1,2232,2263,2262,-1,2232,2262,2233,-1,2233,2262,2261,-1,
  2233,2261,2234,-1,2234,2261,2260,-1,2234,2260,2235,-1,2235,2260,2259,-1,2235,2259,2236,-1,2236,2259,2258,-1,2236,2258,2237,-1,2237,2258,2257,-1,
  2237,2257,2238,-1,2238,2257,2256,-1,2238,2256,2239,-1,2239,2256,2255,-1,2239,2255,2240,-1,2240,2255,2254,-1,2240,2254,2241,-1,2241,2254,2253,-1,
  2241,2253,2242,-1,2242,2253,2252,-1,2242,2252,2243,-1,2243,2252,2251,-1,2243,2251,2245,-1,2245,2251,2249,-1,2245,2249,2246,-1,2246,2249,2247,-1,
  2306,2305,2317,-1,2306,2317,2307,-1,2307,2317,2316,-1,2307,2316,2308,-1,2308,2316,2315,-1,2308,2315,2309,-1,2309,2315,2314,-1,2309,2314,2310,-1,
  2310,2314,2313,-1,2310,2313,2311,-1,2311,2313,2312,-1,2319,2318,2304,-1,2304,2318,2305,-1,2305,2318,2317,-1,2302,2301,2321,-1,2302,2321,2303,-1,
  2303,2321,2320,-1,2303,2320,2304,-1,2304,2320,2319,-1,2298,2325,2324,-1,2298,2324,2299,-1,2299,2324,2323,-1,2299,2323,2300,-1,2300,2323,2322,-1,
  2300,2322,2301,-1,2301,2322,2321,-1,2295,2294,2328,-1,2295,2328,2296,-1,2296,2328,2327,-1,2296,2327,2297,-1,2297,2327,2326,-1,2297,2326,2298,-1,
  2298,2326,2325,-1,2329,2328,2294,-1,2329,2294,2330,-1,2330,2294,2293,-1,2330,2293,2390,-1,2390,2293,2391,-1,2330,2390,2405,-1,2330,2405,2331,-1,
  2331,2405,2404,-1,2331,2404,2332,-1,2332,2404,2333,-1,2403,2402,2335,-1,2403,2335,2404,-1,2404,2335,2334,-1,2404,2334,2333,-1,2335,2402,2336,-1,
  2336,2402,2337,-1,2337,2402,2338,-1,2338,2402,2339,-1,2339,2402,2401,-1,2341,2340,2399,-1,2399,2340,2400,-1,2400,2340,2401,-1,2401,2340,2339,-1,
  2377,2376,2343,-1,2377,2343,2378,-1,2378,2343,2342,-1,2378,2342,2379,-1,2379,2342,2341,-1,2379,2341,2398,-1,2398,2341,2399,-1,2388,2387,2393,-1,
  2388,2393,2389,-1,2389,2393,2392,-1,2389,2392,2293,-1,2293,2392,2391,-1,2394,2393,2385,-1,2385,2393,2386,-1,2386,2393,2387,-1,2396,2395,2381,-1,
  2381,2395,2382,-1,2382,2395,2383,-1,2383,2395,2384,-1,2384,2395,2385,-1,2385,2395,2394,-1,2381,2380,2396,-1,2396,2380,2397,-1,2397,2380,2398,-1,
  2398,2380,2379,-1,2344,2343,2376,-1,2344,2376,2345,-1,2345,2376,2375,-1,2345,2375,2346,-1,2346,2375,2374,-1,2346,2374,2347,-1,2347,2374,2373,-1,
  2347,2373,2348,-1,2348,2373,2372,-1,2348,2372,2349,-1,2349,2372,2371,-1,2349,2371,2350,-1,2350,2371,2370,-1,2350,2370,2351,-1,2351,2370,2369,-1,
  2351,2369,2352,-1,2352,2369,2368,-1,2352,2368,2353,-1,2353,2368,2367,-1,2353,2367,2354,-1,2354,2367,2366,-1,2354,2366,2355,-1,2355,2366,2365,-1,
  2355,2365,2356,-1,2356,2365,2364,-1,2356,2364,2357,-1,2357,2364,2363,-1,2357,2363,2358,-1,2358,2363,2362,-1,2358,2362,2359,-1,2359,2362,2360,-1,
  2455,2454,2464,-1,2455,2464,2456,-1,2456,2464,2463,-1,2456,2463,2457,-1,2457,2463,2462,-1,2457,2462,2458,-1,2458,2462,2461,-1,2458,2461,2459,-1,
  2459,2461,2460,-1,2465,2464,2454,-1,2465,2454,2416,-1,2416,2454,2453,-1,2416,2453,2427,-1,2427,2453,2428,-1,2448,2447,2441,-1,2441,2447,2442,-1,
  2442,2447,2443,-1,2443,2447,2444,-1,2444,2447,2446,-1,2450,2449,2440,-1,2440,2449,2441,-1,2441,2449,2448,-1,2437,2436,2453,-1,2437,2453,2438,-1,
  2438,2453,2452,-1,2438,2452,2439,-1,2439,2452,2451,-1,2439,2451,2440,-1,2440,2451,2450,-1,2428,2453,2429,-1,2429,2453,2430,-1,2430,2453,2431,-1,
  2431,2453,2432,-1,2432,2453,2433,-1,2433,2453,2434,-1,2434,2453,2435,-1,2435,2453,2436,-1,2465,2416,2466,-1,2466,2416,2467,-1,2467,2416,2468,-1,
  2468,2416,2469,-1,2469,2416,2470,-1,2470,2416,2471,-1,2471,2416,2472,-1,2472,2416,2473,-1,2473,2416,2474,-1,2474,2416,2475,-1,2475,2416,2415,-1,
  2413,2412,2477,-1,2413,2477,2414,-1,2414,2477,2476,-1,2414,2476,2415,-1,2415,2476,2475,-1,2479,2478,2410,-1,2410,2478,2411,-1,2411,2478,2412,-1,
  2412,2478,2477,-1,2479,2410,2480,-1,2480,2410,2481,-1,2481,2410,2406,-1,2406,2410,2408,-1,2408,2410,2409,-1,2423,2421,2420,-1,2423,2420,2424,-1,
  2424,2420,2419,-1,2424,2419,2425,-1,2425,2419,2418,-1,2425,2418,2426,-1,2426,2418,2417,-1,2426,2417,2427,-1,2427,2417,2416,-1,2582,2581,2523,-1,
  2523,2581,2524,-1,2524,2581,2525,-1,2525,2581,2526,-1,2526,2581,2527,-1,2527,2581,2528,-1,2528,2581,2529,-1,2529,2581,2553,-1,2553,2581,2554,-1,
  2554,2581,2580,-1,2529,2553,2530,-1,2530,2553,2531,-1,2531,2553,2532,-1,2532,2553,2533,-1,2533,2553,2552,-1,2535,2534,2545,-1,2545,2534,2546,-1,
  2546,2534,2547,-1,2547,2534,2548,-1,2548,2534,2549,-1,2549,2534,2550,-1,2550,2534,2551,-1,2551,2534,2552,-1,2552,2534,2533,-1,2536,2535,2543,-1,
  2543,2535,2544,-1,2544,2535,2545,-1,2537,2536,2543,-1,2537,2543,2538,-1,2538,2543,2542,-1,2538,2542,2539,-1,2539,2542,2540,-1,2500,2499,2495,-1,
  2495,2499,2496,-1,2496,2499,2497,-1,2497,2499,2498,-1,2500,2495,2494,-1,2500,2494,2501,-1,2501,2494,2493,-1,2501,2493,2502,-1,2502,2493,2503,-1,
  2488,2487,2507,-1,2488,2507,2489,-1,2489,2507,2506,-1,2489,2506,2490,-1,2490,2506,2505,-1,2490,2505,2491,-1,2491,2505,2504,-1,2491,2504,2492,-1,
  2492,2504,2503,-1,2492,2503,2493,-1,2485,2484,2510,-1,2485,2510,2486,-1,2486,2510,2509,-1,2486,2509,2487,-1,2487,2509,2508,-1,2487,2508,2507,-1,
  2512,2511,2483,-1,2483,2511,2484,-1,2484,2511,2510,-1,2514,2513,2579,-1,2579,2513,2482,-1,2482,2513,2483,-1,2483,2513,2512,-1,2579,2585,2514,-1,
  2514,2585,2515,-1,2515,2585,2516,-1,2516,2585,2517,-1,2517,2585,2518,-1,2518,2585,2584,-1,2584,2583,2518,-1,2518,2583,2519,-1,2519,2583,2520,-1,
  2520,2583,2521,-1,2521,2583,2522,-1,2522,2583,2582,-1,2579,2482,2580,-1,2580,2482,2554,-1,2554,2482,2555,-1,2555,2482,2578,-1,2557,2556,2574,-1,
  2574,2556,2575,-1,2575,2556,2576,-1,2576,2556,2577,-1,2577,2556,2578,-1,2578,2556,2555,-1,2559,2558,2569,-1,2569,2558,2570,-1,2570,2558,2571,-1,
  2571,2558,2572,-1,2572,2558,2573,-1,2573,2558,2574,-1,2574,2558,2557,-1,2560,2559,2569,-1,2560,2569,2561,-1,2561,2569,2568,-1,2561,2568,2562,-1,
  2562,2568,2567,-1,2562,2567,2563,-1,2563,2567,2566,-1,2563,2566,2564,-1,2564,2566,2565,-1,2604,2603,2599,-1,2599,2603,2600,-1,2600,2603,2601,-1,
  2601,2603,2602,-1,2604,2599,2598,-1,2604,2598,2605,-1,2605,2598,2597,-1,2605,2597,2606,-1,2606,2597,2607,-1,2592,2591,2611,-1,2592,2611,2593,-1,
  2593,2611,2610,-1,2593,2610,2594,-1,2594,2610,2609,-1,2594,2609,2595,-1,2595,2609,2608,-1,2595,2608,2596,-1,2596,2608,2607,-1,2596,2607,2597,-1,
  2589,2588,2614,-1,2589,2614,2590,-1,2590,2614,2613,-1,2590,2613,2591,-1,2591,2613,2612,-1,2591,2612,2611,-1,2616,2615,2587,-1,2587,2615,2588,-1,
  2588,2615,2614,-1,2618,2617,2641,-1,2641,2617,2586,-1,2586,2617,2587,-1,2587,2617,2616,-1,2641,2640,2618,-1,2618,2640,2619,-1,2619,2640,2620,-1,
  2620,2640,2621,-1,2621,2640,2622,-1,2622,2640,2639,-1,2639,2638,2622,-1,2622,2638,2623,-1,2623,2638,2624,-1,2624,2638,2625,-1,2625,2638,2626,-1,
  2626,2638,2627,-1,2627,2638,2637,-1,2632,2631,2630,-1,2632,2630,2633,-1,2633,2630,2629,-1,2633,2629,2634,-1,2634,2629,2628,-1,2634,2628,2635,-1,
  2635,2628,2627,-1,2635,2627,2636,-1,2636,2627,2637,-1,2712,2711,2643,-1,2712,2643,2713,-1,2713,2643,2642,-1,2713,2642,2586,-1,2586,2642,2641,-1,
  2708,2645,2644,-1,2708,2644,2709,-1,2709,2644,2643,-1,2709,2643,2710,-1,2710,2643,2711,-1,2645,2708,2646,-1,2646,2708,2647,-1,2647,2708,2648,-1,
  2648,2708,2707,-1,2703,2684,2683,-1,2703,2683,2704,-1,2704,2683,2682,-1,2704,2682,2705,-1,2705,2682,2650,-1,2705,2650,2706,-1,2706,2650,2649,-1,
  2706,2649,2707,-1,2707,2649,2648,-1,2741,2740,2715,-1,2741,2715,2742,-1,2742,2715,2714,-1,2742,2714,2820,-1,2820,2714,2821,-1,2718,2717,2731,-1,
  2718,2731,2719,-1,2719,2731,2730,-1,2719,2730,2720,-1,2720,2730,2729,-1,2720,2729,2721,-1,2721,2729,2728,-1,2721,2728,2723,-1,2723,2728,2726,-1,
  2723,2726,2724,-1,2724,2726,2725,-1,2731,2717,2732,-1,2732,2717,2733,-1,2733,2717,2734,-1,2734,2717,2716,-1,2735,2734,2716,-1,2735,2716,2736,-1,
  2736,2716,2715,-1,2736,2715,2737,-1,2737,2715,2738,-1,2740,2739,2715,-1,2715,2739,2738,-1,2818,2745,2744,-1,2818,2744,2819,-1,2819,2744,2743,-1,
  2819,2743,2820,-1,2820,2743,2742,-1,2745,2818,2746,-1,2746,2818,2747,-1,2747,2818,2748,-1,2748,2818,2817,-1,2817,2816,2748,-1,2748,2816,2749,-1,
  2749,2816,2750,-1,2750,2816,2751,-1,2751,2816,2752,-1,2752,2816,2815,-1,2812,2791,2755,-1,2812,2755,2813,-1,2813,2755,2754,-1,2813,2754,2814,-1,
  2814,2754,2753,-1,2814,2753,2815,-1,2815,2753,2752,-1,2801,2800,2805,-1,2801,2805,2802,-1,2802,2805,2804,-1,2802,2804,2803,-1,2805,2800,2799,-1,
  2805,2799,2806,-1,2806,2799,2798,-1,2806,2798,2807,-1,2807,2798,2808,-1,2810,2809,2794,-1,2794,2809,2795,-1,2795,2809,2796,-1,2796,2809,2797,-1,
  2797,2809,2798,-1,2798,2809,2808,-1,2810,2794,2793,-1,2810,2793,2811,-1,2811,2793,2792,-1,2811,2792,2812,-1,2812,2792,2791,-1,2757,2756,2789,-1,
  2789,2756,2790,-1,2790,2756,2791,-1,2791,2756,2755,-1,2775,2772,2771,-1,2775,2771,2777,-1,2777,2771,2769,-1,2777,2769,2778,-1,2778,2769,2768,-1,
  2778,2768,2779,-1,2779,2768,2767,-1,2779,2767,2780,-1,2780,2767,2766,-1,2780,2766,2781,-1,2781,2766,2765,-1,2781,2765,2782,-1,2782,2765,2764,-1,
  2782,2764,2783,-1,2783,2764,2763,-1,2783,2763,2784,-1,2784,2763,2762,-1,2784,2762,2785,-1,2785,2762,2761,-1,2785,2761,2786,-1,2786,2761,2760,-1,
  2786,2760,2787,-1,2787,2760,2759,-1,2787,2759,2788,-1,2788,2759,2758,-1,2788,2758,2789,-1,2789,2758,2757,-1,2774,2773,2775,-1,2775,2773,2772,-1,
  2696,2695,2694,-1,2696,2694,2697,-1,2697,2694,2693,-1,2697,2693,2698,-1,2698,2693,2692,-1,2698,2692,2699,-1,2699,2692,2700,-1,2702,2701,2687,-1,
  2687,2701,2688,-1,2688,2701,2689,-1,2689,2701,2690,-1,2690,2701,2691,-1,2691,2701,2692,-1,2692,2701,2700,-1,2684,2703,2685,-1,2685,2703,2686,-1,
  2686,2703,2687,-1,2687,2703,2702,-1,2650,2682,2681,-1,2650,2681,2651,-1,2651,2681,2680,-1,2651,2680,2652,-1,2652,2680,2679,-1,2652,2679,2653,-1,
  2653,2679,2678,-1,2653,2678,2654,-1,2654,2678,2677,-1,2654,2677,2655,-1,2655,2677,2676,-1,2655,2676,2656,-1,2656,2676,2675,-1,2656,2675,2657,-1,
  2657,2675,2674,-1,2657,2674,2658,-1,2658,2674,2673,-1,2658,2673,2659,-1,2659,2673,2672,-1,2659,2672,2660,-1,2660,2672,2671,-1,2660,2671,2661,-1,
  2661,2671,2670,-1,2661,2670,2662,-1,2662,2670,2669,-1,2662,2669,2663,-1,2663,2669,2668,-1,2663,2668,2664,-1,2664,2668,2667,-1,2664,2667,2665,-1,
  2665,2667,2666,-1,2824,2823,2832,-1,2832,2823,2833,-1,2833,2823,2834,-1,2834,2823,2835,-1,2835,2823,2836,-1,2836,2823,2837,-1,2824,2832,2831,-1,
  2824,2831,2825,-1,2825,2831,2830,-1,2825,2830,2826,-1,2826,2830,2829,-1,2826,2829,2827,-1,2827,2829,2828,-1,2141,2148,2147,-1,2141,2147,2142,-1,
  2142,2147,2146,-1,2142,2146,2144,-1,2144,2146,2145,-1,2148,2141,2149,-1,2149,2141,2150,-1,2150,2141,2151,-1,2151,2141,2140,-1,2151,2140,2152,-1,
  2152,2140,2153,-1,2153,2140,2154,-1,2154,2140,2155,-1,2155,2140,2139,-1,2155,2139,2156,-1,2156,2139,2157,-1,2157,2139,2158,-1,2158,2139,2159,-1,
  2159,2139,2138,-1,2159,2138,2160,-1,2160,2138,2161,-1,2161,2138,2162,-1,2162,2138,2163,-1,2163,2138,2137,-1,2163,2137,2164,-1,2164,2137,2165,-1,
  2165,2137,2166,-1,2166,2137,2167,-1,2167,2137,2136,-1,2167,2136,2168,-1,2168,2136,2169,-1,2169,2136,2170,-1,2170,2136,2171,-1,2171,2136,2135,-1,
  2174,2173,2118,-1,2118,2173,2119,-1,2119,2173,2120,-1,2120,2173,2121,-1,2121,2173,2122,-1,2122,2173,2123,-1,2123,2173,2124,-1,2124,2173,2125,-1,
  2125,2173,2126,-1,2126,2173,2127,-1,2127,2173,2128,-1,2128,2173,2129,-1,2129,2173,2130,-1,2130,2173,2131,-1,2131,2173,2132,-1,2175,2174,2104,-1,
  2104,2174,2105,-1,2105,2174,2106,-1,2106,2174,2107,-1,2107,2174,2108,-1,2108,2174,2109,-1,2109,2174,2110,-1,2110,2174,2111,-1,2111,2174,2112,-1,
  2112,2174,2113,-1,2113,2174,2114,-1,2114,2174,2115,-1,2115,2174,2116,-1,2116,2174,2117,-1,2117,2174,2118,-1,2103,2102,2104,-1,2104,2102,2175,-1,
  2175,2102,2176,-1,2176,2102,2177,-1,2177,2102,2101,-1,2177,2101,2178,-1,2178,2101,2179,-1,2179,2101,2180,-1,2180,2101,2181,-1,2181,2101,2100,-1,
  2181,2100,2182,-1,2182,2100,2183,-1,2183,2100,2184,-1,2184,2100,2185,-1,2185,2100,2099,-1,2185,2099,2186,-1,2186,2099,2187,-1,2187,2099,2188,-1,
  2188,2099,2189,-1,2189,2099,2098,-1,2189,2098,2190,-1,2190,2098,2191,-1,2191,2098,2192,-1,2192,2098,2193,-1,2193,2098,2097,-1,2193,2097,2194,-1,
  2194,2097,2195,-1,2195,2097,2196,-1,2196,2097,2197,-1,2197,2097,2096,-1,2199,2198,2096,-1,2096,2198,2197,-1,2094,2093,2095,-1,2095,2093,2092,-1,
  2838,2851,2847,-1,2838,2847,2839,-1,2839,2847,2846,-1,2839,2846,2840,-1,2840,2846,2845,-1,2840,2845,2841,-1,2841,2845,2844,-1,2841,2844,2842,-1,
  2842,2844,2843,-1,2848,2847,2849,-1,2849,2847,2850,-1,2850,2847,2851,-1,2858,2856,2855,-1,2858,2855,2859,-1,2859,2855,2854,-1,2859,2854,2860,-1,
  2860,2854,2853,-1,2892,2891,2864,-1,2892,2864,2893,-1,2893,2864,2863,-1,2893,2863,2894,-1,2894,2863,2862,-1,2894,2862,2895,-1,2895,2862,2861,-1,
  2891,2890,2864,-1,2864,2890,2865,-1,2865,2890,2866,-1,2866,2890,2867,-1,2867,2890,2868,-1,2868,2890,2869,-1,2869,2890,2889,-1,2889,2888,2869,-1,
  2869,2888,2870,-1,2870,2888,2871,-1,2871,2888,2872,-1,2872,2888,2873,-1,2873,2888,2887,-1,2884,2883,2874,-1,2884,2874,2885,-1,2885,2874,2873,-1,
  2885,2873,2886,-1,2886,2873,2887,-1,2874,2883,2875,-1,2875,2883,2876,-1,2876,2883,2877,-1,2877,2883,2878,-1,2878,2883,2879,-1,2879,2883,2880,-1,
  2880,2883,2881,-1,2881,2883,2882,-1,2975,2974,2968,-1,2968,2974,2969,-1,2969,2974,2970,-1,2970,2974,2973,-1,2972,2971,2973,-1,2973,2971,2970,-1,
  2856,2858,2857,-1,2851,2838,2852,-1,2142,2144,2143,-1,2775,2777,2776,-1,2769,2771,2770,-1,2721,2723,2722,-1,2726,2728,2727,-1,2821,2714,2822,-1,
  2582,2523,2522,-1,2540,2542,2541,-1,2407,2406,2408,-1,2421,2423,2422,-1,2446,2445,2444,-1,2249,2251,2250,-1,2247,2249,2248,-1,2360,2362,2361,-1,
  2243,2245,2244,-1,2022,2024,2023,-1,2940,2942,2941,-1,2963,2952,2951,-1,1955,1957,1956,-1,1927,1939,1928,-1,1832,1834,1833,-1,1858,1877,1876,-1,
  1802,1743,1742,-1,1760,1762,1761,-1,1631,1633,1632,-1,1611,1613,1612,-1,1591,1593,1592,-1,1571,1573,1572,-1,1551,1553,1552,-1,1531,1533,1532,-1,
  1454,1456,1455,-1,1436,1438,1437,-1,779,781,780,-1,874,744,743,-1,1047,968,967,-1,427,426,425,-1,1081,1083,1082,-1,1112,1141,1140,-1,
  725,727,726,-1,735,429,736,-1,732,734,733,-1,354,356,355,-1,334,336,335,-1,314,316,315,-1,294,296,295,-1,274,276,275,-1,
  189,191,190,-1,173,166,165,-1,124,74,125,-1,3,5,4,-1]
  normalPerVertex TRUE
  normal DEF NORM_10 Normal { vector [
  0 0 -1,0 0 -1,
  0 0 -1,0 0 -1,
  0 0 -1,0 0 -1,
  0 0 -1,0 0 -1,
  0 0 -1,0 0 -1,
  0 0 -1,0 0 -1,
  0 0 -1,0 0 -1,
  0 0 -1,0 0 -1,
  0 0 -1,0 0 -1,
  0 0 -1,0 0 -1,
  0 0 -1,0 0 -1,
  0 0 -1,0 0 -1,
  0 0 -1,0 0 -1,
  0 0 -1,0 0 -1,
  0 0 -1,0 0 -1,
  0 0 -1,0 0 -1,
  0 0 -1,0 0 -1,
  0 0 -1,0 0 -1,
  0 0 -1,0 0 -1,
  0 0 -1,0 0 -1,
  0 0 -1,0 0 -1,
  0 0 -1,0 0 -1,
  0 0 -1,0 0 -1,
  0 0 -1,0 0 -1,
  0 0 -1,0 0 -1,
  0 0 -1,0 0 -1,
  0 0 -1,0 0 -1,
  0 0 -1,0 0 -1,
  0 0 -1,0 0 -1,
  0 0 -1,0 0 -1,
  0 0 -1,0 0 -1,
  0 0 -1,0 0 -1,
  0 0 -1,0 0 -1,
  0 0 -1,0 0 -1,
  0 0 -1,0 0 -1,
  0 0 -1,0 0 -1,
  0 0 -1,0 0 -1,
  0 0 -1,0 0 -1,
  0 0 -1,0 0 -1,
  0 0 -1,0 0 -1,
  0 0 -1,0 0 -1,
  0 0 -1,0 0 -1,
  0 0 -1,0 0 -1,
  0 0 -1,0 0 -1,
  0 0 -1,0 0 -1,
  0 0 -1,0 0 -1,
  0 0 -1,0 0 -1,
  0 0 -1,0 0 -1,
  0 0 -1,0 0 -1,
  0 0 -1,0 0 -1,
  0 0 -1,0 0 -1,
  0 0 -1,0 0 -1,
  0 0 -1,0 0 -1,
  0 0 -1,0 0 -1,
  0 0 -1,0 0 -1,
  0 0 -1,0 0 -1,
  0 0 -1,0 0 -1,
  0 0 -1,0 0 -1,
  0 0 -1,0 0 -1,
  0 0 -1,0 0 -1,
  0 0 -1,0 0 -1,
  0 0 -1,0 0 -1,
  0 0 -1,0 0 -1,
  0 0 -1,0 0 -1,
  0 0 -1,0 0 -1,
  0 0 -1,0 0 -1,
  0 0 -1,0 0 -1,
  0 0 -1,0 0 -1,
  0 0 -1,0 0 -1,
  0 0 -1,0 0 -1,
  0 0 -1,0 0 -1,
  0 0 -1,0 0 -1,
  0 0 -1,0 0 -1,
  0 0 -1,0 0 -1,
  0 0 -1,0 0 -1,
  0 0 -1,0 0 -1,
  0 0 -1,0 0 -1,
  0 0 -1,0 0 -1,
  0 0 -1,0 0 -1,
  0 0 -1,0 0 -1,
  0 0 -1,0 0 -1,
  0 0 -1,0 0 -1,
  0 0 -1,0 0 -1,
  0 0 -1,0 0 -1,
  0 0 -1,0 0 -1,
  0 0 -1,0 0 -1,
  0 0 -1,0 0 -1,
  0 0 -1,0 0 -1,
  0 0 -1,0 0 -1,
  0 0 -1,0 0 -1,
  0 0 -1,0 0 -1,
  0 0 -1,0 0 -1,
  0 0 -1,0 0 -1,
  0 0 -1,0 0 -1,
  0 0 -1,0 0 -1,
  0 0 -1,0 0 -1,
  0 0 -1,0 0 -1,
  0 0 -1,0 0 -1,
  0 0 -1,0 0 -1,
  0 0 -1,0 0 -1,
  0 0 -1,0 0 -1,
  0 0 -1,0 0 -1,
  0 0 -1,0 0 -1,
  0 0 -1,0 0 -1,
  0 0 -1,0 0 -1,
  0 0 -1,0 0 -1,
  0 0 -1,0 0 -1,
  0 0 -1,0 0 -1,
  0 0 -1,0 0 -1,
  0 0 -1,0 0 -1,
  0 0 -1,0 0 -1,
  0 0 -1,0 0 -1,
  0 0 -1,0 0 -1,
  0 0 -1,0 0 -1,
  0 0 -1,0 0 -1,
  0 0 -1,0 0 -1,
  0 0 -1,0 0 -1,
  0 0 -1,0 0 -1,
  0 0 -1,0 0 -1,
  0 0 -1,0 0 -1,
  0 0 -1,0 0 -1,
  0 0 -1,0 0 -1,
  0 0 -1,0 0 -1,
  0 0 -1,0 0 -1,
  0 0 -1,0 0 -1,
  0 0 -1,0 0 -1,
  0 0 -1,0 0 -1,
  0 0 -1,0 0 -1,
  0 0 -1,0 0 -1,
  0 0 -1,0 0 -1,
  0 0 -1,0 0 -1,
  0 0 -1,0 0 -1,
  0 0 -1,0 0 -1,
  0 0 -1,0 0 -1,
  0 0 -1,0 0 -1,
  0 0 -1,0 0 -1,
  0 0 -1,0 0 -1,
  0 0 -1,0 0 -1,
  0 0 -1,0 0 -1,
  0 0 -1,0 0 -1,
  0 0 -1,0 0 -1,
  0 0 -1,0 0 -1,
  0 0 -1,0 0 -1,
  0 0 -1,0 0 -1,
  0 0 -1,0 0 -1,
  0 0 -1,0 0 -1,
  0 0 -1,0 0 -1,
  0 0 -1,0 0 -1,
  0 0 -1,0 0 -1,
  0 0 -1,0 0 -1,
  0 0 -1,0 0 -1,
  0 0 -1,0 0 -1,
  0 0 -1,0 0 -1,
  0 0 -1,0 0 -1,
  0 0 -1,0 0 -1,
  0 0 -1,0 0 -1,
  0 0 -1,0 0 -1,
  0 0 -1,0 0 -1,
  0 0 -1,0 0 -1,
  0 0 -1,0 0 -1,
  0 0 -1,0 0 -1,
  0 0 -1,0 0 -1,
  0 0 -1,0 0 -1,
  0 0 -1,0 0 -1,
  0 0 -1,0 0 -1,
  0 0 -1,0 0 -1,
  0 0 -1,0 0 -1,
  0 0 -1,0 0 -1,
  0 0 -1,0 0 -1,
  0 0 -1,0 0 -1,
  0 0 -1,0 0 -1,
  0 0 -1,0 0 -1,
  0 0 -1,0 0 -1,
  0 0 -1,0 0 -1,
  0 0 -1,0 0 -1,
  0 0 -1,0 0 -1,
  0 0 -1,0 0 -1,
  0 0 -1,0 0 -1,
  0 0 -1,0 0 -1,
  0 0 -1,0 0 -1,
  0 0 -1,0 0 -1,
  0 0 -1,0 0 -1,
  0 0 -1,0 0 -1,
  0 0 -1,0 0 -1,
  0 0 -1,0 0 -1,
  0 0 -1,0 0 -1,
  0 0 -1,0 0 -1,
  0 0 -1,0 0 -1,
  0 0 -1,0 0 -1,
  0 0 -1,0 0 -1,
  0 0 -1,0 0 -1,
  0 0 -1,0 0 -1,
  0 0 -1,0 0 -1,
  0 0 -1,0 0 -1,
  0 0 -1,0 0 -1,
  0 0 -1,0 0 -1,
  0 0 -1,0 0 -1,
  0 0 -1,0 0 -1,
  0 0 -1,0 0 -1,
  0 0 -1,0 0 -1,
  0 0 -1,0 0 -1,
  0 0 -1,0 0 -1,
  0 0 -1,0 0 -1,
  0 0 -1,0 0 -1,
  0 0 -1,0 0 -1,
  0 0 -1,0 0 -1,
  0 0 -1,0 0 -1,
  0 0 -1,0 0 -1,
  0 0 -1,0 0 -1,
  0 0 -1,0 0 -1,
  0 0 -1,0 0 -1,
  0 0 -1,0 0 -1,
  0 0 -1,0 0 -1,
  0 0 -1,0 0 -1,
  0 0 -1,0 0 -1,
  0 0 -1,0 0 -1,
  0 0 -1,0 0 -1,
  0 0 -1,0 0 -1,
  0 0 -1,0 0 -1,
  0 0 -1,0 0 -1,
  0 0 -1,0 0 -1,
  0 0 -1,0 0 -1,
  0 0 -1,0 0 -1,
  0 0 -1,0 0 -1,
  0 0 -1,0 0 -1,
  0 0 -1,0 0 -1,
  0 0 -1,0 0 -1,
  0 0 -1,0 0 -1,
  0 0 -1,0 0 -1,
  0 0 -1,0 0 -1,
  0 0 -1,0 0 -1,
  0 0 -1,0 0 -1,
  0 0 -1,0 0 -1,
  0 0 -1,0 0 -1,
  0 0 -1,0 0 -1,
  0 0 -1,0 0 -1,
  0 0 -1,0 0 -1,
  0 0 -1,0 0 -1,
  0 0 -1,0 0 -1,
  0 0 -1,0 0 -1,
  0 0 -1,0 0 -1,
  0 0 -1,0 0 -1,
  0 0 -1,0 0 -1,
  0 0 -1,0 0 -1,
  0 0 -1,0 0 -1,
  0 0 -1,0 0 -1,
  0 0 -1,0 0 -1,
  0 0 -1,0 0 -1,
  0 0 -1,0 0 -1,
  0 0 -1,0 0 -1,
  0 0 -1,0 0 -1,
  0 0 -1,0 0 -1,
  0 0 -1,0 0 -1,
  0 0 -1,0 0 -1,
  0 0 -1,0 0 -1,
  0 0 -1,0 0 -1,
  0 0 -1,0 0 -1,
  0 0 -1,0 0 -1,
  0 0 -1,0 0 -1,
  0 0 -1,0 0 -1,
  0 0 -1,0 0 -1,
  0 0 -1,0 0 -1,
  0 0 -1,0 0 -1,
  0 0 -1,0 0 -1,
  0 0 -1,0 0 -1,
  0 0 -1,0 0 -1,
  0 0 -1,0 0 -1,
  0 0 -1,0 0 -1,
  0 0 -1,0 0 -1,
  0 0 -1,0 0 -1,
  0 0 -1,0 0 -1,
  0 0 -1,0 0 -1,
  0 0 -1,0 0 -1,
  0 0 -1,0 0 -1,
  0 0 -1,0 0 -1,
  0 0 -1,0 0 -1,
  0 0 -1,0 0 -1,
  0 0 -1,0 0 -1,
  0 0 -1,0 0 -1,
  0 0 -1,0 0 -1,
  0 0 -1,0 0 -1,
  0 0 -1,0 0 -1,
  0 0 -1,0 0 -1,
  0 0 -1,0 0 -1,
  0 0 -1,0 0 -1,
  0 0 -1,0 0 -1,
  0 0 -1,0 0 -1,
  0 0 -1,0 0 -1,
  0 0 -1,0 0 -1,
  0 0 -1,0 0 -1,
  0 0 -1,0 0 -1,
  0 0 -1,0 0 -1,
  0 0 -1,0 0 -1,
  0 0 -1,0 0 -1,
  0 0 -1,0 0 -1,
  0 0 -1,0 0 -1,
  0 0 -1,0 0 -1,
  0 0 -1,0 0 -1,
  0 0 -1,0 0 -1,
  0 0 -1,0 0 -1,
  0 0 -1,0 0 -1,
  0 0 -1,0 0 -1,
  0 0 -1,0 0 -1,
  0 0 -1,0 0 -1,
  0 0 -1,0 0 -1,
  0 0 -1,0 0 -1,
  0 0 -1,0 0 -1,
  0 0 -1,0 0 -1,
  0 0 -1,0 0 -1,
  0 0 -1,0 0 -1,
  0 0 -1,0 0 -1,
  0 0 -1,0 0 -1,
  0 0 -1,0 0 -1,
  0 0 -1,0 0 -1,
  0 0 -1,0 0 -1,
  0 0 -1,0 0 -1,
  0 0 -1,0 0 -1,
  0 0 -1,0 0 -1,
  0 0 -1,0 0 -1,
  0 0 -1,0 0 -1,
  0 0 -1,0 0 -1,
  0 0 -1,0 0 -1,
  0 0 -1,0 0 -1,
  0 0 -1,0 0 -1,
  0 0 -1,0 0 -1,
  0 0 -1,0 0 -1,
  0 0 -1,0 0 -1,
  0 0 -1,0 0 -1,
  0 0 -1,0 0 -1,
  0 0 -1,0 0 -1,
  0 0 -1,0 0 -1,
  0 0 -1,0 0 -1,
  0 0 -1,0 0 -1,
  0 0 -1,0 0 -1,
  0 0 -1,0 0 -1,
  0 0 -1,0 0 -1,
  0 0 -1,0 0 -1,
  0 0 -1,0 0 -1,
  0 0 -1,0 0 -1,
  0 0 -1,0 0 -1,
  0 0 -1,0 0 -1,
  0 0 -1,0 0 -1,
  0 0 -1,0 0 -1,
  0 0 -1,0 0 -1,
  0 0 -1,0 0 -1,
  0 0 -1,0 0 -1,
  0 0 -1,0 0 -1,
  0 0 -1,0 0 -1,
  0 0 -1,0 0 -1,
  0 0 -1,0 0 -1,
  0 0 -1,0 0 -1,
  0 0 -1,0 0 -1,
  0 0 -1,0 0 -1,
  0 0 -1,0 0 -1,
  0 0 -1,0 0 -1,
  0 0 -1,0 0 -1,
  0 0 -1,0 0 -1,
  0 0 -1,0 0 -1,
  0 0 -1,0 0 -1,
  0 0 -1,0 0 -1,
  0 0 -1,0 0 -1,
  0 0 -1,0 0 -1,
  0 0 -1,0 0 -1,
  0 0 -1,0 0 -1,
  0 0 -1,0 0 -1,
  0 0 -1,0 0 -1,
  0 0 -1,0 0 -1,
  0 0 -1,0 0 -1,
  0 0 -1,0 0 -1,
  0 0 -1,0 0 -1,
  0 0 -1,0 0 -1,
  0 0 -1,0 0 -1,
  0 0 -1,0 0 -1,
  0 0 -1,0 0 -1,
  0 0 -1,0 0 -1,
  0 0 -1,0 0 -1,
  0 0 -1,0 0 -1,
  0 0 -1,0 0 -1,
  0 0 -1,0 0 -1,
  0 0 -1,0 0 -1,
  0 0 -1,0 0 -1,
  0 0 -1,0 0 -1,
  0 0 -1,0 0 -1,
  0 0 -1,0 0 -1,
  0 0 -1,0 0 -1,
  0 0 -1,0 0 -1,
  0 0 -1,0 0 -1,
  0 0 -1,0 0 -1,
  0 0 -1,0 0 -1,
  0 0 -1,0 0 -1,
  0 0 -1,0 0 -1,
  0 0 -1,0 0 -1,
  0 0 -1,0 0 -1,
  0 0 -1,0 0 -1,
  0 0 -1,0 0 -1,
  0 0 -1,0 0 -1,
  0 0 -1,0 0 -1,
  0 0 -1,0 0 -1,
  0 0 -1,0 0 -1,
  0 0 -1,0 0 -1,
  0 0 -1,0 0 -1,
  0 0 -1,0 0 -1,
  0 0 -1,0 0 -1,
  0 0 -1,0 0 -1,
  0 0 -1,0 0 -1,
  0 0 -1,0 0 -1,
  0 0 -1,0 0 -1,
  0 0 -1,0 0 -1,
  0 0 -1,0 0 -1,
  0 0 -1,0 0 -1,
  0 0 -1,0 0 -1,
  0 0 -1,0 0 -1,
  0 0 -1,0 0 -1,
  0 0 -1,0 0 -1,
  0 0 -1,0 0 -1,
  0 0 -1,0 0 -1,
  0 0 -1,0 0 -1,
  0 0 -1,0 0 -1,
  0 0 -1,0 0 -1,
  0 0 -1,0 0 -1,
  0 0 -1,0 0 -1,
  0 0 -1,0 0 -1,
  0 0 -1,0 0 -1,
  0 0 -1,0 0 -1,
  0 0 -1,0 0 -1,
  0 0 -1,0 0 -1,
  0 0 -1,0 0 -1,
  0 0 -1,0 0 -1,
  0 0 -1,0 0 -1,
  0 0 -1,0 0 -1,
  0 0 -1,0 0 -1,
  0 0 -1,0 0 -1,
  0 0 -1,0 0 -1,
  0 0 -1,0 0 -1,
  0 0 -1,0 0 -1,
  0 0 -1,0 0 -1,
  0 0 -1,0 0 -1,
  0 0 -1,0 0 -1,
  0 0 -1,0 0 -1,
  0 0 -1,0 0 -1,
  0 0 -1,0 0 -1,
  0 0 -1,0 0 -1,
  0 0 -1,0 0 -1,
  0 0 -1,0 0 -1,
  0 0 -1,0 0 -1,
  0 0 -1,0 0 -1,
  0 0 -1,0 0 -1,
  0 0 -1,0 0 -1,
  0 0 -1,0 0 -1,
  0 0 -1,0 0 -1,
  0 0 -1,0 0 -1,
  0 0 -1,0 0 -1,
  0 0 -1,0 0 -1,
  0 0 -1,0 0 -1,
  0 0 -1,0 0 -1,
  0 0 -1,0 0 -1,
  0 0 -1,0 0 -1,
  0 0 -1,0 0 -1,
  0 0 -1,0 0 -1,
  0 0 -1,0 0 -1,
  0 0 -1,0 0 -1,
  0 0 -1,0 0 -1,
  0 0 -1,0 0 -1,
  0 0 -1,0 0 -1,
  0 0 -1,0 0 -1,
  0 0 -1,0 0 -1,
  0 0 -1,0 0 -1,
  0 0 -1,0 0 -1,
  0 0 -1,0 0 -1,
  0 0 -1,0 0 -1,
  0 0 -1,0 0 -1,
  0 0 -1,0 0 -1,
  0 0 -1,0 0 -1,
  0 0 -1,0 0 -1,
  0 0 -1,0 0 -1,
  0 0 -1,0 0 -1,
  0 0 -1,0 0 -1,
  0 0 -1,0 0 -1,
  0 0 -1,0 0 -1,
  0 0 -1,0 0 -1,
  0 0 -1,0 0 -1,
  0 0 -1,0 0 -1,
  0 0 -1,0 0 -1,
  0 0 -1,0 0 -1,
  0 0 -1,0 0 -1,
  0 0 -1,0 0 -1,
  0 0 -1,0 0 -1,
  0 0 -1,0 0 -1,
  0 0 -1,0 0 -1,
  0 0 -1,0 0 -1,
  0 0 -1,0 0 -1,
  0 0 -1,0 0 -1,
  0 0 -1,0 0 -1,
  0 0 -1,0 0 -1,
  0 0 -1,0 0 -1,
  0 0 -1,0 0 -1,
  0 0 -1,0 0 -1,
  0 0 -1,0 0 -1,
  0 0 -1,0 0 -1,
  0 0 -1,0 0 -1,
  0 0 -1,0 0 -1,
  0 0 -1,0 0 -1,
  0 0 -1,0 0 -1,
  0 0 -1,0 0 -1,
  0 0 -1,0 0 -1,
  0 0 -1,0 0 -1,
  0 0 -1,0 0 -1,
  0 0 -1,0 0 -1,
  0 0 -1,0 0 -1,
  0 0 -1,0 0 -1,
  0 0 -1,0 0 -1,
  0 0 -1,0 0 -1,
  0 0 -1,0 0 -1,
  0 0 -1,0 0 -1,
  0 0 -1,0 0 -1,
  0 0 -1,0 0 -1,
  0 0 -1,0 0 -1,
  0 0 -1,0 0 -1,
  0 0 -1,0 0 -1,
  0 0 -1,0 0 -1,
  0 0 -1,0 0 -1,
  0 0 -1,0 0 -1,
  0 0 -1,0 0 -1,
  0 0 -1,0 0 -1,
  0 0 -1,0 0 -1,
  0 0 -1,0 0 -1,
  0 0 -1,0 0 -1,
  0 0 -1,0 0 -1,
  0 0 -1,0 0 -1,
  0 0 -1,0 0 -1,
  0 0 -1,0 0 -1,
  0 0 -1,0 0 -1,
  0 0 -1,0 0 -1,
  0 0 -1,0 0 -1,
  0 0 -1,0 0 -1,
  0 0 -1,0 0 -1,
  0 0 -1,0 0 -1,
  0 0 -1,0 0 -1,
  0 0 -1,0 0 -1,
  0 0 -1,0 0 -1,
  0 0 -1,0 0 -1,
  0 0 -1,0 0 -1,
  0 0 -1,0 0 -1,
  0 0 -1,0 0 -1,
  0 0 -1,0 0 -1,
  0 0 -1,0 0 -1,
  0 0 -1,0 0 -1,
  0 0 -1,0 0 -1,
  0 0 -1,0 0 -1,
  0 0 -1,0 0 -1,
  0 0 -1,0 0 -1,
  0 0 -1,0 0 -1,
  0 0 -1,0 0 -1,
  0 0 -1,0 0 -1,
  0 0 -1,0 0 -1,
  0 0 -1,0 0 -1,
  0 0 -1,0 0 -1,
  0 0 -1,0 0 -1,
  0 0 -1,0 0 -1,
  0 0 -1,0 0 -1,
  0 0 -1,0 0 -1,
  0 0 -1,0 0 -1,
  0 0 -1,0 0 -1,
  0 0 -1,0 0 -1,
  0 0 -1,0 0 -1,
  0 0 -1,0 0 -1,
  0 0 -1,0 0 -1,
  0 0 -1,0 0 -1,
  0 0 -1,0 0 -1,
  0 0 -1,0 0 -1,
  0 0 -1,0 0 -1,
  0 0 -1,0 0 -1,
  0 0 -1,0 0 -1,
  0 0 -1,0 0 -1,
  0 0 -1,0 0 -1,
  0 0 -1,0 0 -1,
  0 0 -1,0 0 -1,
  0 0 -1,0 0 -1,
  0 0 -1,0 0 -1,
  0 0 -1,0 0 -1,
  0 0 -1,0 0 -1,
  0 0 -1,0 0 -1,
  0 0 -1,0 0 -1,
  0 0 -1,0 0 -1,
  0 0 -1,0 0 -1,
  0 0 -1,0 0 -1,
  0 0 -1,0 0 -1,
  0 0 -1,0 0 -1,
  0 0 -1,0 0 -1,
  0 0 -1,0 0 -1,
  0 0 -1,0 0 -1,
  0 0 -1,0 0 -1,
  0 0 -1,0 0 -1,
  0 0 -1,0 0 -1,
  0 0 -1,0 0 -1,
  0 0 -1,0 0 -1,
  0 0 -1,0 0 -1,
  0 0 -1,0 0 -1,
  0 0 -1,0 0 -1,
  0 0 -1,0 0 -1,
  0 0 -1,0 0 -1,
  0 0 -1,0 0 -1,
  0 0 -1,0 0 -1,
  0 0 -1,0 0 -1,
  0 0 -1,0 0 -1,
  0 0 -1,0 0 -1,
  0 0 -1,0 0 -1,
  0 0 -1,0 0 -1,
  0 0 -1,0 0 -1,
  0 0 -1,0 0 -1,
  0 0 -1,0 0 -1,
  0 0 -1,0 0 -1,
  0 0 -1,0 0 -1,
  0 0 -1,0 0 -1,
  0 0 -1,0 0 -1,
  0 0 -1,0 0 -1,
  0 0 -1,0 0 -1,
  0 0 -1,0 0 -1,
  0 0 -1,0 0 -1,
  0 0 -1,0 0 -1,
  0 0 -1,0 0 -1,
  0 0 -1,0 0 -1,
  0 0 -1,0 0 -1,
  0 0 -1,0 0 -1,
  0 0 -1,0 0 -1,
  0 0 -1,0 0 -1,
  0 0 -1,0 0 -1,
  0 0 -1,0 0 -1,
  0 0 -1,0 0 -1,
  0 0 -1,0 0 -1,
  0 0 -1,0 0 -1,
  0 0 -1,0 0 -1,
  0 0 -1,0 0 -1,
  0 0 -1,0 0 -1,
  0 0 -1,0 0 -1,
  0 0 -1,0 0 -1,
  0 0 -1,0 0 -1,
  0 0 -1,0 0 -1,
  0 0 -1,0 0 -1,
  0 0 -1,0 0 -1,
  0 0 -1,0 0 -1,
  0 0 -1,0 0 -1,
  0 0 -1,0 0 -1,
  0 0 -1,0 0 -1,
  0 0 -1,0 0 -1,
  0 0 -1,0 0 -1,
  0 0 -1,0 0 -1,
  0 0 -1,0 0 -1,
  0 0 -1,0 0 -1,
  0 0 -1,0 0 -1,
  0 0 -1,0 0 -1,
  0 0 -1,0 0 -1,
  0 0 -1,0 0 -1,
  0 0 -1,0 0 -1,
  0 0 -1,0 0 -1,
  0 0 -1,0 0 -1,
  0 0 -1,0 0 -1,
  0 0 -1,0 0 -1,
  0 0 -1,0 0 -1,
  0 0 -1,0 0 -1,
  0 0 -1,0 0 -1,
  0 0 -1,0 0 -1,
  0 0 -1,0 0 -1,
  0 0 -1,0 0 -1,
  0 0 -1,0 0 -1,
  0 0 -1,0 0 -1,
  0 0 -1,0 0 -1,
  0 0 -1,0 0 -1,
  0 0 -1,0 0 -1,
  0 0 -1,0 0 -1,
  0 0 -1,0 0 -1,
  0 0 -1,0 0 -1,
  0 0 -1,0 0 -1,
  0 0 -1,0 0 -1,
  0 0 -1,0 0 -1,
  0 0 -1,0 0 -1,
  0 0 -1,0 0 -1,
  0 0 -1,0 0 -1,
  0 0 -1,0 0 -1,
  0 0 -1,0 0 -1,
  0 0 -1,0 0 -1,
  0 0 -1,0 0 -1,
  0 0 -1,0 0 -1,
  0 0 -1,0 0 -1,
  0 0 -1,0 0 -1,
  0 0 -1,0 0 -1,
  0 0 -1,0 0 -1,
  0 0 -1,0 0 -1,
  0 0 -1,0 0 -1,
  0 0 -1,0 0 -1,
  0 0 -1,0 0 -1,
  0 0 -1,0 0 -1,
  0 0 -1,0 0 -1,
  0 0 -1,0 0 -1,
  0 0 -1,0 0 -1,
  0 0 -1,0 0 -1,
  0 0 -1,0 0 -1,
  0 0 -1,0 0 -1,
  0 0 -1,0 0 -1,
  0 0 -1,0 0 -1,
  0 0 -1,0 0 -1,
  0 0 -1,0 0 -1,
  0 0 -1,0 0 -1,
  0 0 -1,0 0 -1,
  0 0 -1,0 0 -1,
  0 0 -1,0 0 -1,
  0 0 -1,0 0 -1,
  0 0 -1,0 0 -1,
  0 0 -1,0 0 -1,
  0 0 -1,0 0 -1,
  0 0 -1,0 0 -1,
  0 0 -1,0 0 -1,
  0 0 -1,0 0 -1,
  0 0 -1,0 0 -1,
  0 0 -1,0 0 -1,
  0 0 -1,0 0 -1,
  0 0 -1,0 0 -1,
  0 0 -1,0 0 -1,
  0 0 -1,0 0 -1,
  0 0 -1,0 0 -1,
  0 0 -1,0 0 -1,
  0 0 -1,0 0 -1,
  0 0 -1,0 0 -1,
  0 0 -1,0 0 -1,
  0 0 -1,0 0 -1,
  0 0 -1,0 0 -1,
  0 0 -1,0 0 -1,
  0 0 -1,0 0 -1,
  0 0 -1,0 0 -1,
  0 0 -1,0 0 -1,
  0 0 -1,0 0 -1,
  0 0 -1,0 0 -1,
  0 0 -1,0 0 -1,
  0 0 -1,0 0 -1,
  0 0 -1,0 0 -1,
  0 0 -1,0 0 -1,
  0 0 -1,0 0 -1,
  0 0 -1,0 0 -1,
  0 0 -1,0 0 -1,
  0 0 -1,0 0 -1,
  0 0 -1,0 0 -1,
  0 0 -1,0 0 -1,
  0 0 -1,0 0 -1,
  0 0 -1,0 0 -1,
  0 0 -1,0 0 -1,
  0 0 -1,0 0 -1,
  0 0 -1,0 0 -1,
  0 0 -1,0 0 -1,
  0 0 -1,0 0 -1,
  0 0 -1,0 0 -1,
  0 0 -1,0 0 -1,
  0 0 -1,0 0 -1,
  0 0 -1,0 0 -1,
  0 0 -1,0 0 -1,
  0 0 -1,0 0 -1,
  0 0 -1,0 0 -1,
  0 0 -1,0 0 -1,
  0 0 -1,0 0 -1,
  0 0 -1,0 0 -1,
  0 0 -1,0 0 -1,
  0 0 -1,0 0 -1,
  0 0 -1,0 0 -1,
  0 0 -1,0 0 -1,
  0 0 -1,0 0 -1,
  0 0 -1,0 0 -1,
  0 0 -1,0 0 -1,
  0 0 -1,0 0 -1,
  0 0 -1,0 0 -1,
  0 0 -1,0 0 -1,
  0 0 -1,0 0 -1,
  0 0 -1,0 0 -1,
  0 0 -1,0 0 -1,
  0 0 -1,0 0 -1,
  0 0 -1,0 0 -1,
  0 0 -1,0 0 -1,
  0 0 -1,0 0 -1,
  0 0 -1,0 0 -1,
  0 0 -1,0 0 -1,
  0 0 -1,0 0 -1,
  0 0 -1,0 0 -1,
  0 0 -1,0 0 -1,
  0 0 -1,0 0 -1,
  0 0 -1,0 0 -1,
  0 0 -1,0 0 -1,
  0 0 -1,0 0 -1,
  0 0 -1,0 0 -1,
  0 0 -1,0 0 -1,
  0 0 -1,0 0 -1,
  0 0 -1,0 0 -1,
  0 0 -1,0 0 -1,
  0 0 -1,0 0 -1,
  0 0 -1,0 0 -1,
  0 0 -1,0 0 -1,
  0 0 -1,0 0 -1,
  0 0 -1,0 0 -1,
  0 0 -1,0 0 -1,
  0 0 -1,0 0 -1,
  0 0 -1,0 0 -1,
  0 0 -1,0 0 -1,
  0 0 -1,0 0 -1,
  0 0 -1,0 0 -1,
  0 0 -1,0 0 -1,
  0 0 -1,0 0 -1,
  0 0 -1,0 0 -1,
  0 0 -1,0 0 -1,
  0 0 -1,0 0 -1,
  0 0 -1,0 0 -1,
  0 0 -1,0 0 -1,
  0 0 -1,0 0 -1,
  0 0 -1,0 0 -1,
  0 0 -1,0 0 -1,
  0 0 -1,0 0 -1,
  0 0 -1,0 0 -1,
  0 0 -1,0 0 -1,
  0 0 -1,0 0 -1,
  0 0 -1,0 0 -1,
  0 0 -1,0 0 -1,
  0 0 -1,0 0 -1,
  0 0 -1,0 0 -1,
  0 0 -1,0 0 -1,
  0 0 -1,0 0 -1,
  0 0 -1,0 0 -1,
  0 0 -1,0 0 -1,
  0 0 -1,0 0 -1,
  0 0 -1,0 0 -1,
  0 0 -1,0 0 -1,
  0 0 -1,0 0 -1,
  0 0 -1,0 0 -1,
  0 0 -1,0 0 -1,
  0 0 -1,0 0 -1,
  0 0 -1,0 0 -1,
  0 0 -1,0 0 -1,
  0 0 -1,0 0 -1,
  0 0 -1,0 0 -1,
  0 0 -1,0 0 -1,
  0 0 -1,0 0 -1,
  0 0 -1,0 0 -1,
  0 0 -1,0 0 -1,
  0 0 -1,0 0 -1,
  0 0 -1,0 0 -1,
  0 0 -1,0 0 -1,
  0 0 -1,0 0 -1,
  0 0 -1,0 0 -1,
  0 0 -1,0 0 -1,
  0 0 -1,0 0 -1,
  0 0 -1,0 0 -1,
  0 0 -1,0 0 -1,
  0 0 -1,0 0 -1,
  0 0 -1,0 0 -1,
  0 0 -1,0 0 -1,
  0 0 -1,0 0 -1,
  0 0 -1,0 0 -1,
  0 0 -1,0 0 -1,
  0 0 -1,0 0 -1,
  0 0 -1,0 0 -1,
  0 0 -1,0 0 -1,
  0 0 -1,0 0 -1,
  0 0 -1,0 0 -1,
  0 0 -1,0 0 -1,
  0 0 -1,0 0 -1,
  0 0 -1,0 0 -1,
  0 0 -1,0 0 -1,
  0 0 -1,0 0 -1,
  0 0 -1,0 0 -1,
  0 0 -1,0 0 -1,
  0 0 -1,0 0 -1,
  0 0 -1,0 0 -1,
  0 0 -1,0 0 -1,
  0 0 -1,0 0 -1,
  0 0 -1,0 0 -1,
  0 0 -1,0 0 -1,
  0 0 -1,0 0 -1,
  0 0 -1,0 0 -1,
  0 0 -1,0 0 -1,
  0 0 -1,0 0 -1,
  0 0 -1,0 0 -1,
  0 0 -1,0 0 -1,
  0 0 -1,0 0 -1,
  0 0 -1,0 0 -1,
  0 0 -1,0 0 -1,
  0 0 -1,0 0 -1,
  0 0 -1,0 0 -1,
  0 0 -1,0 0 -1,
  0 0 -1,0 0 -1,
  0 0 -1,0 0 -1,
  0 0 -1,0 0 -1,
  0 0 -1,0 0 -1,
  0 0 -1,0 0 -1,
  0 0 -1,0 0 -1,
  0 0 -1,0 0 -1,
  0 0 -1,0 0 -1,
  0 0 -1,0 0 -1,
  0 0 -1,0 0 -1,
  0 0 -1,0 0 -1,
  0 0 -1,0 0 -1,
  0 0 -1,0 0 -1,
  0 0 -1,0 0 -1,
  0 0 -1,0 0 -1,
  0 0 -1,0 0 -1,
  0 0 -1,0 0 -1,
  0 0 -1,0 0 -1,
  0 0 -1,0 0 -1,
  0 0 -1,0 0 -1,
  0 0 -1,0 0 -1,
  0 0 -1,0 0 -1,
  0 0 -1,0 0 -1,
  0 0 -1,0 0 -1,
  0 0 -1,0 0 -1,
  0 0 -1,0 0 -1,
  0 0 -1,0 0 -1,
  0 0 -1,0 0 -1,
  0 0 -1,0 0 -1,
  0 0 -1,0 0 -1,
  0 0 -1,0 0 -1,
  0 0 -1,0 0 -1,
  0 0 -1,0 0 -1,
  0 0 -1,0 0 -1,
  0 0 -1,0 0 -1,
  0 0 -1,0 0 -1,
  0 0 -1,0 0 -1,
  0 0 -1,0 0 -1,
  0 0 -1,0 0 -1,
  0 0 -1,0 0 -1,
  0 0 -1,0 0 -1,
  0 0 -1,0 0 -1,
  0 0 -1,0 0 -1,
  0 0 -1,0 0 -1,
  0 0 -1,0 0 -1,
  0 0 -1,0 0 -1,
  0 0 -1,0 0 -1,
  0 0 -1,0 0 -1,
  0 0 -1,0 0 -1,
  0 0 -1,0 0 -1,
  0 0 -1,0 0 -1,
  0 0 -1,0 0 -1,
  0 0 -1,0 0 -1,
  0 0 -1,0 0 -1,
  0 0 -1,0 0 -1,
  0 0 -1,0 0 -1,
  0 0 -1,0 0 -1,
  0 0 -1,0 0 -1,
  0 0 -1,0 0 -1,
  0 0 -1,0 0 -1,
  0 0 -1,0 0 -1,
  0 0 -1,0 0 -1,
  0 0 -1,0 0 -1,
  0 0 -1,0 0 -1,
  0 0 -1,0 0 -1,
  0 0 -1,0 0 -1,
  0 0 -1,0 0 -1,
  0 0 -1,0 0 -1,
  0 0 -1,0 0 -1,
  0 0 -1,0 0 -1,
  0 0 -1,0 0 -1,
  0 0 -1,0 0 -1,
  0 0 -1,0 0 -1,
  0 0 -1,0 0 -1,
  0 0 -1,0 0 -1,
  0 0 -1,0 0 -1,
  0 0 -1,0 0 -1,
  0 0 -1,0 0 -1,
  0 0 -1,0 0 -1,
  0 0 -1,0 0 -1,
  0 0 -1,0 0 -1,
  0 0 -1,0 0 -1,
  0 0 -1,0 0 -1,
  0 0 -1,0 0 -1,
  0 0 -1,0 0 -1,
  0 0 -1,0 0 -1,
  0 0 -1,0 0 -1,
  0 0 -1,0 0 -1,
  0 0 -1,0 0 -1,
  0 0 -1,0 0 -1,
  0 0 -1,0 0 -1,
  0 0 -1,0 0 -1,
  0 0 -1,0 0 -1,
  0 0 -1,0 0 -1,
  0 0 -1,0 0 -1,
  0 0 -1,0 0 -1,
  0 0 -1,0 0 -1,
  0 0 -1,0 0 -1,
  0 0 -1,0 0 -1,
  0 0 -1,0 0 -1,
  0 0 -1,0 0 -1,
  0 0 -1,0 0 -1,
  0 0 -1,0 0 -1,
  0 0 -1,0 0 -1,
  0 0 -1,0 0 -1,
  0 0 -1,0 0 -1,
  0 0 -1,0 0 -1,
  0 0 -1,0 0 -1,
  0 0 -1,0 0 -1,
  0 0 -1,0 0 -1,
  0 0 -1,0 0 -1,
  0 0 -1,0 0 -1,
  0 0 -1,0 0 -1,
  0 0 -1,0 0 -1,
  0 0 -1,0 0 -1,
  0 0 -1,0 0 -1,
  0 0 -1,0 0 -1,
  0 0 -1,0 0 -1,
  0 0 -1,0 0 -1,
  0 0 -1,0 0 -1,
  0 0 -1,0 0 -1,
  0 0 -1,0 0 -1,
  0 0 -1,0 0 -1,
  0 0 -1,0 0 -1,
  0 0 -1,0 0 -1,
  0 0 -1,0 0 -1,
  0 0 -1,0 0 -1,
  0 0 -1,0 0 -1,
  0 0 -1,0 0 -1,
  0 0 -1,0 0 -1,
  0 0 -1,0 0 -1,
  0 0 -1,0 0 -1,
  0 0 -1,0 0 -1,
  0 0 -1,0 0 -1,
  0 0 -1,0 0 -1,
  0 0 -1,0 0 -1,
  0 0 -1,0 0 -1,
  0 0 -1,0 0 -1,
  0 0 -1,0 0 -1,
  0 0 -1,0 0 -1,
  0 0 -1,0 0 -1,
  0 0 -1,0 0 -1,
  0 0 -1,0 0 -1,
  0 0 -1,0 0 -1,
  0 0 -1,0 0 -1,
  0 0 -1,0 0 -1,
  0 0 -1,0 0 -1,
  0 0 -1,0 0 -1,
  0 0 -1,0 0 -1,
  0 0 -1,0 0 -1,
  0 0 -1,0 0 -1,
  0 0 -1,0 0 -1,
  0 0 -1,0 0 -1,
  0 0 -1,0 0 -1,
  0 0 -1,0 0 -1,
  0 0 -1,0 0 -1,
  0 0 -1,0 0 -1,
  0 0 -1,0 0 -1,
  0 0 -1,0 0 -1,
  0 0 -1,0 0 -1,
  0 0 -1,0 0 -1,
  0 0 -1,0 0 -1,
  0 0 -1,0 0 -1,
  0 0 -1,0 0 -1,
  0 0 -1,0 0 -1,
  0 0 -1,0 0 -1,
  0 0 -1,0 0 -1,
  0 0 -1,0 0 -1,
  0 0 -1,0 0 -1,
  0 0 -1,0 0 -1,
  0 0 -1,0 0 -1,
  0 0 -1,0 0 -1,
  0 0 -1,0 0 -1,
  0 0 -1,0 0 -1,
  0 0 -1,0 0 -1,
  0 0 -1,0 0 -1,
  0 0 -1,0 0 -1,
  0 0 -1,0 0 -1,
  0 0 -1,0 0 -1,
  0 0 -1,0 0 -1,
  0 0 -1,0 0 -1,
  0 0 -1,0 0 -1,
  0 0 -1,0 0 -1,
  0 0 -1,0 0 -1,
  0 0 -1,0 0 -1,
  0 0 -1,0 0 -1,
  0 0 -1,0 0 -1,
  0 0 -1,0 0 -1,
  0 0 -1,0 0 -1,
  0 0 -1,0 0 -1,
  0 0 -1,0 0 -1,
  0 0 -1,0 0 -1,
  0 0 -1,0 0 -1,
  0 0 -1,0 0 -1,
  0 0 -1,0 0 -1,
  0 0 -1,0 0 -1,
  0 0 -1,0 0 -1,
  0 0 -1,0 0 -1,
  0 0 -1,0 0 -1,
  0 0 -1,0 0 -1,
  0 0 -1,0 0 -1,
  0 0 -1,0 0 -1,
  0 0 -1,0 0 -1,
  0 0 -1,0 0 -1,
  0 0 -1,0 0 -1,
  0 0 -1,0 0 -1,
  0 0 -1,0 0 -1,
  0 0 -1,0 0 -1,
  0 0 -1,0 0 -1,
  0 0 -1,0 0 -1,
  0 0 -1,0 0 -1,
  0 0 -1,0 0 -1,
  0 0 -1,0 0 -1,
  0 0 -1,0 0 -1,
  0 0 -1,0 0 -1,
  0 0 -1,0 0 -1,
  0 0 -1,0 0 -1,
  0 0 -1,0 0 -1,
  0 0 -1,0 0 -1,
  0 0 -1,0 0 -1,
  0 0 -1,0 0 -1,
  0 0 -1,0 0 -1,
  0 0 -1,0 0 -1,
  0 0 -1,0 0 -1,
  0 0 -1,0 0 -1,
  0 0 -1,0 0 -1,
  0 0 -1,0 0 -1,
  0 0 -1,0 0 -1,
  0 0 -1,0 0 -1,
  0 0 -1,0 0 -1,
  0 0 -1,0 0 -1,
  0 0 -1,0 0 -1,
  0 0 -1,0 0 -1,
  0 0 -1,0 0 -1,
  0 0 -1,0 0 -1,
  0 0 -1,0 0 -1,
  0 0 -1,0 0 -1,
  0 0 -1,0 0 -1,
  0 0 -1,0 0 -1,
  0 0 -1,0 0 -1,
  0 0 -1,0 0 -1,
  0 0 -1,0 0 -1,
  0 0 -1,0 0 -1,
  0 0 -1,0 0 -1,
  0 0 -1,0 0 -1,
  0 0 -1,0 0 -1,
  0 0 -1,0 0 -1,
  0 0 -1,0 0 -1,
  0 0 -1,0 0 -1,
  0 0 -1,0 0 -1,
  0 0 -1,0 0 -1,
  0 0 -1,0 0 -1,
  0 0 -1,0 0 -1,
  0 0 -1,0 0 -1,
  0 0 -1,0 0 -1,
  0 0 -1,0 0 -1,
  0 0 -1,0 0 -1,
  0 0 -1,0 0 -1,
  0 0 -1,0 0 -1,
  0 0 -1,0 0 -1,
  0 0 -1,0 0 -1,
  0 0 -1,0 0 -1,
  0 0 -1,0 0 -1,
  0 0 -1,0 0 -1,
  0 0 -1,0 0 -1,
  0 0 -1,0 0 -1,
  0 0 -1,0 0 -1,
  0 0 -1,0 0 -1,
  0 0 -1,0 0 -1,
  0 0 -1,0 0 -1,
  0 0 -1,0 0 -1,
  0 0 -1,0 0 -1,
  0 0 -1,0 0 -1,
  0 0 -1,0 0 -1,
  0 0 -1,0 0 -1,
  0 0 -1,0 0 -1,
  0 0 -1,0 0 -1,
  0 0 -1,0 0 -1,
  0 0 -1,0 0 -1,
  0 0 -1,0 0 -1,
  0 0 -1,0 0 -1,
  0 0 -1,0 0 -1,
  0 0 -1,0 0 -1,
  0 0 -1,0 0 -1,
  0 0 -1,0 0 -1,
  0 0 -1,0 0 -1,
  0 0 -1,0 0 -1,
  0 0 -1,0 0 -1,
  0 0 -1,0 0 -1,
  0 0 -1,0 0 -1,
  0 0 -1,0 0 -1,
  0 0 -1,0 0 -1,
  0 0 -1,0 0 -1,
  0 0 -1,0 0 -1,
  0 0 -1,0 0 -1,
  0 0 -1,0 0 -1,
  0 0 -1,0 0 -1,
  0 0 -1,0 0 -1,
  0 0 -1,0 0 -1,
  0 0 -1,0 0 -1,
  0 0 -1,0 0 -1,
  0 0 -1,0 0 -1,
  0 0 -1,0 0 -1,
  0 0 -1,0 0 -1,
  0 0 -1,0 0 -1,
  0 0 -1,0 0 -1,
  0 0 -1,0 0 -1,
  0 0 -1,0 0 -1,
  0 0 -1,0 0 -1,
  0 0 -1,0 0 -1,
  0 0 -1,0 0 -1,
  0 0 -1,0 0 -1,
  0 0 -1,0 0 -1,
  0 0 -1,0 0 -1,
  0 0 -1,0 0 -1,
  0 0 -1,0 0 -1,
  0 0 -1,0 0 -1,
  0 0 -1,0 0 -1,
  0 0 -1,0 0 -1,
  0 0 -1,0 0 -1,
  0 0 -1,0 0 -1,
  0 0 -1,0 0 -1,
  0 0 -1,0 0 -1,
  0 0 -1,0 0 -1,
  0 0 -1,0 0 -1,
  0 0 -1,0 0 -1,
  0 0 -1,0 0 -1,
  0 0 -1,0 0 -1,
  0 0 -1,0 0 -1,
  0 0 -1,0 0 -1,
  0 0 -1,0 0 -1,
  0 0 -1,0 0 -1,
  0 0 -1,0 0 -1,
  0 0 -1,0 0 -1,
  0 0 -1,0 0 -1,
  0 0 -1,0 0 -1,
  0 0 -1,0 0 -1,
  0 0 -1,0 0 -1,
  0 0 -1,0 0 -1,
  0 0 -1,0 0 -1,
  0 0 -1,0 0 -1,
  0 0 -1,0 0 -1,
  0 0 -1,0 0 -1,
  0 0 -1,0 0 -1,
  0 0 -1,0 0 -1,
  0 0 -1,0 0 -1,
  0 0 -1,0 0 -1,
  0 0 -1,0 0 -1,
  0 0 -1,0 0 -1,
  0 0 -1,0 0 -1,
  0 0 -1,0 0 -1,
  0 0 -1,0 0 -1,
  0 0 -1,0 0 -1,
  0 0 -1,0 0 -1,
  0 0 -1,0 0 -1,
  0 0 -1,0 0 -1,
  0 0 -1,0 0 -1,
  0 0 -1,0 0 -1,
  0 0 -1,0 0 -1,
  0 0 -1,0 0 -1,
  0 0 -1,0 0 -1,
  0 0 -1,0 0 -1,
  0 0 -1,0 0 -1,
  0 0 -1,0 0 -1,
  0 0 -1,0 0 -1,
  0 0 -1,0 0 -1,
  0 0 -1,0 0 -1,
  0 0 -1,0 0 -1,
  0 0 -1,0 0 -1,
  0 0 -1,0 0 -1,
  0 0 -1,0 0 -1,
  0 0 -1,0 0 -1,
  0 0 -1,0 0 -1,
  0 0 -1,0 0 -1,
  0 0 -1,0 0 -1,
  0 0 -1,0 0 -1,
  0 0 -1,0 0 -1,
  0 0 -1,0 0 -1,
  0 0 -1,0 0 -1,
  0 0 -1,0 0 -1,
  0 0 -1,0 0 -1,
  0 0 -1,0 0 -1,
  0 0 -1,0 0 -1,
  0 0 -1,0 0 -1,
  0 0 -1,0 0 -1,
  0 0 -1,0 0 -1,
  0 0 -1,0 0 -1,
  0 0 -1,0 0 -1,
  0 0 -1,0 0 -1,
  0 0 -1,0 0 -1,
  0 0 -1,0 0 -1,
  0 0 -1,0 0 -1,
  0 0 -1,0 0 -1,
  0 0 -1,0 0 -1,
  0 0 -1,0 0 -1,
  0 0 -1,0 0 -1,
  0 0 -1,0 0 -1,
  0 0 -1,0 0 -1,
  0 0 -1,0 0 -1,
  0 0 -1,0 0 -1,
  0 0 -1,0 0 -1,
  0 0 -1,0 0 -1,
  0 0 -1,0 0 -1,
  0 0 -1,0 0 -1,
  0 0 -1,0 0 -1,
  0 0 -1,0 0 -1,
  0 0 -1,0 0 -1,
  0 0 -1,0 0 -1,
  0 0 -1,0 0 -1,
  0 0 -1,0 0 -1,
  0 0 -1,0 0 -1,
  0 0 -1,0 0 -1,
  0 0 -1,0 0 -1,
  0 0 -1,0 0 -1,
  0 0 -1,0 0 -1,
  0 0 -1,0 0 -1,
  0 0 -1,0 0 -1,
  0 0 -1,0 0 -1,
  0 0 -1,0 0 -1,
  0 0 -1,0 0 -1,
  0 0 -1,0 0 -1,
  0 0 -1,0 0 -1,
  0 0 -1,0 0 -1,
  0 0 -1,0 0 -1,
  0 0 -1,0 0 -1,
  0 0 -1,0 0 -1,
  0 0 -1,0 0 -1,
  0 0 -1,0 0 -1,
  0 0 -1,0 0 -1,
  0 0 -1,0 0 -1,
  0 0 -1,0 0 -1,
  0 0 -1,0 0 -1,
  0 0 -1,0 0 -1,
  0 0 -1,0 0 -1,
  0 0 -1,0 0 -1,
  0 0 -1,0 0 -1,
  0 0 -1,0 0 -1,
  0 0 -1,0 0 -1,
  0 0 -1,0 0 -1,
  0 0 -1,0 0 -1,
  0 0 -1,0 0 -1,
  0 0 -1,0 0 -1,
  0 0 -1,0 0 -1,
  0 0 -1,0 0 -1,
  0 0 -1,0 0 -1,
  0 0 -1,0 0 -1,
  0 0 -1,0 0 -1,
  0 0 -1,0 0 -1,
  0 0 -1,0 0 -1,
  0 0 -1,0 0 -1,
  0 0 -1,0 0 -1,
  0 0 -1,0 0 -1,
  0 0 -1,0 0 -1,
  0 0 -1,0 0 -1,
  0 0 -1,0 0 -1,
  0 0 -1,0 0 -1,
  0 0 -1,0 0 -1,
  0 0 -1,0 0 -1,
  0 0 -1,0 0 -1,
  0 0 -1,0 0 -1,
  0 0 -1,0 0 -1,
  0 0 -1,0 0 -1,
  0 0 -1,0 0 -1,
  0 0 -1,0 0 -1,
  0 0 -1,0 0 -1,
  0 0 -1,0 0 -1,
  0 0 -1,0 0 -1,
  0 0 -1,0 0 -1,
  0 0 -1,0 0 -1,
  0 0 -1,0 0 -1,
  0 0 -1,0 0 -1,
  0 0 -1,0 0 -1,
  0 0 -1,0 0 -1,
  0 0 -1,0 0 -1,
  0 0 -1,0 0 -1,
  0 0 -1,0 0 -1,
  0 0 -1,0 0 -1,
  0 0 -1,0 0 -1,
  0 0 -1,0 0 -1,
  0 0 -1,0 0 -1,
  0 0 -1,0 0 -1,
  0 0 -1,0 0 -1,
  0 0 -1,0 0 -1,
  0 0 -1,0 0 -1,
  0 0 -1,0 0 -1,
  0 0 -1,0 0 -1,
  0 0 -1,0 0 -1,
  0 0 -1,0 0 -1,
  0 0 -1,0 0 -1,
  0 0 -1,0 0 -1,
  0 0 -1,0 0 -1,
  0 0 -1,0 0 -1,
  0 0 -1,0 0 -1,
  0 0 -1,0 0 -1,
  0 0 -1,0 0 -1,
  0 0 -1,0 0 -1,
  0 0 -1,0 0 -1,
  0 0 -1,0 0 -1,
  0 0 -1,0 0 -1,
  0 0 -1,0 0 -1,
  0 0 -1,0 0 -1,
  0 0 -1,0 0 -1,
  0 0 -1,0 0 -1,
  0 0 -1,0 0 -1,
  0 0 -1,0 0 -1,
  0 0 -1,0 0 -1,
  0 0 -1,0 0 -1,
  0 0 -1,0 0 -1,
  0 0 -1,0 0 -1,
  0 0 -1,0 0 -1,
  0 0 -1,0 0 -1,
  0 0 -1,0 0 -1,
  0 0 -1,0 0 -1,
  0 0 -1,0 0 -1,
  0 0 -1,0 0 -1,
  0 0 -1,0 0 -1,
  0 0 -1,0 0 -1,
  0 0 -1,0 0 -1,
  0 0 -1,0 0 -1,
  0 0 -1,0 0 -1,
  0 0 -1,0 0 -1,
  0 0 -1,0 0 -1,
  0 0 -1,0 0 -1,
  0 0 -1,0 0 -1,
  0 0 -1,0 0 -1,
  0 0 -1,0 0 -1,
  0 0 -1,0 0 -1,
  0 0 -1,0 0 -1,
  0 0 -1,0 0 -1,
  0 0 -1,0 0 -1,
  0 0 -1,0 0 -1,
  0 0 -1,0 0 -1,
  0 0 -1,0 0 -1,
  0 0 -1,0 0 -1,
  0 0 -1,0 0 -1,
  0 0 -1,0 0 -1,
  0 0 -1,0 0 -1,
  0 0 -1,0 0 -1,
  0 0 -1,0 0 -1,
  0 0 -1,0 0 -1,
  0 0 -1,0 0 -1,
  0 0 -1,0 0 -1,
  0 0 -1,0 0 -1,
  0 0 -1,0 0 -1,
  0 0 -1,0 0 -1,
  0 0 -1,0 0 -1,
  0 0 -1,0 0 -1,
  0 0 -1,0 0 -1,
  0 0 -1,0 0 -1,
  0 0 -1,0 0 -1,
  0 0 -1,0 0 -1,
  0 0 -1,0 0 -1,
  0 0 -1,0 0 -1,
  0 0 -1,0 0 -1,
  0 0 -1,0 0 -1,
  0 0 -1,0 0 -1,
  0 0 -1,0 0 -1,
  0 0 -1,0 0 -1,
  0 0 -1,0 0 -1,
  0 0 -1,0 0 -1,
  0 0 -1,0 0 -1,
  0 0 -1,0 0 -1,
  0 0 -1,0 0 -1,
  0 0 -1,0 0 -1,
  0 0 -1,0 0 -1,
  0 0 -1,0 0 -1,
  0 0 -1,0 0 -1,
  0 0 -1,0 0 -1,
  0 0 -1,0 0 -1,
  0 0 -1,0 0 -1,
  0 0 -1,0 0 -1,
  0 0 -1,0 0 -1,
  0 0 -1,0 0 -1,
  0 0 -1,0 0 -1,
  0 0 -1,0 0 -1,
  0 0 -1,0 0 -1,
  0 0 -1,0 0 -1,
  0 0 -1,0 0 -1,
  0 0 -1,0 0 -1,
  0 0 -1,0 0 -1,
  0 0 -1,0 0 -1,
  0 0 -1,0 0 -1,
  0 0 -1,0 0 -1,
  0 0 -1,0 0 -1,
  0 0 -1,0 0 -1,
  0 0 -1,0 0 -1,
  0 0 -1,0 0 -1,
  0 0 -1,0 0 -1,
  0 0 -1,0 0 -1,
  0 0 -1,0 0 -1,
  0 0 -1,0 0 -1,
  0 0 -1,0 0 -1,
  0 0 -1,0 0 -1,
  0 0 -1,0 0 -1,
  0 0 -1,0 0 -1,
  0 0 -1,0 0 -1,
  0 0 -1,0 0 -1,
  0 0 -1,0 0 -1,
  0 0 -1,0 0 -1,
  0 0 -1,0 0 -1,
  0 0 -1,0 0 -1,
  0 0 -1,0 0 -1,
  0 0 -1,0 0 -1,
  0 0 -1,0 0 -1,
  0 0 -1,0 0 -1] }
}
}
] }
] }
